parkType,countryCode,countryName,name,latitude,longitude
national_park,AF,"Afghanistan","Ajar Valley",34,67
national_park,AF,"Afghanistan","Band-e Amir",34.839722222,67.230833333
national_park,AF,"Afghanistan","Nuristan",35.2,70.7
national_park,AL,"Albania","- Fir of Hotova",40.30361111,20.41111111
national_park,AL,"Albania","Albanian Alps",42.4554857,19.6381898
national_park,AL,"Albania","Butrint",39.746111,20.020278
national_park,AL,"Albania","Dajti",41.36583333,19.92555556
national_park,AL,"Albania","Divjakë-Karavasta",40.92416667,19.49305556
national_park,AL,"Albania","Fir of Drenovë",40.56619,20.82549
national_park,AL,"Albania","Llogara",40.21638889,19.57027778
national_park,AL,"Albania","Lurë-Dejë Mountain",41.783333333,20.183333333
national_park,AL,"Albania","Prespa",40.825555555,20.898611111
national_park,AL,"Albania","Shebenik",41.222643,20.450021
national_park,AL,"Albania","Shtamë Pass",41.52055556,19.89805556
national_park,AL,"Albania","Thethi",42.395833333,19.774444444
botanical_garden,AL,"Albania","Tirana",41.30991111,19.80604167
national_park,AL,"Albania","Tomorr Mountain",40.7,20.13333333
national_park,AL,"Albania","Valbonë Valley",42.45333333,19.88777778
national_park,AL,"Albania","Vjosa Wild River",40.124166666,20.4325
national_park,AL,"Albania","Zall-Gjoçaj",41.520556,19.898056
national_park,DZ,"Algeria","Belezma",35.58333,6.03333
theme_park,DZ,"Algeria","Ben Aknoun Park",36.744444444,3.008333333
national_park,DZ,"Algeria","Chrea",36.4,2.866666666
national_park,DZ,"Algeria","Djebel Aissa",32.873,-0.486
national_park,DZ,"Algeria","Djurdjura",36.4667,4.1333
national_park,DZ,"Algeria","El Kala",36.81666667,8.41666667
national_park,DZ,"Algeria","Gouraya",36.7667,5.1
botanical_garden,DZ,"Algeria","Hamma",36.748,3.076
theme_park,DZ,"Algeria","Kristel Park",35.843719828,-0.482176467
theme_park,DZ,"Algeria","Mostaland",35.955793132,0.0991824
national_park,DZ,"Algeria","Taza",36.7002,5.5594
national_park,DZ,"Algeria","Theniet El Had",35.853694444,1.968305555
national_park,DZ,"Algeria","Tlemcen",34.706346,-1.459733
theme_park,AD,"Andorra","Naturland",42.44138889,1.52833333
national_park,AO,"Angola","Bicuari",-15.333333333,14.833333333
national_park,AO,"Angola","Cameia",-11.88333333,21.66666667
national_park,AO,"Angola","Cangandala",-9.8,16.75
national_park,AO,"Angola","Iona",-16.66666667,12.33333333
national_park,AO,"Angola","Longa-Mavinga",-16.17,20.25
national_park,AO,"Angola","Luenge",-17.100972222,20.294055555
national_park,AO,"Angola","Luengue-Luiana",-16.58333333,21.83333333
national_park,AO,"Angola","Maiombe",-4.633333333,12.75
national_park,AO,"Angola","Mavinga",-16.17,20.25
national_park,AO,"Angola","Mucusso",-17.86666667,21.4
national_park,AO,"Angola","Mupa",-15.91666667,15.58333333
national_park,AO,"Angola","Quissama",-9.75,13.58333333
national_park,AI,"Anguilla","Fountain Cavern",18.257191,-63.026976
national_park,AR,"Argentina","Aconguija",-27.191215,-65.813987
national_park,AR,"Argentina","Aconquija",-27.292697487,-65.862865336
national_park,AR,"Argentina","Ansenuza",-30.333333333,-62.833333333
national_park,AR,"Argentina","Baritú",-22.583333,-64.616667
national_park,AR,"Argentina","Bosques Petrificados de Jaramillo",-47.6667,-68.1667
botanical_garden,AR,"Argentina","Buenos Aires",-34.582469444,-58.418597222
theme_park,AR,"Argentina","Buenos Aires Eco-Park",-34.58097222,-58.42
national_park,AR,"Argentina","Calilegua",-23.639,-64.838
national_park,AR,"Argentina","Campos del Tuyú",-36.35,-56.866666666
national_park,AR,"Argentina","Chaco",-26.83333,-59.66667
botanical_garden,AR,"Argentina","Chirau Mita",-29.16,-67.4875
national_park,AR,"Argentina","Ciervo de los Pantanos",-34.2525,-58.8678
national_park,AR,"Argentina","Copo",-25.96666667,-61.88333333
national_park,AR,"Argentina","El Impenetrable",-25.0095,-60.9959
national_park,AR,"Argentina","El Leoncito",-31.795809319,-69.333665024
national_park,AR,"Argentina","El Palmar",-31.85305556,-58.3225
national_park,AR,"Argentina","El Rey",-24.7,-64.63333333
botanical_garden,AR,"Argentina","El Rosedal De Palermo",-34.570633,-58.417287
national_park,AR,"Argentina","Iberá",-28.2605465,-58.6215364
national_park,AR,"Argentina","Iguazú",-25.683388888,-54.454777777
national_park,AR,"Argentina","Islas de Santa Fé",-32.433,-60.817
national_park,AR,"Argentina","Islote Lobos",-41.431944444,-65.058611111
theme_park,AR,"Argentina","Italpark",-34.58555556,-58.38611111
botanical_garden,AR,"Argentina","La municipalidad de Córdoba",-31.38638889,-64.24972222
botanical_garden,AR,"Argentina","La Plata",-34.9125,-57.93138889
botanical_garden,AR,"Argentina","La Plata Zoo and",-34.90968333,-57.93852778
national_park,AR,"Argentina","Lago Puelo",-42.183333333,-71.683333333
national_park,AR,"Argentina","Laguna Blanca",-39.041388888,-70.358333333
national_park,AR,"Argentina","Lanín",-40.1603,-71.3575
national_park,AR,"Argentina","Lihué Calel",-37.95,-65.65
botanical_garden,AR,"Argentina","Lorenzo Parodi",-31.5842478,-60.7073271
national_park,AR,"Argentina","Los Alerces",-42.8075,-71.89888889
national_park,AR,"Argentina","Los Arrayanes",-40.86139,-71.61944
national_park,AR,"Argentina","Los Cardones",-25.12533333,-66.18166667
national_park,AR,"Argentina","Los Glaciares",-50.330530387,-73.234164314
botanical_garden,AR,"Argentina","Lucien Hauman",-34.59077,-58.481549722
national_park,AR,"Argentina","Mburucuyá",-27.998622081,-58.00980969
national_park,AR,"Argentina","Monte León",-50.23333333,-69
national_park,AR,"Argentina","Nahuel Huapi",-41.003690915,-71.501456621
theme_park,AR,"Argentina","Parque de la Ciudad",-34.67175,-58.45108333
theme_park,AR,"Argentina","Parque de la Costa",-34.41819444,-58.57625
national_park,AR,"Argentina","Patagonia",-47.159166666,-71.316944444
national_park,AR,"Argentina","Perito Moreno",-47.81138889,-72.25055556
national_park,AR,"Argentina","Predelta",-32.15,-60.63333333
national_park,AR,"Argentina","Quebrada del Condorito",-31.66666667,-64.66666667
theme_park,AR,"Argentina","Republic of the Children",-34.887917,-58.021361
national_park,AR,"Argentina","Río Pilcomayo",-25.0644,-58.1367
national_park,AR,"Argentina","San Guillermo",-29.242418275,-69.353710734
national_park,AR,"Argentina","Sierra de las Quijadas",-32.55083333,-67.06416667
botanical_garden,AR,"Argentina","South rose garden",-34.615267043,-58.359862597
national_park,AR,"Argentina","Talampaya",-29.79575,-67.811194
national_park,AR,"Argentina","Tierra del Fuego",-54.666944444,-68.5
theme_park,AR,"Argentina","Tierra Santa",-34.5472,-58.4325
national_park,AR,"Argentina","Traslasierra",-31.158333,-65.459444
botanical_garden,AR,"Argentina","Ushuaia",-54.786298122,-68.283007416
national_park,AM,"Armenia","Arevik",39,46.15
national_park,AM,"Armenia","Dilijan",40.65638889,45.02138889
national_park,AM,"Armenia","Lake Arpi",41.054444,43.643056
theme_park,AM,"Armenia","Play City",40.2183,44.5574
national_park,AM,"Armenia","Sevan",40.34611111,45.33444444
botanical_garden,AM,"Armenia","Sevan",40.557203,44.969508
botanical_garden,AM,"Armenia","Vanadzor",40.81666667,44.5
botanical_garden,AM,"Armenia","Yerevan",40.21083,44.557064
theme_park,AM,"Armenia","Yerevan Park",40.182862269,44.476239511
theme_park,AM,"Armenia","Yerevan Water World",40.2049,44.5582
national_park,AW,"Aruba","Arikok",12.4988,-69.92654
theme_park,AU,"Australia","ABC Kids World",-27.8638,153.318
national_park,AU,"Australia","Abercrombie River",-34.098333333,149.6677778
botanical_garden,AU,"Australia","Adelaide",-34.9175,138.6125
national_park,AU,"Australia","Adelaide International Bird Sanctuary National Park - Winaityinaityi Pangkara",-34.5944,138.398
national_park,AU,"Australia","Adelyne CCA Zone 3 State Conservation Area",-31.957,149.257
theme_park,AU,"Australia","Adventure Park",-38.2092,144.515
theme_park,AU,"Australia","Adventure World",-32.095628701,115.818099408
national_park,AU,"Australia","Albinia",-24.4748351,148.4923599
botanical_garden,AU,"Australia","Albury",-36.081,146.909
national_park,AU,"Australia","Alexander Morrison",-30.0839,115.486
botanical_garden,AU,"Australia","Alexandra Gardens",-37.2803373,142.9294159
national_park,AU,"Australia","Alfred",-37.571388888,149.360277777
botanical_garden,AU,"Australia","Alfred Nicholas Memorial Garden",-37.874166666,145.359166666
botanical_garden,AU,"Australia","Alice Springs Desert Park",-23.7065,133.833
botanical_garden,AU,"Australia","Alister Clark Memorial Rose Garden",-37.6367,144.804
national_park,AU,"Australia","Alligator Gorge",-32.787880555,138.069461111
national_park,AU,"Australia","Alpine",-37.3375,146.757
national_park,AU,"Australia","Alton",-27.989722222,149.313333333
national_park,AU,"Australia","Alwal",-15.2033799,143.5800908
national_park,AU,"Australia","Amamoor",-26.3245929,152.6457223
botanical_garden,AU,"Australia","Anderson Park, Townsville",-19.2914,146.785
national_park,AU,"Australia","Angourie",-29.8152,153.2679
national_park,AU,"Australia","Annan River (Yuku Baja-Muliku)",-15.5665902,145.2069207
national_park,AU,"Australia","Apsley Gorge",-31.098333333,151.9011111
national_park,AU,"Australia","Apudthama National Park Aboriginal",-11.331,142.606
national_park,AU,"Australia","Arakoon",-30.88,153.07
national_park,AU,"Australia","Arakwal",-28.6603,153.621
botanical_garden,AU,"Australia","Araluen Botanic Park",-32.11877,116.10128
national_park,AU,"Australia","Astrebla Downs",-24.211388888,140.569166666
botanical_garden,AU,"Australia","Atherton Arboretum",-17.2586445,145.4850209
theme_park,AU,"Australia","Atlantis Marine Park",-31.4963,115.586
botanical_garden,AU,"Australia","Auburn",-33.8588,151.017
national_park,AU,"Australia","Auburn River",-25.721666666,151.051944444
theme_park,AU,"Australia","Aussie World",-26.7502,153.047
botanical_garden,AU,"Australia","Australian Arid Lands",-32.4616,137.743
botanical_garden,AU,"Australia","Australian Inland",-34.136,142.139
botanical_garden,AU,"Australia","Australian National",-35.278888888,149.109166666
theme_park,AU,"Australia","Australian Wildlife Experience",-27.8617,153.318
national_park,AU,"Australia","Avon Valley",-31.625,116.183611111
national_park,AU,"Australia","Avon Wilderness Park",-37.6125,146.843
national_park,AU,"Australia","Badgingarra",-30.4686,115.44
national_park,AU,"Australia","Baga",-23.214722222,150.628611111
national_park,AU,"Australia","Bago Bluff",-31.5322,152.629
national_park,AU,"Australia","Bald Rock",-28.848333333,152.0511111
botanical_garden,AU,"Australia","Ballarat",-37.5467,143.822
national_park,AU,"Australia","Ban Ban",-25.834169444,151.963061111
national_park,AU,"Australia","Bangadilly",-34.4642495,150.17701149
national_park,AU,"Australia","Bania",-24.9806596,151.4825372
national_park,AU,"Australia","Barakee",-31.641666666,151.851666666
national_park,AU,"Australia","Barayamal",-29.7901,151.1523
national_park,AU,"Australia","Barmah",-35.866666666,145.118055555
national_park,AU,"Australia","Barnard Island Group",-17.674722222,146.172777777
national_park,AU,"Australia","Barool",-29.660277777,152.1925
botanical_garden,AU,"Australia","Barossa Bushgardens",-34.468988,139.0088599
national_park,AU,"Australia","Barranyi (North Island)",-15.5694,136.869
national_park,AU,"Australia","Barrington Tops",-32.048333333,151.5011111
national_park,AU,"Australia","Barron Gorge",-16.8428,145.652
national_park,AU,"Australia","Basilisk Range",-17.6943897,145.9778132
national_park,AU,"Australia","Basket Swamp",-28.933055555,152.153055555
national_park,AU,"Australia","Batavia National Park Aboriginal",-12.404,142.71
national_park,AU,"Australia","Baw Baw",-37.7639,146.223
theme_park,AU,"Australia","Beach Break Bay",-27.95765,153.425613
national_park,AU,"Australia","Beelu",-31.9544,116.15
national_park,AU,"Australia","Beeron",-26.0064342,151.3145182
national_park,AU,"Australia","Belair",-35.013055555,138.655833333
national_park,AU,"Australia","Belford",-32.64956528,151.29624367
botanical_garden,AU,"Australia","Bellingen Hospital Grounds",-30.4567063,152.89364
national_park,AU,"Australia","Bellinger River",-30.415,152.7011111
national_park,AU,"Australia","Bellthorpe",-26.8918025,152.6790973
national_park,AU,"Australia","Ben Halls Gap",-31.615,151.2177778
national_park,AU,"Australia","Ben Lomond",-41.55,147.666667
botanical_garden,AU,"Australia","Benalla",-36.5533,145.978
national_park,AU,"Australia","Benambra",-35.78606988,147.09560394
national_park,AU,"Australia","Benarkin",-26.760561111,152.170561111
national_park,AU,"Australia","Bendick Murrell",-34.06,148.45
national_park,AU,"Australia","Bendidee",-28.300277777,150.517777777
botanical_garden,AU,"Australia","Bendigo",-36.723972222,144.310083333
botanical_garden,AU,"Australia","Bendora Arboretum",-35.4233,148.797
national_park,AU,"Australia","Beni CCA Zone 3 State Conservation Area",-32.255,148.748
national_park,AU,"Australia","Beninbi",-25.8834597,151.7400064
national_park,AU,"Australia","Beowa",-37.165,150.0011111
national_park,AU,"Australia","Berowra Valley",-33.64,151.09
national_park,AU,"Australia","Biamanga",-36.451111111,149.941944444
national_park,AU,"Australia","Biddon CCA Zone 3 State Conservation Area",-31.603,148.837
theme_park,AU,"Australia","Big Banana",-30.274805555,153.133916666
botanical_garden,AU,"Australia","Big Brook Forest Arboretum",-34.4039134,116.0043392
national_park,AU,"Australia","Big Heath",-37.108019444,140.5732
theme_park,AU,"Australia","Big Splash",-35.251,149.07
theme_park,AU,"Australia","Bigge Park Water Playground",-33.92237,150.92839
national_park,AU,"Australia","Bimberamala",-35.486944444,150.113888888
national_park,AU,"Australia","Bindarri",-30.295,152.933
national_park,AU,"Australia","Bingara CCA Zone 3 State Conservation Area",-29.862,150.482
national_park,AU,"Australia","Bingera",-25.0277748,152.3157947
national_park,AU,"Australia","Biniirr National Park Aboriginal",-15.146,144.96
national_park,AU,"Australia","Binya",-28.8467689,145.6119765
national_park,AU,"Australia","Biriwal Bulga",-31.507222222,152.306388888
national_park,AU,"Australia","Blackbraes",-19.478888888,144.181388888
national_park,AU,"Australia","Blackdown Tableland",-23.7236,149.06
national_park,AU,"Australia","Blackwood",-21.461666666,146.715
national_park,AU,"Australia","Blackwood River",-34.0670547,115.4329705
national_park,AU,"Australia","Bladensburg",-22.6525,143.057222222
national_park,AU,"Australia","Blue Lake",-27.532593,153.477436
national_park,AU,"Australia","Blue Mountains",-33.797222222,150.4452778
botanical_garden,AU,"Australia","Blue Mountains",-33.5391,150.423
national_park,AU,"Australia","Bluff Hill",-21.054851,148.7773749
national_park,AU,"Australia","Bobbiwaa CCA Zone 3 State Conservation Area",-30.14,149.896
national_park,AU,"Australia","Bogong",-36.86375,147.349030555
botanical_garden,AU,"Australia","Bold Park",-31.946,115.771
national_park,AU,"Australia","Bongil Bongil",-30.398611111,153.034722222
botanical_garden,AU,"Australia","Bongil Bongil Garden",-30.1731,152.9913
national_park,AU,"Australia","Booderee",-35.15083333,150.64527778
botanical_garden,AU,"Australia","Booderee",-35.1445908,150.6735325
national_park,AU,"Australia","Boodjamulla (Lawn Hill)",-18.7014,138.488
national_park,AU,"Australia","Boonoo Boonoo",-28.8175,152.178333333
national_park,AU,"Australia","Boorabbin",-31.2383,120.169
national_park,AU,"Australia","Boorara-Gardner",-34.7114879,116.1866723
national_park,AU,"Australia","Booti Booti",-32.281666666,152.5177778
national_park,AU,"Australia","Border Ranges",-28.359722222,152.986111111
botanical_garden,AU,"Australia","Botanic Park",-34.9146,138.611
national_park,AU,"Australia","Bouddi",-33.498333333,151.4177778
national_park,AU,"Australia","Bournda",-36.813379394,149.93470686
national_park,AU,"Australia","Bowling Green Bay",-19.213333333,147.033888888
national_park,AU,"Australia","Boyndaminup",-34.5186912,116.5638349
national_park,AU,"Australia","Brampton Islands",-20.793161111,149.284419444
national_park,AU,"Australia","Breelong CCA Zone 1",-31.8596,148.7379
national_park,AU,"Australia","Bribie Island",-26.867222222,153.126666666
national_park,AU,"Australia","Brindabella",-35.238611111,148.8011111
national_park,AU,"Australia","Brindingabba",-29.094,144.886
botanical_garden,AU,"Australia","Brisbane Botanic Gardens, Mount Coot-tha",-27.4765,152.976
national_park,AU,"Australia","Brisbane Ranges",-37.7953,144.279
national_park,AU,"Australia","Brisbane Water",-33.459444444,151.3011111
national_park,AU,"Australia","Broad Sound Islands",-21.813611111,149.787222222
national_park,AU,"Australia","Broadwater",-29.053888888,153.41
national_park,AU,"Australia","Brockman",-34.5144,115.996
national_park,AU,"Australia","Bromley (Ampulin) National Park Aboriginal",-12.122,142.986
national_park,AU,"Australia","Bromley (Kungkaychi) National Park Aboriginal",-12.518,142.943
national_park,AU,"Australia","Brook Islands",-18.141388888,146.282222222
botanical_garden,AU,"Australia","Brookvale Park",-27.4420062,151.6259638
botanical_garden,AU,"Australia","Brunswick Valley Heritage Park",-28.5482676,153.498812
national_park,AU,"Australia","Budawang",-35.498333333,150.0011111
national_park,AU,"Australia","Budderoo",-34.648333333,150.7011111
national_park,AU,"Australia","Budj Bim",-38.078888888,141.888611111
national_park,AU,"Australia","Bugong",-34.825,150.44306
national_park,AU,"Australia","Bulburin",-24.6490873,151.5079648
national_park,AU,"Australia","Bulga",-38.420969444,146.57625
national_park,AU,"Australia","Bullala CCA Zone 1",-29.3702,150.3563
national_park,AU,"Australia","Bullawa Creek CCA Zone 3 State Conservation Area",-30.34,149.893
national_park,AU,"Australia","Bulleringa",-17.5803,143.829
botanical_garden,AU,"Australia","Bundaberg",-24.8541085,152.3371065
national_park,AU,"Australia","Bundjalung",-29.331666666,153.3344444
national_park,AU,"Australia","Bungawalbin",-29.098055555,153.143888888
national_park,AU,"Australia","Bungonia",-34.79722222,150.01638889
botanical_garden,AU,"Australia","Buninyong",-37.65,143.884
national_park,AU,"Australia","Bunuba",-17.9347,125.8718
national_park,AU,"Australia","Bunurong Marine",-38.691,145.656
national_park,AU,"Australia","Bunya Mountains",-26.799444444,151.536944444
national_park,AU,"Australia","Bunya Mountains National Park (Recovery)",-26.82667,151.58221
national_park,AU,"Australia","Burleigh Head",-28.095277777,153.457222222
botanical_garden,AU,"Australia","Burnley Gardens",-37.82925,145.022166666
national_park,AU,"Australia","Burral Yurrul CCA Zone 1",-29.0866,150.8253
botanical_garden,AU,"Australia","Burrendong and Arboretum",-32.698611111,149.101111111
national_park,AU,"Australia","Burrendong Dam",-32.6985,149.117911111
botanical_garden,AU,"Australia","Burringbar",-28.4486119,153.4440215
national_park,AU,"Australia","Burringurrah",-24.629,116.813
national_park,AU,"Australia","Burrowa - Pine Mountain",-36.09,147.758
national_park,AU,"Australia","Burrum Coast",-24.999166666,152.4675
national_park,AU,"Australia","Bushy Island",-20.952319444,150.073288888
national_park,AU,"Australia","Butterleaf",-29.518888888,152.011944444
national_park,AU,"Australia","Byfield",-22.783888888,150.731666666
botanical_garden,AU,"Australia","Cairns",-16.8994,145.74837
national_park,AU,"Australia","Calectasia",-37.357588888,140.550580555
national_park,AU,"Australia","Camooweal Caves",-20.01916667,138.19
botanical_garden,AU,"Australia","Camperdown",-38.23695,143.11773
national_park,AU,"Australia","Cania Gorge",-24.66,150.989444444
national_park,AU,"Australia","Canunda",-37.7156,140.283
national_park,AU,"Australia","Cape Arid",-33.7039,123.369
national_park,AU,"Australia","Cape Gantheaume",-35.988930555,137.455580555
national_park,AU,"Australia","Cape Hart",-35.861811111,138.080769444
national_park,AU,"Australia","Cape Hillsborough",-20.8989,148.994
national_park,AU,"Australia","Cape Howe Marine",-37.53333333,149.95
national_park,AU,"Australia","Cape Le Grand",-33.9469,122.156
national_park,AU,"Australia","Cape Melville National Park (Cape York Peninsula Aboriginal Land)",-14.2764,144.516
national_park,AU,"Australia","Cape Palmerston",-21.590277777,149.4275
national_park,AU,"Australia","Cape Range",-22.1233,113.921
national_park,AU,"Australia","Cape Range (South)",-22.5886,113.7251
national_park,AU,"Australia","Cape Upstart",-19.713333333,147.760833333
national_park,AU,"Australia","Capertee",-33.0318,150.0346
national_park,AU,"Australia","Capoompeta",-29.392777777,152.008888888
national_park,AU,"Australia","Capricorn Coast",-23.122222222,150.743888888
national_park,AU,"Australia","Capricornia Cays",-23.809519444,152.288561111
botanical_garden,AU,"Australia","Carlton Gardens",-37.8061,144.97
national_park,AU,"Australia","Carnarvon",-24.6358,147.997
national_park,AU,"Australia","Carrai",-30.893055555,152.241944444
national_park,AU,"Australia","Cascade",-30.258055555,152.808611111
national_park,AU,"Australia","Castle Tower",-24.1575,151.306944444
botanical_garden,AU,"Australia","Castlemaine",-37.05262,144.21557
national_park,AU,"Australia","Cataract",-28.73944444,152.33608246
national_park,AU,"Australia","Cathedral Rock",-30.415,152.2511111
national_park,AU,"Australia","Cattai",-33.5472,150.897
national_park,AU,"Australia","Chaelundi",-29.944166666,152.510833333
national_park,AU,"Australia","Charles Darwin",-12.45083333,130.87333333
national_park,AU,"Australia","Cherbourg",-26.4112683,151.9919941
national_park,AU,"Australia","Chesterton Range",-26.154166666,147.324166666
national_park,AU,"Australia","Chillagoe-Mungana Caves",-17.091666666,144.393055555
national_park,AU,"Australia","Chiltern-Mt Pilot",-36.1331,146.601
national_park,AU,"Australia","Christmas Island",-10.49153,105.62316
national_park,AU,"Australia","Churchill",-37.9514,145.26
national_park,AU,"Australia","Churchill Island Marine",-38.498,145.317
botanical_garden,AU,"Australia","City",-27.4747,153.03
national_park,AU,"Australia","Claremont Isles",-13.911111111,143.833888888
national_park,AU,"Australia","Cleland",-34.9675,138.695833333
national_park,AU,"Australia","Clements Gap Conservation Park",-33.49232,138.0761
national_park,AU,"Australia","Clump Mountain",-17.820277777,146.095555555
national_park,AU,"Australia","Clyde River",-35.678333333,150.149166666
national_park,AU,"Australia","Coalstoun Lakes",-25.5978,151.909
national_park,AU,"Australia","Cobboboonee",-38.1264,141.446
national_park,AU,"Australia","Cobbora CCA Zone 3 State Conservation Area",-32.04,149.168
national_park,AU,"Australia","Cocoparra",-34.131666666,146.2177778
national_park,AU,"Australia","Cod Grounds Marine Park",-31.681111,152.910278
national_park,AU,"Australia","Coffin Bay",-34.5822,135.322
botanical_garden,AU,"Australia","Colac",-38.3329,143.591
national_park,AU,"Australia","Collier Range",-24.6236,119.272
national_park,AU,"Australia","Columbey",-32.58782691,151.73732758
national_park,AU,"Australia","Conimbla",-33.748333333,148.439166666
national_park,AU,"Australia","Conjola",-35.249166666,150.475833333
national_park,AU,"Australia","Conondale",-26.663055555,152.645555555
national_park,AU,"Australia","Conway",-20.263333333,148.765
botanical_garden,AU,"Australia","Cook Park, Orange",-33.2833192,149.089756
botanical_garden,AU,"Australia","Cooktown",-15.4720391,145.260049
national_park,AU,"Australia","Coolah Tops",-31.750833333,150.071388888
botanical_garden,AU,"Australia","Coolgardie Arboretum",-30.95403,121.16234
national_park,AU,"Australia","Coopracambra",-37.3114,149.22
national_park,AU,"Australia","Coorabakh",-31.712222222,152.5225
national_park,AU,"Australia","Coorong",-36.049166666,139.553611111
national_park,AU,"Australia","Cordalba",-25.1153518,152.0962645
national_park,AU,"Australia","Corner Inlet Marine",-38.76666667,146.33333333
national_park,AU,"Australia","Cottan-Bimbang",-31.350555555,152.133888888
national_park,AU,"Australia","Couradda CCA Zone 1",-30.0878,149.9279
national_park,AU,"Australia","Cowaramup",-33.872419444,114.9904
national_park,AU,"Australia","Cradle Mountain-Lake St Clair",-41.830277777,145.924166666
national_park,AU,"Australia","Crater Lakes",-17.245833333,145.628888888
national_park,AU,"Australia","Crawney Pass CCA Zone 1",-31.5866,151.0476
national_park,AU,"Australia","Croajingolong",-37.6167,149.4667
national_park,AU,"Australia","Crooked Creek CCA Zone 1",-29.2416,151.2611
national_park,AU,"Australia","Crowdy Bay",-31.831666666,152.6677778
national_park,AU,"Australia","Crows Nest",-27.253888888,152.074166666
national_park,AU,"Australia","Cudgegong River",-32.6152,149.2512
national_park,AU,"Australia","Cudmore",-22.9409,146.2939
national_park,AU,"Australia","Culgoa",-29.080555555,147.035277777
national_park,AU,"Australia","Culgoa Floodplain",-28.8225,146.825833333
national_park,AU,"Australia","Cunnawarra",-30.624722222,152.217222222
national_park,AU,"Australia","Curracabundi",-31.6457826,151.61956787
national_park,AU,"Australia","Currawinya",-28.783702777,144.478011111
botanical_garden,AU,"Australia","Currency Creek Arboretum",-35.428856,138.7614977
national_park,AU,"Australia","Curtain Fig",-17.28583333,145.57361111
national_park,AU,"Australia","Curtis Island",-23.530277777,151.221111111
national_park,AU,"Australia","D'Aguilar",-27.308888888,152.777777777
national_park,AU,"Australia","D'Entrecasteaux",-34.7469,116.115
national_park,AU,"Australia","Daarrba National Park (Cape York Peninsula Aboriginal Land)",-15.0692,145.123
national_park,AU,"Australia","Daintree",-16.3,145.2
national_park,AU,"Australia","Dalgaranga",-27.818,117.111
national_park,AU,"Australia","Dalgarup",-33.9845943,115.9860788
national_park,AU,"Australia","Dalrymple",-19.787777777,146.099444444
botanical_garden,AU,"Australia","Dame Elisabeth Murdoch Arboretum",-38.1550287,145.1759996
national_park,AU,"Australia","Dan Dan",-24.15945,151.066669444
botanical_garden,AU,"Australia","Dan Gleeson Memorial Gardens",-19.3061701,146.732192
national_park,AU,"Australia","Danbulla",-17.15333333,145.54638889
national_park,AU,"Australia","Dandenong Ranges",-37.8103,145.386
botanical_garden,AU,"Australia","Dandenong Ranges",-37.8522,145.369
national_park,AU,"Australia","Davies Creek",-17.009722222,145.581666666
national_park,AU,"Australia","Dawes",-24.65,151.208330555
national_park,AU,"Australia","Deep Creek",-35.6328,138.2518
national_park,AU,"Australia","Deepwater",-24.261111111,151.891944444
national_park,AU,"Australia","Deer Reserve",-27.085607,152.5268846
botanical_garden,AU,"Australia","Demesne Farm Minor Arboretum",-32.2543819,152.4533684
national_park,AU,"Australia","Denham Group",-11.108888888,143.015833333
botanical_garden,AU,"Australia","Derby",-17.3035226,123.628317
national_park,AU,"Australia","Deua",-35.915,149.7511111
national_park,AU,"Australia","Dharawal",-34.203852,150.851526
national_park,AU,"Australia","Dharug",-33.365,151.0844444
national_park,AU,"Australia","Dhilba Guuranda-Innes",-35.2278,136.895
national_park,AU,"Australia","Diamantina",-23.357222222,141.136111111
national_park,AU,"Australia","Dinden",-17.00972222,145.61666667
theme_park,AU,"Australia","Dinosaur World",-37.424,143.893
national_park,AU,"Australia","Dipperu",-21.938055555,148.715277777
national_park,AU,"Australia","Dirk Hartog Island",-25.82027778,113.07944444
national_park,AU,"Australia","Discovery Bay Marine",-38.35,141.36666667
national_park,AU,"Australia","Djiru",-17.89166667,146.06166667
national_park,AU,"Australia","Djukbinj",-12.1333,131.286
national_park,AU,"Australia","Dooragan",-31.664444444,152.773888888
national_park,AU,"Australia","Dorrigo",-30.381666666,152.7511111
national_park,AU,"Australia","Douglas-Apsley",-41.7583,148.199
national_park,AU,"Australia","Dowe CCA Zone 1",-30.7897,150.4962
theme_park,AU,"Australia","Dreamland",-37.868036,144.976369
theme_park,AU,"Australia","DreamWorks Experience",-27.8641,153.317
theme_park,AU,"Australia","Dreamworld",-27.864,153.316
national_park,AU,"Australia","Drillwarrina CCA Zone 1",-31.8802,148.5461
national_park,AU,"Australia","Drovers Cave",-30.234444444,115.087777777
national_park,AU,"Australia","Dryander",-20.218055555,148.565833333
botanical_garden,AU,"Australia","Dryandra Inland Arboretum",-32.7821858,116.9687799
national_park,AU,"Australia","Dryandra Woodland",-32.7833,116.967
national_park,AU,"Australia","Drysdale River",-15.1614,126.776
national_park,AU,"Australia","Dthinna Dthinnawan CCA Zone 1",-28.811111111,150.858333333
botanical_garden,AU,"Australia","Dubbo Regional",-32.2529571,148.6347917
national_park,AU,"Australia","Dularcha",-26.776666666,152.961111111
national_park,AU,"Australia","Dulcie Range",-22.5778,135.608
botanical_garden,AU,"Australia","Dulegal Native Plant Arboretum",-31.3439174,151.1438222
national_park,AU,"Australia","Dunggir",-30.676666666,152.651944444
botanical_garden,AU,"Australia","Dunkeld Arboretum",-37.6450934,142.3517456
national_park,AU,"Australia","Durridgere CCA Zone 3 State Conservation Area",-32.117,149.869
botanical_garden,AU,"Australia","East Gippsland Species Garden",-37.8764869,147.929337
national_park,AU,"Australia","Easter",-34.2022268,115.7951481
national_park,AU,"Australia","Edel Land",-26.151388888,113.155
botanical_garden,AU,"Australia","EG Waterhouse National Camellia Gardens",-34.0424524,151.1121159
theme_park,AU,"Australia","El Caballo Blanco",-34.0097,150.775
theme_park,AU,"Australia","El Caballo Blanco, Wooroloo",-31.8074827,116.3589729
national_park,AU,"Australia","Ella Bay",-17.395555555,146.056666666
national_park,AU,"Australia","Elsey",-14.9531,133.193
botanical_garden,AU,"Australia","Emerald",-23.5314446,148.1655102
botanical_garden,AU,"Australia","Emu Creek Arboretum",-36.86755,144.34983
national_park,AU,"Australia","Endeavour River",-15.4419,145.217
national_park,AU,"Australia","Epping Forest",-22.351666666,146.701388888
national_park,AU,"Australia","Eric Bonython",-35.600919444,138.329711111
national_park,AU,"Australia","Erringibba",-27.290277777,149.704166666
national_park,AU,"Australia","Errinundra",-37.2858,148.895
national_park,AU,"Australia","Errk Oykangand",-15.4694,142.085
national_park,AU,"Australia","Esk",-27.294719444,152.319719444
national_park,AU,"Australia","Eubenangee Swamp",-17.4233,145.957
national_park,AU,"Australia","Eucla",-31.6803,128.945
national_park,AU,"Australia","Eudlo Creek",-26.706944444,152.961944444
national_park,AU,"Australia","Eungella",-21.04305,148.627780555
national_park,AU,"Australia","Eurimbula",-24.176111111,151.7825
national_park,AU,"Australia","Eurobodalla",-36.121944444,150.1247222
botanical_garden,AU,"Australia","Eurobodalla Regional",-35.6864,150.1649
national_park,AU,"Australia","Everlasting Swamp",-29.5259,153.0485
national_park,AU,"Australia","Expedition",-25.128888888,148.865555555
national_park,AU,"Australia","Expedition (Limited Depth)",-25.34056,149.03305
botanical_garden,AU,"Australia","Fairhill Native Plants and",-26.5372594,152.9639093
national_park,AU,"Australia","Fairlies Knob",-25.505,152.293055555
national_park,AU,"Australia","Fairview Conservation Park",-36.83066,140.41095
theme_park,AU,"Australia","Fairy Park",-37.8917,144.26
theme_park,AU,"Australia","Fairyland, Lane Cove River",-33.798351,151.149661
national_park,AU,"Australia","Family Islands",-17.925833333,146.135277777
botanical_garden,AU,"Australia","Fangorn",-30.4868791,151.5969357
national_park,AU,"Australia","Ferntree Creek",-26.605277777,152.963888888
national_park,AU,"Australia","Ferntree Gully",-37.879861111,145.318188888
national_park,AU,"Australia","Finke Gorge",-24.1447,132.818
national_park,AU,"Australia","Finucane Island",-17.62333333,139.77833333
national_park,AU,"Australia","Fitzgerald River",-33.9475,119.615
national_park,AU,"Australia","Fitzroy Caves",-23.156761111,150.459411111
national_park,AU,"Australia","Fitzroy Island",-16.93,145.992222222
national_park,AU,"Australia","Fitzroy River",-17.516,126.333
botanical_garden,AU,"Australia","Flecker",-16.8991,145.7476
national_park,AU,"Australia","Flinders Chase",-35.9772,136.673
national_park,AU,"Australia","Flinders Group National Park (Cape York Peninsula Aboriginal Land)",-14.07361111,144.25583333
national_park,AU,"Australia","Forest Den",-22.12166667,145.17527778
national_park,AU,"Australia","Forest Grove",-34.1047119,115.1326301
national_park,AU,"Australia","Fort Lytton",-27.412222222,153.15
national_park,AU,"Australia","Fortis Creek",-29.429722222,152.879444444
national_park,AU,"Australia","Forty Mile Scrub",-18.0894,144.862
national_park,AU,"Australia","Francois Peron",-25.6994,113.552
national_park,AU,"Australia","Frank Hann",-32.9281,120.237
national_park,AU,"Australia","Frankland Group",-17.163611111,146.011666666
national_park,AU,"Australia","Franklin-Gordon Wild Rivers",-42.4094,146.032
national_park,AU,"Australia","French Island",-38.3307,145.388
national_park,AU,"Australia","French Island Marine",-38.3,145.36666667
national_park,AU,"Australia","Frenchmans Cap",-42.266669444,145.833330555
national_park,AU,"Australia","Freshwater",-27.175555555,152.989722222
national_park,AU,"Australia","Freycinet",-42.05,148.283333
botanical_garden,AU,"Australia","Friends of the Warbys Arboretum",-36.3425246,146.2040815
theme_park,AU,"Australia","Funfields",-37.5208,145.113
national_park,AU,"Australia","Gaagal Wanggaan (South Beach)",-30.6689237,153.00075531
national_park,AU,"Australia","Gadgarra",-17.3200761,145.7196901
botanical_garden,AU,"Australia","Galaringi Botanic Parkland",-33.783948,151.053324
national_park,AU,"Australia","Gardens of Stone",-33.154619444,150.040969444
national_park,AU,"Australia","Garig Gunak Barlu",-11.36555556,132.23972222
national_park,AU,"Australia","Garigal",-33.7058,151.236
national_park,AU,"Australia","Garrawilla CCA Zone 1",-31.113,149.639
national_park,AU,"Australia","Gatton",-27.6058087,152.3017645
national_park,AU,"Australia","Gawler Ranges",-32.5539,135.464
botanical_garden,AU,"Australia","Gayndah and Pioneer Place",-25.6231672,151.637449
botanical_garden,AU,"Australia","Geelong",-38.15,144.3781
national_park,AU,"Australia","Geham",-27.3883428,152.0375463
national_park,AU,"Australia","Geikie Gorge",-18.0772,125.714
botanical_garden,AU,"Australia","George Brown Darwin",-12.445,130.836
botanical_garden,AU,"Australia","George Pentland",-38.1529499,145.1287975
botanical_garden,AU,"Australia","George Tindale Memorial Garden",-37.8802424,145.3659338
national_park,AU,"Australia","Georges River",-33.9828,151.032
national_park,AU,"Australia","Ghin-Doo-Ee",-32.262222222,152.116944444
national_park,AU,"Australia","Gibraltar Range",-29.554444444,152.323888888
national_park,AU,"Australia","Gir-um-bit",-32.71104439,151.96838379
national_park,AU,"Australia","Giralia",-22.936,115.982
national_park,AU,"Australia","Girramay",-18.0447,146.028
national_park,AU,"Australia","Girraween",-28.7742,151.912
national_park,AU,"Australia","Girringun",-18.08333333,145.58333333
botanical_garden,AU,"Australia","Gisborne",-37.48414,144.58824
national_park,AU,"Australia","Glass House Mountains",-26.8475,152.954
national_park,AU,"Australia","Glastonbury",-26.29083,152.50861
national_park,AU,"Australia","Glenaladale",-37.710138888,147.347369444
national_park,AU,"Australia","Glenbar",-25.856111111,152.359722222
botanical_garden,AU,"Australia","Glenbrook Native Plant Reserve",-33.7642454,150.6252432
national_park,AU,"Australia","Glenthorne National Park-Ityamaiitpinna Yarta",-35.053055555,138.545
national_park,AU,"Australia","Gloucester",-34.4444,116.059
national_park,AU,"Australia","Gloucester Island",-20.01527778,148.455
botanical_garden,AU,"Australia","Gold Coast Regional",-28.0083,153.385
botanical_garden,AU,"Australia","Golden Valley Tree Park",-33.8024059,115.9943018
national_park,AU,"Australia","Goldfields Woodlands",-31.2146643,120.537401
national_park,AU,"Australia","Goneaway",-23.76722222,142.22972222
national_park,AU,"Australia","Goobang",-32.751111111,148.3344444
national_park,AU,"Australia","Good Night Scrub",-25.22194444,151.92
national_park,AU,"Australia","Goodedulla",-23.25416667,149.75805556
national_park,AU,"Australia","Goodiman CCA Zone 3 State Conservation Area",-32.223,149.376
national_park,AU,"Australia","Goolawah",-31.22513296,152.96041489
national_park,AU,"Australia","Goold Island",-18.16694444,146.17111111
national_park,AU,"Australia","Goomboorian",-26.1814406,152.7896198
botanical_garden,AU,"Australia","Goondiwindi of the Western Woodlands",-28.53184,150.27982
national_park,AU,"Australia","Goonengerry",-28.579722222,153.404722222
national_park,AU,"Australia","Goongarrie",-30.0022,121.531
national_park,AU,"Australia","Goonoo CCA Zone 1",-32.048,148.76
national_park,AU,"Australia","Goonoo CCA Zone 3 State Conservation Area",-31.981,148.95
national_park,AU,"Australia","Goonoowigal CCA Zone 3 State Conservation Area",-29.826,151.15
national_park,AU,"Australia","Gooseberry Hill",-31.9394191,116.0488171
national_park,AU,"Australia","Goulburn River",-32.248333333,150.0011111
national_park,AU,"Australia","Gourock",-35.97056,149.55917
national_park,AU,"Australia","Grampians (Gariwerd)",-37.2078,142.4
national_park,AU,"Australia","Great Australian Bight Marine",-31.914866666,131.440430555
national_park,AU,"Australia","Great Basalt Wall",-19.88111111,145.72138889
national_park,AU,"Australia","Great Otway",-38.7733,143.557
national_park,AU,"Australia","Great Sandy",-25.045,153.20972222
botanical_garden,AU,"Australia","Great Sandy Region",-25.2900856,152.8945259
national_park,AU,"Australia","Greater Beedelup",-34.4183,115.878
national_park,AU,"Australia","Greater Bendigo",-36.6739,144.255
national_park,AU,"Australia","Greater Dordagup",-34.501608,116.2883306
national_park,AU,"Australia","Greater Hawke",-34.5231775,115.9401624
national_park,AU,"Australia","Greater Kingston",-34.1064072,116.4378478
national_park,AU,"Australia","Greater Preston",-33.571604,116.1922952
national_park,AU,"Australia","Green Island",-16.75972222,145.97444444
theme_park,AU,"Australia","Greenhills",-35.528371,138.624082
national_park,AU,"Australia","Greenmount",-31.9064,116.06
national_park,AU,"Australia","Grey Peaks",-17.042222222,145.847777777
national_park,AU,"Australia","Grongah",-25.9986311,152.1287547
national_park,AU,"Australia","Gulaga",-36.30666667,150.01916667
national_park,AU,"Australia","Gull Rock",-35.0075,118.003
national_park,AU,"Australia","Gulngay",-18.053,146
national_park,AU,"Australia","Gumbaynggirr",-30.53616833,152.60241508
theme_park,AU,"Australia","Gumbuya World",-38.0692,145.659
national_park,AU,"Australia","Gunbower",-35.6958,144.194
national_park,AU,"Australia","Gundabooka",-30.509444444,145.7163889
national_park,AU,"Australia","Gunyerwarildi CCA Zone 1",-29.266,150.541
national_park,AU,"Australia","Gurig",-11.16773,132.19832
national_park,AU,"Australia","Guula Ngurra",-34.396291196,150.131108718
national_park,AU,"Australia","Guy Fawkes River",-30.031666666,152.3011111
national_park,AU,"Australia","Gwydir River CCA Zone 1",-29.938,150.774
national_park,AU,"Australia","Gwydir River CCA Zone 3 State Conservation Area",-29.91,150.876
national_park,AU,"Australia","Gympie",-26.0856073,152.7094954
national_park,AU,"Australia","Halifax Bay Wetlands",-18.8675,146.268888888
national_park,AU,"Australia","Hambidge",-33.3857,135.92299
botanical_garden,AU,"Australia","Hamilton",-37.7468,142.024
national_park,AU,"Australia","Hampton",-27.3525349,152.0736927
national_park,AU,"Australia","Hann Tableland",-16.7983,145.151
national_park,AU,"Australia","Hartz Mountains",-43.2297,146.756
national_park,AU,"Australia","Hassell",-34.6789,118.37
national_park,AU,"Australia","Hasties Swamp",-17.300277777,145.474166666
national_park,AU,"Australia","Hat Head",-31.065,153.0177778
national_park,AU,"Australia","Hattah - Kulkyne",-34.6872,142.382
national_park,AU,"Australia","Hattah Lakes",-34.702638888,142.289580555
national_park,AU,"Australia","Heathcote",-34.098333333,150.9761111
national_park,AU,"Australia","Heathcote-Graytown",-36.7963,144.866
national_park,AU,"Australia","Helena",-32.0777475,116.3146757
national_park,AU,"Australia","Helena and Aurora Ranges",-30.084512068,119.7418
national_park,AU,"Australia","Hell Hole Gorge",-25.5375,144.15472222
botanical_garden,AU,"Australia","Helms Arboretum, Exotic and Indigenous",-33.8035627,121.8821371
national_park,AU,"Australia","Herberton Range",-17.36527778,145.46805556
botanical_garden,AU,"Australia","Heritage Forest",-41.4111195,147.1390849
theme_park,AU,"Australia","Hi-Lite Park",-38.146,144.367
national_park,AU,"Australia","Hilliger",-34.2445647,115.6519506
national_park,AU,"Australia","Hinchinbrook Island",-18.3819,146.247
national_park,AU,"Australia","Hindmarsh Valley",-35.456,138.576
national_park,AU,"Australia","Hobden Hill CCA Zone 1",-30.541,150.535
national_park,AU,"Australia","Holbourne Island",-19.726944444,148.36
national_park,AU,"Australia","Homevale",-21.35694444,148.47166667
national_park,AU,"Australia","Hope Islands",-15.73138889,145.45722222
botanical_garden,AU,"Australia","Horsham",-36.7,142.2
national_park,AU,"Australia","Horton Falls CCA Zone 1",-30.333,150.338
national_park,AU,"Australia","Houtman Abrolhos Islands",-28.4635,113.6975
national_park,AU,"Australia","Howick Group National Park (Cape York Peninsula Aboriginal Land)",-14.5,144.969444444
national_park,AU,"Australia","Hull River",-17.9561,146.07
national_park,AU,"Australia","Humboldt",-24.242,148.933
botanical_garden,AU,"Australia","Hunter Region",-32.8013609,151.7174078
botanical_garden,AU,"Australia","Hunter Valley Gardens",-32.7742932,151.2954672
national_park,AU,"Australia","Hunter Wetlands",-32.8526735,151.7502614
botanical_garden,AU,"Australia","Ian Potter Foundation Children's Garden",-37.830598861,144.976401329
national_park,AU,"Australia","Idalia",-24.9586,144.697
national_park,AU,"Australia","Ikara-Flinders Ranges",-31.4222,138.705
botanical_garden,AU,"Australia","Illawarra Grevillea Park",-34.33,150.9075
national_park,AU,"Australia","Indwarra",-30.085555555,151.250555555
botanical_garden,AU,"Australia","Ingham Memorial",-18.6518139,146.159477
botanical_garden,AU,"Australia","Inglehope Arboretum",-32.758422774,116.170836952
national_park,AU,"Australia","Isla Gorge",-25.169444444,149.945
national_park,AU,"Australia","Iytwelepenty / Davenport Ranges",-20.86,134.941
theme_park,AU,"Australia","Jamberoo Action Park",-34.6168,150.783
national_park,AU,"Australia","Jane",-34.6053182,116.2454083
national_park,AU,"Australia","Japoon",-17.739722222,145.887222222
national_park,AU,"Australia","Jardine River",-10.9211,142.627
national_park,AU,"Australia","Jerrawangala",-35.06,150.44
national_park,AU,"Australia","Jervis Bay",-34.9872,150.756
national_park,AU,"Australia","Jilgu",-24.772,117.451
national_park,AU,"Australia","Jimberoo",-33.758,146.284
national_park,AU,"Australia","Jindalee",-34.512194444,148.035694444
national_park,AU,"Australia","Jip Jip",-36.48299,140.18468
national_park,AU,"Australia","Jirramun",-28.25,152.5
national_park,AU,"Australia","John Forrest",-31.869706,116.091161
botanical_garden,AU,"Australia","Joseph Banks Native Plants Reserve, Kareela",-34.02111111,151.08472222
national_park,AU,"Australia","Judbarra / Gregory",-15.88815,130.306897
national_park,AU,"Australia","Junee",-22.7464741,148.9887437
national_park,AU,"Australia","Junuy Juluum",-30.299166666,152.727222222
national_park,AU,"Australia","Juunju Daarrba Nhirrpan National Park (Cape York Peninsula Aboriginal Land)",-14.9411,145.034
national_park,AU,"Australia","Kakadu",-13.005471,132.519512
national_park,AU,"Australia","Kalamunda",-31.9586,116.071
national_park,AU,"Australia","Kalbarri",-27.7847,114.246
botanical_garden,AU,"Australia","Kalgoorlie Inland Forest Arboretum",-30.744387,121.4470002
national_park,AU,"Australia","Kalkajaka",-15.668055555,145.231944444
national_park,AU,"Australia","Kalyarr",-34.3113,144.3226
national_park,AU,"Australia","Kamay Botany Bay",-34.020555555,151.224722222
national_park,AU,"Australia","Kanangra-Boyd",-33.998333333,150.0844444
national_park,AU,"Australia","Kangarutha",-36.748611111,149.967777777
national_park,AU,"Australia","Kara Kara",-36.8606,143.285
national_park,AU,"Australia","Karijini",-22.2506,117.976
national_park,AU,"Australia","Karlamilyi",-22.333333333,122.483333333
national_park,AU,"Australia","Karuah",-32.59484149,151.94847107
botanical_garden,AU,"Australia","Karwarra Australian Plant Garden",-37.815991,145.380434
national_park,AU,"Australia","Katherine Gorge",-14.316666666,132.566666666
national_park,AU,"Australia","Kati Thanda-Lake Eyre",-28.6689,137.524
national_park,AU,"Australia","Keep River",-15.8164,129.14
national_park,AU,"Australia","Keepit",-30.8985,150.5012
botanical_garden,AU,"Australia","Keilor",-37.7129,144.857
national_park,AU,"Australia","Kellidie Bay",-34.608888888,135.532222222
national_park,AU,"Australia","Kelvin",-21.5761658,149.1995535
national_park,AU,"Australia","Kemendok",-34.60382392,142.39105225
national_park,AU,"Australia","Kennedy Range",-24.5792,115.05
theme_park,AU,"Australia","Kennyland",-27.8639,153.317
national_park,AU,"Australia","Kent Group",-39.47,147.28
national_park,AU,"Australia","Keppel Bay Islands",-23.159722222,151.073055555
national_park,AU,"Australia","Keverstone",-34.10555556,149.20555556
national_park,AU,"Australia","Khappinghat",-31.9641,152.4825
botanical_garden,AU,"Australia","Kholo",-27.5671072,152.7410994
national_park,AU,"Australia","Killarney CCA Zone 3 State Conservation Area",-30.235,149.862
national_park,AU,"Australia","Kinchega",-32.498333333,142.3344444
national_park,AU,"Australia","Kinglake",-37.4064,145.211
botanical_garden,AU,"Australia","Kings Park",-31.962134954,115.831712083
national_park,AU,"Australia","Kings Plains",-29.58,151.365555555
national_park,AU,"Australia","Kinrara",-18.449166666,144.948611111
botanical_garden,AU,"Australia","Kirk's Water Wise Garden",-37.5521372,143.9322886
national_park,AU,"Australia","Kirrama",-18.12111111,145.61555556
national_park,AU,"Australia","Koala Bushland",-27.63,153.198611111
national_park,AU,"Australia","Kondalilla",-26.66805556,152.85833333
national_park,AU,"Australia","Koombooloomba",-17.82805556,145.63361111
national_park,AU,"Australia","Koonaburra",-32.197,144.757
national_park,AU,"Australia","Kooraban",-36.32,149.92
national_park,AU,"Australia","Koreelah",-28.305277777,152.438888888
botanical_garden,AU,"Australia","Koroit",-38.2975,142.369
national_park,AU,"Australia","Korung",-32.0507501,116.0946144
national_park,AU,"Australia","Kosciuszko",-36.412777777,148.4186111
national_park,AU,"Australia","Kroombit Tops",-24.400833333,150.958333333
theme_park,AU,"Australia","Kryal Castle",-37.5719,143.956
national_park,AU,"Australia","Ku-ring-gai Chase",-33.615,151.2011111
botanical_garden,AU,"Australia","Ku-Ring-Gai Wildflower Garden",-33.707777777,151.177222222
national_park,AU,"Australia","KULLA (McIlwraith Range) National Park (Cape York Peninsula Aboriginal Land)",-13.9000865,143.3422611
national_park,AU,"Australia","Kumbatine",-31.143055555,152.601388888
national_park,AU,"Australia","Kuranda",-17.00972222,145.61666667
national_park,AU,"Australia","Kurrimine Beach",-17.73222222,146.09555556
national_park,AU,"Australia","Kutini-Payamu",-12.6597,143.348
national_park,AU,"Australia","Kwiambal",-29.154444444,150.9816667
national_park,AU,"Australia","Kwiambal CCA Zone 1",-29.362,150.999
botanical_garden,AU,"Australia","Kyneton",-37.1403,144.5221998
national_park,AU,"Australia","Lachlan Valley",-33.7567804,145.112755
national_park,AU,"Australia","Lake Bindegolly",-28.013333333,144.193611111
national_park,AU,"Australia","Lake Eildon",-37.151530555,145.830138888
national_park,AU,"Australia","Lake Eyre",-28.37022,137.38091
national_park,AU,"Australia","Lake Frome",-30.731069444,139.810961111
national_park,AU,"Australia","Lake Gairdner",-31.6972,135.854
national_park,AU,"Australia","Lake Gilles",-33.014444444,136.726388888
national_park,AU,"Australia","Lake Glenbawn",-32.0985,151.0012
national_park,AU,"Australia","Lake Muir",-34.55,116.67
national_park,AU,"Australia","Lake Pedder",-42.95,146.16
national_park,AU,"Australia","Lake Torrens",-31.044444444,137.859722222
national_park,AU,"Australia","Lakeside",-27.6467,117.5152
national_park,AU,"Australia","Lama Lama",-14.41888889,143.68472222
national_park,AU,"Australia","Lamington",-28.1422,153.115
national_park,AU,"Australia","Lane Cove",-33.7836,151.139
botanical_garden,AU,"Australia","Laurel Bank Park",-27.5624082,151.9442567
national_park,AU,"Australia","Lawley River",-14.6779365,125.9135905
national_park,AU,"Australia","Leard CCA Zone 3 State Conservation Area",-30.559,150.086
national_park,AU,"Australia","Leeuwin-Naturaliste",-34.2386,115.047
national_park,AU,"Australia","Lesmurdie Falls",-31.9954,116.031
national_park,AU,"Australia","Lesueur",-30.1344,115.101
national_park,AU,"Australia","Limeburners Creek",-31.32327,152.91557
national_park,AU,"Australia","Limmen",-15.0367,135.143
national_park,AU,"Australia","Lincoln",-34.8678,135.87
national_park,AU,"Australia","Lind",-37.5706,148.96
national_park,AU,"Australia","Lindeman Islands",-20.475,149.086944444
botanical_garden,AU,"Australia","Lindsay Pryor National Arboretum",-35.296,149.081
national_park,AU,"Australia","Litchfield",-13.279166666,130.876666666
national_park,AU,"Australia","Littabella",-24.579166666,152.048055555
national_park,AU,"Australia","Little Desert",-36.6067,141.189
national_park,AU,"Australia","Little Mulgrave",-17.1558296,145.7008968
national_park,AU,"Australia","Littleton",-18.3448,142.6611
national_park,AU,"Australia","Livingstone",-35.37222,147.35194
national_park,AU,"Australia","Lizard Island",-14.66888889,145.45944444
national_park,AU,"Australia","Lochern",-24.237222222,143.325833333
national_park,AU,"Australia","Lockyer",-27.4396009,152.2431285
national_park,AU,"Australia","Lonesome",-25.5,148.833333333
botanical_garden,AU,"Australia","Lord Howe Island",-31.5293022,159.0681466
national_park,AU,"Australia","Lower Glenelg",-38.0661,141.289
national_park,AU,"Australia","Lower Goulburn",-36.1817,145.12
theme_park,AU,"Australia","Luna Park",-37.868,144.976
theme_park,AU,"Australia","Luna Park Glenelg",-34.9792,138.511
national_park,AU,"Australia","Ma'alpiku Island National Park (Cape York Peninsula Aboriginal Land)",-12.620277777,143.446944444
national_park,AU,"Australia","Maalan",-17.5903852,145.5564586
national_park,AU,"Australia","Macalister Range",-16.695,145.57333333
botanical_garden,AU,"Australia","Mackay Regional",-21.1576185,149.1575786
national_park,AU,"Australia","Macquarie Pass",-34.565,150.6511111
theme_park,AU,"Australia","Magic Kingdom",-33.8991,150.97
theme_park,AU,"Australia","Magic Mountain, Glenelg",-34.9792,138.511
theme_park,AU,"Australia","Magic Mountain, Merimbula",-36.8755,149.902
theme_park,AU,"Australia","Magic Mountain, Nobby Beach",-28.0617,153.44
national_park,AU,"Australia","Magnetic Island",-19.135833333,146.842222222
national_park,AU,"Australia","Main Range",-28.09917,152.41806
theme_park,AU,"Australia","Main Street",-27.8632,153.316
national_park,AU,"Australia","Malabar Headland",-33.95554,151.25075
national_park,AU,"Australia","Malbon Thompson Range",-17.196,145.957
national_park,AU,"Australia","Maleny",-26.6682651,152.7229801
botanical_garden,AU,"Australia","Maleny",-26.7818372,152.8339893
national_park,AU,"Australia","Malkumba-Coongie Lakes",-27.2614,140.157
national_park,AU,"Australia","Mallanganee",-28.919166666,152.753611111
national_park,AU,"Australia","Mallee Cliffs",-34.198333333,142.4677778
botanical_garden,AU,"Australia","Malmsbury",-37.189444444,144.381111111
national_park,AU,"Australia","Mambray Creek",-32.825,138.063888888
theme_park,AU,"Australia","Manly Fun Pier",-33.799265,151.284751
theme_park,AU,"Australia","Manly Waterworks",-33.7991,151.281
botanical_garden,AU,"Australia","Mansfield Botanic Park",-37.0520671,146.0943014
national_park,AU,"Australia","Mapleton",-26.57888889,151.86472222
national_park,AU,"Australia","Mapleton Falls",-26.63055556,152.83888889
botanical_garden,AU,"Australia","Maranoa",-37.8106,145.09
national_park,AU,"Australia","Mares Forest",-34.32777778,149.9125
national_park,AU,"Australia","Maria",-31.16277778,152.87333333
national_park,AU,"Australia","Maria Creek",-17.780556,146.068611
national_park,AU,"Australia","Maria Island",-42.644444,148.1
national_park,AU,"Australia","Mariala",-26.029444444,145.071388888
botanical_garden,AU,"Australia","Maroochy Regional Bushland",-26.7192356,153.0238434
national_park,AU,"Australia","Marpa National Park (Cape York Peninsula Aboriginal Land)",-14.226,143.793
national_park,AU,"Australia","Marramarra",-33.531666666,151.0677778
national_park,AU,"Australia","Marrangaroo",-33.47916667,150.08055556
botanical_garden,AU,"Australia","Mary Cairncross Scenic Reserve",-26.7796457,152.8809364
national_park,AU,"Australia","Mary River",-12.133333333,131.285555555
national_park,AU,"Australia","Mary Seymour",-37.16899,140.6244
national_park,AU,"Australia","Maryland",-28.504722222,152.077777777
national_park,AU,"Australia","Matuwa Kurrara Kurrara",-25.844444444,121.680555555
national_park,AU,"Australia","Mazeppa",-22.231666666,147.291111111
national_park,AU,"Australia","Mebbin",-28.4469,153.17
national_park,AU,"Australia","Melsonby (Gaarraay) National Park (Cape York Peninsula Aboriginal Land)",-15.17806,144.87167
botanical_garden,AU,"Australia","Melton",-37.6916194,144.5902078
national_park,AU,"Australia","Meroo",-35.448333333,150.397222222
national_park,AU,"Australia","Merriwindi CCA Zone 3 State Conservation Area",-30.797,148.976
national_park,AU,"Australia","Messent",-36.06275,139.77335
national_park,AU,"Australia","Michaelmas and Upolu Cays",-16.60833333,145.9725
national_park,AU,"Australia","Middle Brother",-31.6942,152.671
national_park,AU,"Australia","Midgegooroo",-32.143333333,116.128611111
national_park,AU,"Australia","Millstream Chichester",-21.2733,117.107
national_park,AU,"Australia","Millstream Falls",-17.63638889,145.45916667
national_park,AU,"Australia","Milyeannup",-34.14,115.64
national_park,AU,"Australia","Mimosa Rocks",-36.665,149.9511111
national_park,AU,"Australia","Minerva Hills",-24.080555555,148.064166666
national_park,AU,"Australia","Minjary",-35.25,148.14166667
national_park,AU,"Australia","Mirima",-15.7739,128.764
national_park,AU,"Australia","Mitchell River",-37.6556,147.346
national_park,AU,"Australia","Mitirinchi Island National Park (Cape York Peninsula Aboriginal Land)",-12.405833333,143.488055555
national_park,AU,"Australia","Moema CCA Zone 1",-30.042,149.944
national_park,AU,"Australia","Mogriguy CCA Zone 1",-32.08,148.617
national_park,AU,"Australia","Mole Creek Karst",-41.6006,146.289
national_park,AU,"Australia","Molle Islands",-20.376666666,148.8575
national_park,AU,"Australia","Monga",-35.6631,149.971
national_park,AU,"Australia","Mooball",-28.388333333,153.464722222
national_park,AU,"Australia","Moogerah Peaks",-27.984444444,152.618055555
national_park,AU,"Australia","Mooloolah River",-26.721666666,153.080833333
national_park,AU,"Australia","Moore River",-31.0867,115.646
national_park,AU,"Australia","Moorrinya",-21.3942,144.941
national_park,AU,"Australia","Mootwingee",-31.2318,142.4012
national_park,AU,"Australia","Moresby Range",-17.5375,146.075833333
national_park,AU,"Australia","Moreton Island",-27.0525,153.391
national_park,AU,"Australia","Mornington Peninsula",-38.441,144.9279
national_park,AU,"Australia","Morton",-35.231666666,150.2011111
national_park,AU,"Australia","Morwell",-38.3664,146.391
national_park,AU,"Australia","Mount Abbot",-20.1176938,147.7198451
national_park,AU,"Australia","Mount Aberdeen",-20.198611111,147.921111111
botanical_garden,AU,"Australia","Mount Annan",-34.0703,150.767
national_park,AU,"Australia","Mount Archer",-23.325277777,150.581944444
national_park,AU,"Australia","Mount Augustus",-24.3306,116.844
national_park,AU,"Australia","Mount Barney",-28.2736,152.662
national_park,AU,"Australia","Mount Bauple",-25.813611111,152.573333333
national_park,AU,"Australia","Mount Binga",-27.0477035,151.9456902
national_park,AU,"Australia","Mount Boothby",-35.83911,139.77596
national_park,AU,"Australia","Mount Buffalo",-36.7383,146.775
national_park,AU,"Australia","Mount Chinghee",-28.3025,152.946666666
national_park,AU,"Australia","Mount Clunie",-28.324166666,152.52
national_park,AU,"Australia","Mount Colosseum",-24.4092,151.584
national_park,AU,"Australia","Mount Cook",-15.492777777,145.259166666
national_park,AU,"Australia","Mount Coolum",-26.563333333,153.083888888
botanical_garden,AU,"Australia","Mount Dandenong Arboretum",-37.8273828,145.3582304
national_park,AU,"Australia","Mount Elliot",-19.316669444,146.983311111
national_park,AU,"Australia","Mount Etna Caves",-23.160277777,150.475277777
national_park,AU,"Australia","Mount Field",-42.655277777,146.5875
national_park,AU,"Australia","Mount Frankland",-34.7664,116.743
national_park,AU,"Australia","Mount Frankland North",-34.65,116.7
national_park,AU,"Australia","Mount Frankland South",-34.93333333,116.66666667
national_park,AU,"Australia","Mount Grenfell",-31.298,145.321
national_park,AU,"Australia","Mount Hypipamee",-17.425,145.486111111
national_park,AU,"Australia","Mount Imlay",-37.165,149.7511111
national_park,AU,"Australia","Mount Jerusalem",-28.523333333,153.3594444
national_park,AU,"Australia","Mount Kaputar",-30.290555555,150.142777777
national_park,AU,"Australia","Mount Kinchant",-21.233888888,148.904722222
national_park,AU,"Australia","Mount Lewis",-16.50972222,145.22277778
national_park,AU,"Australia","Mount Lindesay",-34.86666667,117.36666667
botanical_garden,AU,"Australia","Mount Lofty",-34.989116,138.713765
national_park,AU,"Australia","Mount Mackay",-17.9462366,145.9745192
national_park,AU,"Australia","Mount Martin",-21.071944444,148.829444444
botanical_garden,AU,"Australia","Mount Martin Botanic Park",-35.00653,117.97762
national_park,AU,"Australia","Mount Nothofagus",-28.3175,152.633611111
national_park,AU,"Australia","Mount O'Connell",-22.750277777,150.039444444
national_park,AU,"Australia","Mount Ossa",-20.979166666,148.82
national_park,AU,"Australia","Mount Pikapene",-29.0111,152.695
national_park,AU,"Australia","Mount Pinbarren",-26.32,152.854166666
national_park,AU,"Australia","Mount Remarkable",-32.781388888,138.062777777
national_park,AU,"Australia","Mount Richmond",-38.2703,141.425
national_park,AU,"Australia","Mount Roe",-34.76666667,116.93333333
national_park,AU,"Australia","Mount Royal",-32.20027778,151.32361111
national_park,AU,"Australia","Mount Spurgeon",-16.4490541,145.2046113
national_park,AU,"Australia","Mount Walsh",-25.597777777,152.051944444
national_park,AU,"Australia","Mount William",-40.9375,148.253333
national_park,AU,"Australia","Mount Windsor",-16.2731674,145.0030615
national_park,AU,"Australia","Mowbray",-16.580555555,145.425555555
national_park,AU,"Australia","Mudlo",-26.0338139,152.1973801
national_park,AU,"Australia","Muggon",-26.627,115.574
national_park,AU,"Australia","Mummel Gulf",-31.3125,151.844444444
national_park,AU,"Australia","Munga-Thirri",-25.1425,138.24
national_park,AU,"Australia","Munga-Thirri—Simpson Desert",-26.246148683,137.872967886
national_park,AU,"Australia","Mungada Ridge",-29.1434,116.9098
national_park,AU,"Australia","Mungkan Kandju",-13.551944444,142.694722222
national_park,AU,"Australia","Mungo",-33.731666666,143.0011111
national_park,AU,"Australia","Murramarang",-35.631666666,150.3177778
national_park,AU,"Australia","Murray - Sunset",-34.7764,141.484
national_park,AU,"Australia","Murray River",-34.3869,140.54
national_park,AU,"Australia","Murray Upper",-18.161944444,145.802222222
national_park,AU,"Australia","Murray Valley",-35.7933,145.027
national_park,AU,"Australia","Murrumbidgee Valley",-34.715,146.201
national_park,AU,"Australia","Murrurundi Pass CCA Zone 1",-31.7404,150.8087
national_park,AU,"Australia","Murujuga",-20.575277777,116.810972222
national_park,AU,"Australia","Mutawintji",-31.1467,142.381
national_park,AU,"Australia","Muundhi (Jack River) National Park (Cape York Peninsula Aboriginal Land)",-14.9490232,144.6807123
national_park,AU,"Australia","Myall Lakes",-32.431666666,152.3677778
botanical_garden,AU,"Australia","Myall Park",-27.2057,149.64891
national_park,AU,"Australia","Nairana",-21.6814013,146.9030094
national_park,AU,"Australia","Nalbaugh",-37.081666666,149.417777777
national_park,AU,"Australia","Namadgi",-35.666666666,148.95
national_park,AU,"Australia","Nambung",-30.576111111,115.17
national_park,AU,"Australia","Nangar",-33.398333333,148.5677778
botanical_garden,AU,"Australia","Nangawooka Flora Park",-35.5181746,138.6342936
national_park,AU,"Australia","Nangur",-26.1198281,151.9836089
national_park,AU,"Australia","Naracoorte Caves",-37.036111111,140.796666666
national_park,AU,"Australia","Narawntapu",-41.132777777,146.656666666
national_park,AU,"Australia","Naree Budjong Djara",-27.53222222,153.4625
national_park,AU,"Australia","Narkoola",-28.0294773,147.0285683
national_park,AU,"Australia","Narriearra Caryapundy Swamp",-29.215,142.53
national_park,AU,"Australia","Narrien Range",-22.898055555,146.940833333
botanical_garden,AU,"Australia","National Arboretum",-35.29,149.07
botanical_garden,AU,"Australia","National Rose Garden",-35.3031,149.131
national_park,AU,"Australia","Nattai",-34.2894,150.36
national_park,AU,"Australia","Neerabup",-31.675,115.735
national_park,AU,"Australia","Nerang",-27.9722,153.303
national_park,AU,"Australia","New England",-30.498333333,152.5011111
national_park,AU,"Australia","Newry Islands",-20.851666666,148.899444444
national_park,AU,"Australia","Ngalba Bulal",-15.7769,145.346
national_park,AU,"Australia","Ngaynggarr National Park Aboriginal",-15.138,144.744
national_park,AU,"Australia","Nicoll Scrub",-28.1894,153.424
botanical_garden,AU,"Australia","Nieuwesteeg Heritage Rose Garden",-37.6862,144.4366
national_park,AU,"Australia","Nightcap",-28.548333333,153.3344444
national_park,AU,"Australia","Niiwalarra Islands",-13.89,126.5461
national_park,AU,"Australia","Nilpena Ediacara",-30.8057,138.1348
national_park,AU,"Australia","Ninety Mile Beach Marine",-38.41666667,147.18333333
national_park,AU,"Australia","Nitmiluk",-14.3122,132.423
national_park,AU,"Australia","Noosa",-26.384444444,153.112777777
botanical_garden,AU,"Australia","Noosa",-26.387822222,152.929786111
national_park,AU,"Australia","Norfolk Island",-29.011333333,167.9399175
botanical_garden,AU,"Australia","Norfolk Island",-29.0260267,167.9403744
botanical_garden,AU,"Australia","North Coast Regional",-30.2976,153.124
national_park,AU,"Australia","North East Island",-21.665833333,150.336388888
national_park,AU,"Australia","Northumberland Islands",-21.3160397,149.6798866
national_park,AU,"Australia","Nour Nour",-25.2992917,151.4273892
national_park,AU,"Australia","Nowendoc",-31.532777777,151.597777777
national_park,AU,"Australia","Nuga Nuga",-24.965277777,148.684444444
national_park,AU,"Australia","Nullamanna CCA Zone 1",-29.577,151.219
national_park,AU,"Australia","Nullarbor",-31.4562,129.89905
national_park,AU,"Australia","Nungatta",-37.215,149.3677778
national_park,AU,"Australia","Nuyts Archipelago Conservation Park",-32.3106,133.514
national_park,AU,"Australia","Nymboi-Binderay",-30.10861111,152.73194444
national_park,AU,"Australia","Nymboida",-29.644166666,152.418055555
national_park,AU,"Australia","Nymph Island",-14.655555555,145.250833333
national_park,AU,"Australia","Oakview",-26.1470292,152.3471775
theme_park,AU,"Australia","Ocean Parade",-27.8645,153.316
botanical_garden,AU,"Australia","Olive Pink",-23.7064,133.885
national_park,AU,"Australia","Olkola National Park Aboriginal",-15.422,143.173
national_park,AU,"Australia","Onkaparinga River",-35.1606,138.554
national_park,AU,"Australia","Oolambeyan",-34.7214,145.273
botanical_garden,AU,"Australia","Orange",-33.2569284,149.0974877
national_park,AU,"Australia","Oraparinna",-31.33174,138.64795
national_park,AU,"Australia","Organ Pipes",-37.6686,144.767
national_park,AU,"Australia","Orpheus Island",-18.61833333,146.49361111
national_park,AU,"Australia","Otway",-38.73736,143.54958
national_park,AU,"Australia","Oxley Wild Rivers",-30.996388888,152.01
national_park,AU,"Australia","Oyala Thumotang",-13.4817,142.278
national_park,AU,"Australia","Palmerston Rocks",-17.57,145.898055555
national_park,AU,"Australia","Palmgrove",-24.926388888,149.415555555
national_park,AU,"Australia","Paluma Range",-18.8717,146.125
national_park,AU,"Australia","Para Wirra",-34.68349,138.82806
national_park,AU,"Australia","Parndana",-35.756388888,137.326944444
national_park,AU,"Australia","Paroo-Darling",-30.67361,143.52028
national_park,AU,"Australia","Parramatta",-33.7985,151.0012
botanical_garden,AU,"Australia","Peace Memorial Rose Garden",-31.98069,115.799456
national_park,AU,"Australia","Peak Charles",-32.9097,121.107
national_park,AU,"Australia","Peak Range",-22.48157755,147.87696019
botanical_garden,AU,"Australia","Pechey Forestry Arboretum",-27.311,152.051
botanical_garden,AU,"Australia","Penshurst",-37.8729434,142.2911421
national_park,AU,"Australia","Percy Isles",-21.6700919,150.2723399
botanical_garden,AU,"Australia","Peter Francis Points Arboretum",-37.6079838,141.6862734
botanical_garden,AU,"Australia","Phillips Gardens",-37.0489369,143.7370848
national_park,AU,"Australia","Piccaninnie Ponds",-38.050277777,140.938611111
botanical_garden,AU,"Australia","Picton",-34.1614467,150.6115816
national_park,AU,"Australia","Pidna",-26.891388888,151.971111111
national_park,AU,"Australia","Pilliga CCA Zone 1",-30.5466,149.0254
national_park,AU,"Australia","Pilliga CCA Zone 3 State Conservation Area",-30.555,149.231
national_park,AU,"Australia","Pilliga East CCA Zone 3 State Conservation Area",-30.793,149.607
national_park,AU,"Australia","Pilliga West CCA Zone 1",-30.492,148.72
national_park,AU,"Australia","Pilliga West CCA Zone 3 State Conservation Area",-30.585,148.8
botanical_garden,AU,"Australia","Pilot Hill Arboretum",-35.6012153,148.1019622
national_park,AU,"Australia","Pimbee",-25.5232,114.8718
national_park,AU,"Australia","Pinnacles",-19.4270034,146.5714554
national_park,AU,"Australia","Pioneer Peaks",-20.983888888,148.923888888
national_park,AU,"Australia","Pipeclay",-25.984444444,153.005555555
national_park,AU,"Australia","Piper Islands",-12.219444444,143.263611111
botanical_garden,AU,"Australia","Pirianda Garden",-37.874919,145.3777761
national_park,AU,"Australia","Point Addis Marine",-38.41666667,144.23333333
national_park,AU,"Australia","Point Hicks Marine",-37.8,149.25
national_park,AU,"Australia","Point Nepean",-38.302,144.652
national_park,AU,"Australia","Poona",-25.588888888,152.822777777
national_park,AU,"Australia","Popran",-33.381666666,151.1927778
national_park,AU,"Australia","Porcupine Gorge",-20.39916667,144.44027778
national_park,AU,"Australia","Porongurup",-34.6853,117.8866
national_park,AU,"Australia","Port Campbell",-38.65027778,143.0625
botanical_garden,AU,"Australia","Port Fairy",-38.3795115,142.2416167
botanical_garden,AU,"Australia","Portland",-38.3537799,141.6110749
national_park,AU,"Australia","Possession Island",-10.725277777,142.398055555
national_park,AU,"Australia","Precipice",-25.3127853,150.1043293
national_park,AU,"Australia","Prince Regent",-15.5,125.2333
national_park,AU,"Australia","Pulu Keeling",-11.833333,96.816667
national_park,AU,"Australia","Pumicestone",-26.9774731,153.0602274
national_park,AU,"Australia","Purnululu",-17.448789,128.546055
botanical_garden,AU,"Australia","Queen Mary Gardens",-36.6180572,143.2587317
botanical_garden,AU,"Australia","Queen Victoria Park",-36.3559,146.692
botanical_garden,AU,"Australia","Queens Gardens, Townsville",-19.253,146.81
botanical_garden,AU,"Australia","Queens Park",-21.1468296,149.1957261
botanical_garden,AU,"Australia","Queens Park, Ipswich, Queensland",-27.6177,152.7682
botanical_garden,AU,"Australia","Queens Park, Toowoomba",-27.5595,151.961
botanical_garden,AU,"Australia","R.J. Hamer Arboretum",-37.8533757,145.3829984
theme_park,AU,"Australia","Raging Waters Sydney",-33.8088,150.911
national_park,AU,"Australia","Raine Island National Park (Scientific)",-11.5916783,144.033965
national_park,AU,"Australia","Rainforestation Nature Park",-16.824,145.652
national_park,AU,"Australia","Ramornie",-29.711388888,152.673333333
national_park,AU,"Australia","Ravensbourne",-27.35666667,152.20166667
national_park,AU,"Australia","Red Rock",-29.9652,153.2346
botanical_garden,AU,"Australia","Redcliffe",-27.2315981,153.099182
botanical_garden,AU,"Australia","Regional Wildflower Garden, Albany",-35.096596586,117.960511313
national_park,AU,"Australia","Reliance Creek",-21.047777777,149.099722222
national_park,AU,"Australia","Repulse Islands",-20.6,148.876111111
national_park,AU,"Australia","Richmond Range",-28.59555556,152.71416667
national_park,AU,"Australia","Rinyirru (Lakefield)",-15.08181,144.13611
theme_park,AU,"Australia","Rivertown",-27.8633,153.317
botanical_garden,AU,"Australia","Rockhampton",-23.4007,150.4915
national_park,AU,"Australia","Rocky Cape",-40.899722,145.535833
national_park,AU,"Australia","Rocky Glen CCA Zone 1",-31.169,149.575
theme_park,AU,"Australia","Rocky Hollow",-27.8617,153.316
national_park,AU,"Australia","Rocky Islets",-14.858888888,145.477777777
botanical_garden,AU,"Australia","Roxby Downs Arboretum",-30.5650987,136.8981846
national_park,AU,"Australia","Royal",-34.131666666,151.0511111
botanical_garden,AU,"Australia","Royal Botanic Gardens, Cranbourne",-38.129,145.282
botanical_garden,AU,"Australia","Royal Botanic Gardens, Sydney",-33.862222,151.2175
botanical_garden,AU,"Australia","Royal Melbourne",-37.83036,144.97961
botanical_garden,AU,"Australia","Royal Tasmanian",-42.8652,147.3304
botanical_garden,AU,"Australia","Royal Victoria",-37.8334,144.98033
national_park,AU,"Australia","Rundle Range",-23.660555555,150.973333333
national_park,AU,"Australia","Rungulla",-19.1358,143.4185
national_park,AU,"Australia","Russell River",-17.2247,145.939
botanical_garden,AU,"Australia","Sale",-38.1140392,147.0796908
national_park,AU,"Australia","Saltwater",-32.00778,152.5625
national_park,AU,"Australia","Sandbanks",-13.366388888,143.953333333
national_park,AU,"Australia","Sappa Bulga CCA Zone 1",-32.309,148.516
national_park,AU,"Australia","Sarabah",-28.0467125,153.1231552
national_park,AU,"Australia","Savage River",-41.3539,145.409
national_park,AU,"Australia","Scheyville",-33.594166666,150.8927778
national_park,AU,"Australia","Scone Mountain",-32.04027778,150.88
national_park,AU,"Australia","Scorpion Well",-35.464166666,140.887222222
national_park,AU,"Australia","Scott",-34.2581,115.236
national_park,AU,"Australia","Sea Acres",-31.4639,152.931
theme_park,AU,"Australia","Sea Life Sunshine Coast",-26.6828,153.121
theme_park,AU,"Australia","Sea World",-27.9559,153.4257
theme_park,AU,"Australia","Sega World Sydney",-33.8746,151.202
national_park,AU,"Australia","Serpentine",-32.357222222,116.043333333
national_park,AU,"Australia","Serpentine Ridge CCA Zone 1",-30.018,150.629
national_park,AU,"Australia","Seven Mile Beach",-34.815,150.7511111
national_park,AU,"Australia","Shannon",-34.6031,116.365
botanical_garden,AU,"Australia","Sherwood Arboretum",-27.5311,152.975
national_park,AU,"Australia","Simpsons Gap",-23.666666666,133.7
national_park,AU,"Australia","Single",-29.996944444,151.411388888
national_park,AU,"Australia","Sir Charles Hardy Group",-11.904444444,143.460555555
national_park,AU,"Australia","Sir James Mitchell",-34.4561,116.24
national_park,AU,"Australia","Sleaford Mere",-34.83879,135.74074
national_park,AU,"Australia","Smith Islands",-20.589166666,149.110555555
national_park,AU,"Australia","Snake Range",-24.043055555,147.583611111
national_park,AU,"Australia","Snowy River",-37.275,148.553
national_park,AU,"Australia","Somerton CCA Zone 1",-31.004,150.532
national_park,AU,"Australia","South Bruny",-43.35,147.371111
national_park,AU,"Australia","South Cumberland Islands",-20.741111111,149.473611111
national_park,AU,"Australia","South East Forest",-36.9872,149.476
national_park,AU,"Australia","South Island",-21.7525,150.330555555
national_park,AU,"Australia","Southern Moreton Bay Islands",-27.718055555,153.384444444
national_park,AU,"Australia","Southwest",-42.933330555,146.133330555
national_park,AU,"Australia","Southwood",-27.814722222,150.135555555
national_park,AU,"Australia","Springbrook",-28.14,153.274167
national_park,AU,"Australia","St Helena Island",-27.39333333,153.23166667
botanical_garden,AU,"Australia","St Kilda",-37.8708,144.984
national_park,AU,"Australia","Staaten River",-16.2553,142.679
theme_park,AU,"Australia","Stante Reserve",-33.919166666,150.8505556
national_park,AU,"Australia","Stirling Range",-34.397718,118.047177
national_park,AU,"Australia","Stockyard Gully",-29.92,115.09
national_park,AU,"Australia","Stokes",-33.8228,121.135
botanical_garden,AU,"Australia","Stony Range Flora Reserve",-33.7578252,151.2827506
national_park,AU,"Australia","Strzelecki",-40.219444,148.094722
national_park,AU,"Australia","Sturt",-29.215,141.9677778
theme_park,AU,"Australia","Sugarworld",-17.0212,145.725
national_park,AU,"Australia","Sundown",-28.868333333,151.618611111
national_park,AU,"Australia","Swain Reefs",-21.239444444,151.846666666
national_park,AU,"Australia","Sydney Harbour",-33.813055555,151.291666666
botanical_garden,AU,"Australia","Sylvan Grove Native Garden",-33.9784153,151.0000199
national_park,AU,"Australia","Tallaganda",-35.743611111,149.481388888
national_park,AU,"Australia","Tam O'Shanter",-17.878611111,146.067777777
national_park,AU,"Australia","Tamborine",-27.860277777,153.178333333
botanical_garden,AU,"Australia","Tamborine Mountain",-27.9144795,153.202845
botanical_garden,AU,"Australia","Tamworth Regional",-31.0792238,150.9457626
national_park,AU,"Australia","Tapin Tops",-31.663611111,152.186944444
national_park,AU,"Australia","Tarlo River",-34.498333333,149.9177778
national_park,AU,"Australia","Tarong",-26.8374852,151.8460028
national_park,AU,"Australia","Tarra-Bulga",-38.4417,146.58
national_park,AU,"Australia","Tasman",-42.8553,147.976
botanical_garden,AU,"Australia","Tasmanian Bushland Garden",-42.6078,147.717
national_park,AU,"Australia","Tathra",-29.7769,115.529
national_park,AU,"Australia","Taunton",-23.533333333,149.221388888
national_park,AU,"Australia","Teerk Roo Ra",-27.49638889,153.35361111
national_park,AU,"Australia","Telowie Gorge",-33.038333333,138.124166666
botanical_garden,AU,"Australia","Terowie Arid Lands",-33.1507446,138.9196003
national_park,AU,"Australia","Terrick Terrick",-36.1429,144.2282
national_park,AU,"Australia","Tewantin",-26.3797328,152.9674242
theme_park,AU,"Australia","The Beachouse",-34.9793,138.511
botanical_garden,AU,"Australia","The Botanical Ark",-16.3725879,145.3237965
national_park,AU,"Australia","The Knoll",-27.915069444,153.167738888
botanical_garden,AU,"Australia","The Kodja Place Rose Maze",-33.838103885,117.161608009
national_park,AU,"Australia","The Lakes",-37.9703,147.742
botanical_garden,AU,"Australia","The Palmetum, Townsville",-19.312,146.764
national_park,AU,"Australia","The Palms",-26.934722222,151.878611111
botanical_garden,AU,"Australia","The Tasmanian Arboretum",-41.2294,146.3
national_park,AU,"Australia","Thirlmere Lakes",-34.215,150.5511111
national_park,AU,"Australia","Three Islands Group",-15.11277778,145.42027778
national_park,AU,"Australia","Thrushton",-27.763888888,147.666666666
botanical_garden,AU,"Australia","Tibooburra Outback",-29.4323929,142.0102868
national_park,AU,"Australia","Tilligerry",-32.77361111,151.94944444
botanical_garden,AU,"Australia","Tim Neville Arboretum",-37.875281428,145.28624881
national_park,AU,"Australia","Timbarra",-29.29222222,152.32166667
theme_park,AU,"Australia","Timbertown",-31.470357,152.713107
national_park,AU,"Australia","Timmallallie CCA Zone 1",-30.891112778,149.265105415
national_park,AU,"Australia","Tingaringy",-37.014580555,148.67625
national_park,AU,"Australia","Tingha Plateau CCA Zone 3 State Conservation Area",-29.894,151.169
national_park,AU,"Australia","Tinkrameanah CCA Zone 1",-31.344,149.696
national_park,AU,"Australia","Tjoritja / West MacDonnell",-23.4364,132.418
national_park,AU,"Australia","Tomaree",-32.752777777,152.140833333
botanical_garden,AU,"Australia","Tondoon",-23.8972657,151.2591322
national_park,AU,"Australia","Tooloom",-28.448333333,152.4427778
national_park,AU,"Australia","Toonumbar",-28.49,152.7261111
national_park,AU,"Australia","Toorale",-30.265,145.401
national_park,AU,"Australia","Topaz Road",-17.4,145.699722222
national_park,AU,"Australia","Torndirrup",-35.0903,117.891
national_park,AU,"Australia","Totness",-35.058333333,138.8375
national_park,AU,"Australia","Towarri",-31.845833333,150.073611111
national_park,AU,"Australia","Tregole",-26.489722222,147.0675
national_park,AU,"Australia","Trinkey CCA Zone 3 State Conservation Area",-31.37,149.983
national_park,AU,"Australia","Triunia",-26.655833333,152.903333333
national_park,AU,"Australia","Tuart Forest",-33.5519,115.512
national_park,AU,"Australia","Tuchekoi",-26.3689381,152.8403143
national_park,AU,"Australia","Tully Falls",-17.735561111,145.542511111
national_park,AU,"Australia","Tully Gorge",-17.757780555,145.653880555
national_park,AU,"Australia","Tumoulin",-17.566,145.486
national_park,AU,"Australia","Tunnel Creek",-17.6119,125.143
national_park,AU,"Australia","Turon",-33.198333333,149.9344444
national_park,AU,"Australia","Turtle Group",-14.73611111,145.20305556
national_park,AU,"Australia","Twelve Apostles Marine",-38.6667,143.1
national_park,AU,"Australia","Two Islands",-15.021944444,145.442777777
national_park,AU,"Australia","Ulidarra",-30.250277777,153.080555555
national_park,AU,"Australia","Uluṟu-Kata Tjuṯa",-25.322076,130.985732
national_park,AU,"Australia","Undara Volcanic",-18.2011,144.596
national_park,AU,"Australia","Unnamed WA17519",-34.4728,115.9314
national_park,AU,"Australia","Unnamed WA46400",-34.1005,115.1788
national_park,AU,"Australia","Unnamed WA47688",-33.2006,116.2704
national_park,AU,"Australia","Unnamed WA53843",-34.3998,115.6528
national_park,AU,"Australia","Venman Bushland",-27.6275,153.20027778
botanical_garden,AU,"Australia","Victoria State Rose Garden",-37.928446,144.673835
national_park,AU,"Australia","Vulkathunha-Gammon Ranges",-30.412580555,139.1794
national_park,AU,"Australia","Wadbilliga",-36.466666666,149.583333333
botanical_garden,AU,"Australia","Wagga Wagga",-35.1309,147.366
botanical_garden,AU,"Australia","Wail Arboretum",-36.5094298,142.0842576
botanical_garden,AU,"Australia","Waite Arboretum",-34.9674123,138.6299696
national_park,AU,"Australia","Waitpinga",-35.590555555,138.323888888
national_park,AU,"Australia","Wallabadah CCA Zone 1",-31.547,150.822
national_park,AU,"Australia","Wallaga Lake",-36.381666666,150.0011111
national_park,AU,"Australia","Wallaman Falls",-18.833330555,145.8
national_park,AU,"Australia","Wallarah",-33.13,151.63
national_park,AU,"Australia","Wallaroo",-32.6247,151.81671
national_park,AU,"Australia","Wallingat",-32.30111111,152.43527778
national_park,AU,"Australia","Walls of Jerusalem",-41.8689,146.259
national_park,AU,"Australia","Walpole-Nornalup",-34.983330555,116.766669444
national_park,AU,"Australia","Walyunga",-31.7061,116.09
national_park,AU,"Australia","Wandoo",-32.06666667,116.51666667
national_park,AU,"Australia","Wapma Thura–Southern Flinders Ranges",-33.039,138.124797222
national_park,AU,"Australia","Warby-Ovens",-36.3297,146.188
national_park,AU,"Australia","Warialda CCA Zone 1",-29.713,150.594
national_park,AU,"Australia","Warialda State Conservation Area",-29.63,150.57
national_park,AU,"Australia","Warlibirri",-18.2572,126.3598
theme_park,AU,"Australia","Warner Bros. Movie World",-27.9075,153.3125
national_park,AU,"Australia","Warra",-29.99166667,151.92777778
national_park,AU,"Australia","Warrabah",-30.531666666,150.9344444
national_park,AU,"Australia","Warren",-34.5006,115.956
national_park,AU,"Australia","Warrenben",-35.120555555,137.045833333
botanical_garden,AU,"Australia","Warrnambool",-38.37393983,142.48454
national_park,AU,"Australia","Warro",-24.648333333,151.710833333
national_park,AU,"Australia","Warrumbungle",-31.292222222,149.008055555
national_park,AU,"Australia","Washpool",-29.365,152.3344444
national_park,AU,"Australia","Watagans",-33.005,151.393055555
national_park,AU,"Australia","Watarrka",-24.2517,131.632
national_park,AU,"Australia","Watheroo",-30.24,115.879
national_park,AU,"Australia","Watsons Creek CCA Zone 1",-30.713,151.083
national_park,AU,"Australia","Waychinicup",-34.87722222,118.37222222
national_park,AU,"Australia","Weddin Mountains",-33.998333333,148.0011111
national_park,AU,"Australia","Welford",-25.05861111,143.43388889
national_park,AU,"Australia","Wellington",-33.435861111,115.947761111
national_park,AU,"Australia","Werakata",-32.848333333,151.4177778
botanical_garden,AU,"Australia","Werribee Park",-37.92704,144.67057
national_park,AU,"Australia","Werrikimbe",-31.198333333,152.2261111
national_park,AU,"Australia","West Cape Howe",-35.1061,117.593
national_park,AU,"Australia","West Cooroy",-26.4815,152.8393
national_park,AU,"Australia","West Hill",-21.830277777,149.486111111
botanical_garden,AU,"Australia","Westbourne Woods",-35.3035049,149.0887762
botanical_garden,AU,"Australia","Western Australian",-31.9635473,115.8399585
theme_park,AU,"Australia","Wet'n'Wild Water World",-27.9151,153.318
national_park,AU,"Australia","Whicher",-33.94,115.48
theme_park,AU,"Australia","White City, Perth",-31.956618667,115.854926159
national_park,AU,"Australia","White Mountains",-20.54111111,144.96666667
theme_park,AU,"Australia","WhiteWater World",-27.8644,153.315
national_park,AU,"Australia","Whitsunday Islands",-20.060277777,148.874166666
national_park,AU,"Australia","Whyalla",-32.9525,137.543888888
national_park,AU,"Australia","Wickham",-27.833764,153.162708
national_park,AU,"Australia","Wietalaba",-24.284832,151.209933
national_park,AU,"Australia","Wild Cattle Island",-23.958333333,151.384444444
national_park,AU,"Australia","Willandra",-33.498333333,145.5011111
national_park,AU,"Australia","Willi Willi",-31.073333333,152.3983333
national_park,AU,"Australia","William Bay",-35.02638889,117.235
botanical_garden,AU,"Australia","Williamstown",-37.868,144.897
botanical_garden,AU,"Australia","Wilson Botanic Park",-38.0251,145.34
national_park,AU,"Australia","Wilsons Promontory",-39.0133,146.394
national_park,AU,"Australia","Wilsons Promontory Marine",-39.1667,146.333
national_park,AU,"Australia","Wiltshire-Butler",-34.030561111,115.4953
national_park,AU,"Australia","Windjana Gorge",-17.4283,124.976
national_park,AU,"Australia","Wingan Inlet",-37.72125,149.497361111
botanical_garden,AU,"Australia","Wirraminna Environmental Education Centre",-35.836305555,146.812111111
botanical_garden,AU,"Australia","Wirrimbirra Field Study Centre and Sanctuary",-34.3766,150.6517
national_park,AU,"Australia","Witjira",-26.3717,135.63
national_park,AU,"Australia","Wittelbee",-32.200277777,133.742777777
botanical_garden,AU,"Australia","Wittunga",-35.0235,138.61
theme_park,AU,"Australia","Wobbies World",-37.8458,145.174
national_park,AU,"Australia","Woko",-31.748333333,151.7511111
national_park,AU,"Australia","Wolfe Creek Meteorite Crater",-19.173611111,127.794444444
national_park,AU,"Australia","Wollemi",-32.998333333,150.3344444
botanical_garden,AU,"Australia","Wollongong",-34.41,150.878
national_park,AU,"Australia","Wollumbin",-28.389722222,153.268611111
botanical_garden,AU,"Australia","Wombat Hill",-37.3434,144.15088
theme_park,AU,"Australia","Wonderland City",-33.8999,151.271
theme_park,AU,"Australia","Wonderland Sydney",-33.8012,150.848
national_park,AU,"Australia","Wondoba CCA Zone 3 State Conservation Area",-31.1,150.136
national_park,AU,"Australia","Wondul Range",-28.0633,151.022
national_park,AU,"Australia","Wongi",-25.5367047,152.2711947
national_park,AU,"Australia","Woocoo",-25.6378718,152.3282156
national_park,AU,"Australia","Wooditjup",-33.93,115.11
national_park,AU,"Australia","Woodsreef CCA Zone 3 State Conservation Area",-30.383,150.738
national_park,AU,"Australia","Woolooma",-32.05472222,151.2675
national_park,AU,"Australia","Woomargama",-35.8714,147.485
national_park,AU,"Australia","Woondum",-26.2846796,152.8117685
national_park,AU,"Australia","Wooroonooran",-17.391111111,145.820277777
national_park,AU,"Australia","Woowoonga",-25.4925625,152.1197115
national_park,AU,"Australia","Worimi",-32.8152,151.917888888
national_park,AU,"Australia","Woroon",-26.0701744,151.7645339
national_park,AU,"Australia","Wrattens",-26.2912665,152.3375141
national_park,AU,"Australia","Wuthara Island National Park (Cape York Peninsula Aboriginal Land)",-12.286111111,143.411111111
national_park,AU,"Australia","Wuthathi (Saunders Islands) National Park (Cape York Peninsula Aboriginal Land)",-11.703333333,143.179722222
national_park,AU,"Australia","Wuthathi (Shelburne Bay) National Park Aboriginal",-12,143.027
national_park,AU,"Australia","Wyperfeld",-35.3892,141.877
national_park,AU,"Australia","Wyrrabalong",-33.398333333,151.4844444
national_park,AU,"Australia","Yabbra",-29.944166666,152.510833333
national_park,AU,"Australia","Yalgorup",-32.8572,115.672
national_park,AU,"Australia","Yanchep",-31.560555555,115.690833333
national_park,AU,"Australia","Yanchep National Park Precinct",-31.545799,115.682713
national_park,AU,"Australia","Yanga",-34.65,143.583
national_park,AU,"Australia","Yanununbeyan",-35.52555556,149.40833333
national_park,AU,"Australia","Yaringa Marine",-38.2333,145.267
national_park,AU,"Australia","Yarra Ranges",-37.6806,145.991
national_park,AU,"Australia","Yarrahapinni Wetlands",-30.89638889,152.97277778
national_park,AU,"Australia","Yarriabini",-30.8052,152.930688888
national_park,AU,"Australia","Yarrigan CCA Zone 1",-31.049,149.067
national_park,AU,"Australia","Yarrobil CCA Zone 1",-32.299,149.37
national_park,AU,"Australia","Yarrowitch Gorge",-31.165277777,152.001111111
national_park,AU,"Australia","Yelverton",-33.74,115.08
national_park,AU,"Australia","Yengo",-33.014722222,150.9113889
national_park,AU,"Australia","Yiraaldiya",-33.712793308,150.792702271
national_park,AU,"Australia","Yungaburra",-17.287777777,145.570833333
national_park,AU,"Australia","Yuraygir",-29.815,153.2677778
national_park,AU,"Australia","Yuwi Paree Toolkoon",-21.175277777,149.264722222
botanical_garden,AT,"Austria","Alpengarten Bad Aussee",47.621845,13.750473
botanical_garden,AT,"Austria","Alpengarten Patscherkofel",47.211,11.4511
botanical_garden,AT,"Austria","Alpengarten Villacher Alpe",46.592248,13.739586
botanical_garden,AT,"Austria","Alpenpflanzengarten Vorderkaiserfelden",47.605969444,12.239938888
theme_park,AT,"Austria","Baumkronenweg Kopfing",48.4486,13.6744
theme_park,AT,"Austria","Bohemian Prater",48.165,16.3975
theme_park,AT,"Austria","Böhmerwaldpark",48.67806,13.86338
national_park,AT,"Austria","Danube-Auen",48.1833,16.7167
theme_park,AT,"Austria","Erlebnishof Reczek",46.935316,15.4510466
theme_park,AT,"Austria","Erlebnismuseum Anzenaumühle",47.668691,13.610812
theme_park,AT,"Austria","Erlebnispark Anderswelt",48.8833,15.1167
theme_park,AT,"Austria","Erlebnispark Straßwalchen",47.985,13.273055555
theme_park,AT,"Austria","Erlebnisweg Hausleiten",48.39736,16.07995
theme_park,AT,"Austria","Erlebniswelt Energie",48.00969,13.59019
theme_park,AT,"Austria","Familypark",47.8016,16.6461
national_park,AT,"Austria","Gesäuse",47.5922,14.6489
botanical_garden,AT,"Austria","Heilkräutergarten Klaffer am Hochficht",48.6928,13.8836
national_park,AT,"Austria","Hohe Tauern",47.13556,12.32529
botanical_garden,AT,"Austria","In Frankenburg",48.1012,13.4831
botanical_garden,AT,"Austria","In Klagenfurt",46.6294,14.2936
botanical_garden,AT,"Austria","Innsbruck University",47.2678,11.3798
national_park,AT,"Austria","Kalkalpen",47.79,14.37361111
botanical_garden,AT,"Austria","Linz",48.2959,14.2768
theme_park,AT,"Austria","Lucky Town",47.2454,16.3031
national_park,AT,"Austria","Neusiedler See-Seewinkel",47.72,16.76444444
theme_park,AT,"Austria","New World",48.186,16.2956
theme_park,AT,"Austria","No Name City",47.852227,16.203557
botanical_garden,AT,"Austria","Rosarium Baden",48.007085,16.221571
botanical_garden,AT,"Austria","Rosarium Schönbrunn",48.184214,16.306258
botanical_garden,AT,"Austria","Rosarium Wettsteinpark",48.221706,16.369403
botanical_garden,AT,"Austria","Rosarium, Kurpark Bad Sauerbrunn",47.7746859,16.3268601
botanical_garden,AT,"Austria","Rosengarten, Volksgarten",48.2081,16.3611
national_park,AT,"Austria","Salzburger Lungau and Kärntner Nockberge",46.9692,13.7256
botanical_garden,AT,"Austria","Stiftspark Lilienfeld",48.011939,15.596445
theme_park,AT,"Austria","Styrassic Park",46.8907,15.8856
national_park,AT,"Austria","Thayatal",48.8522,15.8633
theme_park,AT,"Austria","Tivoli",48.1778,16.3167
botanical_garden,AT,"Austria","Universität Salzburg",47.78663,13.059584
botanical_garden,AT,"Austria","University of Graz",47.081774,15.45713
botanical_garden,AT,"Austria","University of Vienna",48.191666666,16.383888888
theme_park,AT,"Austria","Venedig in Wien",48.217348643,16.394195827
theme_park,AT,"Austria","Witches' Water",47.480555555,12.1975
theme_park,AT,"Austria","Wurstelprater",48.2147,16.4022
national_park,AZ,"Azerbaijan","Absheron",40.28361111,50.35944444
national_park,AZ,"Azerbaijan","Aghgol",40.00916667,47.65
national_park,AZ,"Azerbaijan","Altyaghach",40.88666667,48.89361111
botanical_garden,AZ,"Azerbaijan","Botanical Park in Baku",40.356838617,49.812102083
national_park,AZ,"Azerbaijan","Göygöl",40.40583333,46.3225
national_park,AZ,"Azerbaijan","Hirkan",38.63055556,48.71166667
botanical_garden,AZ,"Azerbaijan","Mardakan Arboretum",40.49,50.159
national_park,AZ,"Azerbaijan","Qax State Nature Reserve",41.128839589,46.695573565
national_park,AZ,"Azerbaijan","Shahdag",40.92388889,48.25277778
national_park,AZ,"Azerbaijan","Shirvan",39.5475,49.01555556
national_park,AZ,"Azerbaijan","Zengezur",39.035277777,45.923333333
national_park,BS,"Bahamas","Abaco",25.966,-77.203
national_park,BS,"Bahamas","Blue Holes",24.7896,-77.9448
national_park,BS,"Bahamas","Bonefish Pond",24.9922,-77.3889
national_park,BS,"Bahamas","Clifton Heritage",25.013,-77.55
national_park,BS,"Bahamas","Conception Island",23.48,-75.05
national_park,BS,"Bahamas","Exuma Cays Land and Sea Park",24.42,-76.69
national_park,BS,"Bahamas","Inagua",21.082,-73.372
national_park,BS,"Bahamas","Little Inagua",21.499,-73.001
national_park,BS,"Bahamas","Lucayan",26.604231,-78.401531
national_park,BS,"Bahamas","Moriah Harbour Cay",23.498,-75.712
national_park,BS,"Bahamas","Primeval Forest",25.013888888,-77.516944444
national_park,BS,"Bahamas","Walker's Cay",27.2815,-78.3877
theme_park,BH,"Bahrain","The Lost Paradise of Dilmun",26.0137997,50.5098628
national_park,BD,"Bangladesh","Altadighi",25.186461,88.866144
theme_park,BD,"Bangladesh","Aviary and Eco-Park, Rangunia, Chittagong",22.4935384,92.121044
botanical_garden,BD,"Bangladesh","Baldha Garden",23.717010089,90.419461753
national_park,BD,"Bangladesh","Baroiyadhala",22.654382,91.668264
national_park,BD,"Bangladesh","Bhawal",24.09582778,90.404
national_park,BD,"Bangladesh","Birgonj",25.849129,88.662552
theme_park,BD,"Bangladesh","Charmuguria Eco-Park",23.1744508,90.2067581
botanical_garden,BD,"Bangladesh","Comilla Zoo and",23.47222222,91.17138889
national_park,BD,"Bangladesh","Dharmapur National Forest",25.539638888,88.547694444
theme_park,BD,"Bangladesh","Foy's Lake Concord",22.36841,91.79624
national_park,BD,"Bangladesh","Himchari",21.3493929,92.0398732
national_park,BD,"Bangladesh","Inani",21.1400025,92.0820834
national_park,BD,"Bangladesh","Kadigarh",24.338429,90.328393
national_park,BD,"Bangladesh","Kaptai",22.502222222,92.201111111
theme_park,BD,"Bangladesh","Kazirbag Eco-Park",23.0419682,91.4215504
national_park,BD,"Bangladesh","Khadimnagar",24.89777778,91.87138889
national_park,BD,"Bangladesh","Kuakata",21.85396,90.090764
national_park,BD,"Bangladesh","Lawachara",24.31972222,91.78361111
national_park,BD,"Bangladesh","Madhupur",24.698302777,90.119377777
national_park,BD,"Bangladesh","Medhakachhapia",21.68765556,92.15601667
botanical_garden,BD,"Bangladesh","National",23.812901433,90.347574269
national_park,BD,"Bangladesh","Nawabganj",25.4517524,89.0534941
national_park,BD,"Bangladesh","Nijhum Dwip",22.0654,90.9998
national_park,BD,"Bangladesh","Ramsagar",25.666833,88.488776
national_park,BD,"Bangladesh","Satchari",24.12,91.4507
national_park,BD,"Bangladesh","Singra",25.890115,88.563052
botanical_garden,BD,"Bangladesh","Sitakunda and Eco Park",22.6031,91.6774
theme_park,BD,"Bangladesh","Vinnyajagat",25.8305871,89.1090506
botanical_garden,BB,"Barbados","Andromeda",13.20728,-59.51809
national_park,BB,"Barbados","Queen's Park, Bridgetown",13.0983,-59.6091
botanical_garden,BY,"Belarus","Belarusian State Agriculture Academy",54.291511,30.995679
national_park,BY,"Belarus","Belavezhskaya Pushcha",52.44,23.82
national_park,BY,"Belarus","Braslaw Lakes",55.59611111,27.05388889
botanical_garden,BY,"Belarus","Central Botanical Garden, Minsk",53.916111111,27.6125
botanical_garden,BY,"Belarus","Gilibert Park",53.68602,23.83733
botanical_garden,BY,"Belarus","Hlybokaje Arboretum",55.148549,27.73583
national_park,BY,"Belarus","Narachanski",54.85,26.7333
national_park,BY,"Belarus","Pripyatsky",52,28
botanical_garden,BY,"Belarus","Ščomyslickaja grove",53.834,27.473
theme_park,BE,"Belgium","Aqualibi",50.69861111,4.59055556
botanical_garden,BE,"Belgium","Arboretum Kalmthout",51.393056,4.463056
botanical_garden,BE,"Belgium","Arboretum Robert Lenoir",50.23484,5.51467
botanical_garden,BE,"Belgium","Arboretum Tervuren",50.807426,4.507484
botanical_garden,BE,"Belgium","Arboretum van de Bret",50.9725,5.51977
botanical_garden,BE,"Belgium","Arboretum Wespelaar",50.956792,4.634319
botanical_garden,BE,"Belgium","Artboretum de Mefferscheid",50.581311,6.033881
theme_park,BE,"Belgium","Aviflora",50.934122,3.25147033
theme_park,BE,"Belgium","Bellewaerde",50.848333,2.945556
theme_park,BE,"Belgium","Bellewaerde Aquapark",50.846695,2.948028
theme_park,BE,"Belgium","Bobbejaanland",51.201111111,4.905
national_park,BE,"Belgium","Bosland",51.1861,5.33833
botanical_garden,BE,"Belgium","Botanique spaces of the university of Liège",50.606971,5.623082
theme_park,BE,"Belgium","Boudewijn Seapark",51.18333333,3.21222222
theme_park,BE,"Belgium","Bruparck",50.895035,4.339251
botanical_garden,BE,"Belgium","Brussels",50.854722,4.365278
botanical_garden,BE,"Belgium","Casino Gardens",51.169278,4.141789
theme_park,BE,"Belgium","Dadipark",50.85333,3.09333
national_park,BE,"Belgium","De Zoom - Kalmthoutse Heide",51.3969,4.4036
theme_park,BE,"Belgium","Earth Explorer",51.2378,2.93874
national_park,BE,"Belgium","Entre-Sambre-et-Meuse",50.075,4.33
botanical_garden,BE,"Belgium","Experimental Garden Jean Massart",50.8139,4.43806
theme_park,BE,"Belgium","Familiepark Harry Malter",51.015744,3.819422
national_park,BE,"Belgium","Forests of Brabant",50.7611,4.4332
botanical_garden,BE,"Belgium","Ghent University",51.03527832,3.72277784
botanical_garden,BE,"Belgium","Het Bloemendal",50.74237,4.28396
botanical_garden,BE,"Belgium","Hof ter Saksen Arboretum",51.19891,4.239234
national_park,BE,"Belgium","Hoge Kempen",51,5.66666667
botanical_garden,BE,"Belgium","Hortus Botanicus Lovaniensis",50.8779,4.6901
theme_park,BE,"Belgium","Jardin des paraboles",50.13034,5.14515
theme_park,BE,"Belgium","LEGO Discovery Centre Brussels",50.878875,4.373008
botanical_garden,BE,"Belgium","Liège",50.635,5.56138
botanical_garden,BE,"Belgium","Malagne",50.16326,5.24015
theme_park,BE,"Belgium","Mega Speelstad",51.2621,4.79506
botanical_garden,BE,"Belgium","Meise",50.927982,4.329074
theme_park,BE,"Belgium","Meli Heysel",50.894970786,4.338603962
theme_park,BE,"Belgium","Meli Meise",50.919367,4.339364
theme_park,BE,"Belgium","Meli Park",51.081353,2.601592
theme_park,BE,"Belgium","Midi Fair",50.8405,4.34043
theme_park,BE,"Belgium","Mont Mosan",50.5139,5.25129
theme_park,BE,"Belgium","Océade",50.89444,4.33694
botanical_garden,BE,"Belgium","Openluchtmuseum Bokrijk",50.964541,5.409433
botanical_garden,BE,"Belgium","Pairi Daiza",50.58472222,3.88722222
theme_park,BE,"Belgium","Parc Chlorophylle",50.2409,5.59777
botanical_garden,BE,"Belgium","Plantentuin",51.21417,4.40611
theme_park,BE,"Belgium","Plopsa Indoor Hasselt",50.934167,5.361667
theme_park,BE,"Belgium","Plopsa Station Antwerp",51.213372,4.421533
theme_park,BE,"Belgium","Plopsaland Belgium",51.079722,2.596944
theme_park,BE,"Belgium","Plopsaqua De Panne",51.0822,2.60137
theme_park,BE,"Belgium","Plopsaqua Hannut-Landen",50.706839,5.080698
theme_park,BE,"Belgium","Plopsaqua Mechelen",51.001663,4.468471
botanical_garden,BE,"Belgium","Rozentuin Coloma",50.77743,4.25058
national_park,BE,"Belgium","Scheldt Valley",51.042960079,4.187402883
botanical_garden,BE,"Belgium","Tuin van Geneeskrachtige planten",50.85097,4.454278
theme_park,BE,"Belgium","Walibi Belgium",50.698611111,4.590555555
national_park,BZ,"Belize","Aguas Turbias",17.84116,-89.13852
national_park,BZ,"Belize","Bacalar Chico",18.12938,-87.86453
botanical_garden,BZ,"Belize","Belize",17.083333333,-89.066666666
national_park,BZ,"Belize","Billy Barquedier",17.0215,-88.44016
national_park,BZ,"Belize","Chiquibul",16.71027778,-88.9375
national_park,BZ,"Belize","Elijio Panti",17.0228111,-89.060925
national_park,BZ,"Belize","Five Blues Lake",17.135,-88.58
national_park,BZ,"Belize","Guanacaste",17.2644,-88.786
national_park,BZ,"Belize","Laughing Bird Caye",16.443886,-88.19643098
national_park,BZ,"Belize","Mayflower Bocawina",16.91667,-88.38333
national_park,BZ,"Belize","Payne's Creek",16.327,-88.577
national_park,BZ,"Belize","Peccary Hills",17.35,-88.383333333
national_park,BZ,"Belize","Sarstoon-Temash",15.942513,-88.999
national_park,BZ,"Belize","St. Herman's Blue Hole",17.156,-88.685
botanical_garden,BJ,"Benin","Musée en Plein Air de Parakou",9.32896,2.61851
botanical_garden,BJ,"Benin","Papatia",9.3076,2.3158
national_park,BJ,"Benin","Pendjari",11.05,1.516666666
national_park,BJ,"Benin","W",12.350047268,2.354983783
national_park,BJ,"Benin","W National Park of Benin",11.884167,2.654444
national_park,BT,"Bhutan","Jigme Dorji",27.75,89.51666667
national_park,BT,"Bhutan","Jigme Singye Wangchuck",27.16666667,90.43333333
national_park,BT,"Bhutan","Phrumsengla",27.2831,90.9778
botanical_garden,BT,"Bhutan","Royal",27.5075,89.7525
national_park,BT,"Bhutan","Royal Manas",26.89944444,90.75805556
national_park,BO,"Bolivia","Amboró",-17.78333333,-63.98333333
national_park,BO,"Bolivia","Carrasco",-17.38333333,-65.05
theme_park,BO,"Bolivia","Centro Acuático Porvenir",-16.8225,-65.355
national_park,BO,"Bolivia","Cotapata National Park and Integrated Management Natural Area",-16.21666667,-67.9
theme_park,BO,"Bolivia","Din Kong Resort Park",-17.016111111,-65.419444444
national_park,BO,"Bolivia","Iñao National Park and Integrated Management Natural Area",-19.425,-63.92
national_park,BO,"Bolivia","Isiboro Sécure National Park and Indigenous Territory",-15.45,-66.66666667
national_park,BO,"Bolivia","Llica",-19.887666666,-68.347388888
national_park,BO,"Bolivia","Madidi National Park and Integrated Management Natural Area",-14.333333333,-68.333333333
botanical_garden,BO,"Bolivia","Martín Cárdenas",-17.3772163,-66.1396673
national_park,BO,"Bolivia","Noel Kempff Mercado",-14.23028,-60.84667
national_park,BO,"Bolivia","Otuquis National Park and Integrated Management Natural Area",-19.33333,-58.75
national_park,BO,"Bolivia","Sajama",-18.08333333,-68.91666667
national_park,BO,"Bolivia","San Matías Integrated management natural area",-17.6428,-58.66742
botanical_garden,BO,"Bolivia","Santa Cruz de la Sierra",-17.77,-63.069722222
national_park,BO,"Bolivia","Toro Toro",-18.1,-65.7667
national_park,BO,"Bolivia","Tunari",-17.2328288,-66.34593899
national_park,BA,"Bosnia and Herzegovina","Drina",44.000277777,19.35
national_park,BA,"Bosnia and Herzegovina","Kozara",45.00833333,16.89166667
theme_park,BA,"Bosnia and Herzegovina","Sunnyland",43.841952777,18.414802777
national_park,BA,"Bosnia and Herzegovina","Sutjeska",43.337,18.684
national_park,BA,"Bosnia and Herzegovina","Una",44.496944444,16.158055555
national_park,BW,"Botswana","Chobe",-18.65,24.4
national_park,BW,"Botswana","Makgadikgadi Pans",-20.605,24.78277778
botanical_garden,BW,"Botswana","National",-24.66679,25.94488
national_park,BW,"Botswana","Nxai Pan",-20.04166667,24.76888889
national_park,BR,"Brazil","Abrolhos Marine",-17.9369,-38.9465
national_park,BR,"Brazil","Acari",-6.305,-59.293
theme_park,BR,"Brazil","Acquamania",-20.535421,-40.455359
national_park,BR,"Brazil","Alto Cariri",-16.363,-39.986
national_park,BR,"Brazil","Amazônia",-4.43944444,-56.84027778
national_park,BR,"Brazil","Anavilhanas",-2.39472222,-60.92055556
national_park,BR,"Brazil","Aparados da Serra",-29.19173,-50.09766
theme_park,BR,"Brazil","Aracaju Oceanarium",-11.20111111,-37.04083333
national_park,BR,"Brazil","Araguaia",-10.5,-50.167
national_park,BR,"Brazil","Araucárias",-26.76472222,-51.9675
botanical_garden,BR,"Brazil","Bauru",-22.343333333,-49.0175
theme_park,BR,"Brazil","Beach Park",-3.84444444,-38.39055556
botanical_garden,BR,"Brazil","Belo Horizonte",-19.81694444,-43.95694444
theme_park,BR,"Brazil","Beto Carrero World",-26.801725,-48.61389
national_park,BR,"Brazil","Boa Nova",-14.395,-40.126
botanical_garden,BR,"Brazil","Bosque Rodrigues Alves",-1.430555555,-48.456388888
botanical_garden,BR,"Brazil","Botanic Forest Garden",-12.239315833,-38.979444444
botanical_garden,BR,"Brazil","Botucatu",-22.887933,-48.488184
national_park,BR,"Brazil","Brasília",-15.715555555,-47.975555555
botanical_garden,BR,"Brazil","Brasília",-15.874444444,-47.835833333
national_park,BR,"Brazil","Cabo Orange",4.43333333,-51.51666667
theme_park,BR,"Brazil","Cacau Park",-23.375468,-47.392348
national_park,BR,"Brazil","Campos Amazônicos",-8.542556,-61.483278
national_park,BR,"Brazil","Campos Gerais",-25.05,-49.95
national_park,BR,"Brazil","Caparaó",-20.45017583,-41.7837525
national_park,BR,"Brazil","Catimbau",-8.61667,-37.15
national_park,BR,"Brazil","Cavernas do Peruaçu",-15.12251,-44.32434
national_park,BR,"Brazil","Chapada das Mesas",-7.00548889,-47.14508056
national_park,BR,"Brazil","Chapada Diamantina",-12.880277777,-41.372222222
national_park,BR,"Brazil","Chapada dos Guimarães",-15.304055555,-55.866861111
national_park,BR,"Brazil","Chapada dos Veadeiros",-14.083333333,-47.666666666
theme_park,BR,"Brazil","Cidade da Criança",-23.687825,-46.5572864
botanical_garden,BR,"Brazil","Curitiba",-25.44277778,-49.23944444
national_park,BR,"Brazil","Da Serra do Teixeira",-7.249134,-37.379255
national_park,BR,"Brazil","Discovery",-17.069233,-39.293317
botanical_garden,BR,"Brazil","Do Recife",-8.07722222,-34.96583333
national_park,BR,"Brazil","Emas",-18.08333,-52.91667
national_park,BR,"Brazil","Fernando de Noronha Marine",-3.867,-32.446
national_park,BR,"Brazil","Furna Feia",-5.05833333,-37.51083333
national_park,BR,"Brazil","Grande Sertão Veredas",-15.1,-45.77607033
theme_park,BR,"Brazil","Guanabara Park",-19.859722222,-43.979027777
national_park,BR,"Brazil","Guaricana",-25.701335,-48.875599
theme_park,BR,"Brazil","Hopi Hari",-23.09693889,-47.01074722
botanical_garden,BR,"Brazil","Horto dos Contos",-20.382567501,-43.505638702
national_park,BR,"Brazil","Iguaçu",-25.68333333,-54.43333333
national_park,BR,"Brazil","Ilha Grande",-23.4,-53.81666667
national_park,BR,"Brazil","Ilhas dos Currais Marine",-25.735833,-48.365278
botanical_garden,BR,"Brazil","Inhotim",-20.124128,-44.218785
botanical_garden,BR,"Brazil","Instituto Plantarum",-22.7798,-47.31362
botanical_garden,BR,"Brazil","Irmãos Villas-Bôas",-23.4651243,-47.4372758
national_park,BR,"Brazil","Itatiaia",-22.49583,-44.56278
national_park,BR,"Brazil","Jamanxim",-5.740611,-55.866417
national_park,BR,"Brazil","Jaú",-2.170277777,-62.617222222
national_park,BR,"Brazil","Jericoacoara",-2.8,-40.5
botanical_garden,BR,"Brazil","Jundiaí",-23.202753,-46.85135
national_park,BR,"Brazil","Juruena",-7.86722222,-58.14305556
national_park,BR,"Brazil","Lagoa do Peixe",-31.24944444,-50.95583333
national_park,BR,"Brazil","Lençóis Maranhenses",-2.483333333,-43.133333333
theme_park,BR,"Brazil","Magic City",-23.70728056,-46.31206111
national_park,BR,"Brazil","Mapinguari",-8.752,-64.643
theme_park,BR,"Brazil","Mini Mundo",-29.38424722,-50.87592222
theme_park,BR,"Brazil","Mirabilandia",-8.032921,-34.87398
national_park,BR,"Brazil","Monte Pascoal",-16.86416667,-39.27083333
national_park,BR,"Brazil","Monte Roraima",5.20194,-60.7369
theme_park,BR,"Brazil","Mundo a Vapor",-29.360572,-50.837454
botanical_garden,BR,"Brazil","Museu de História Natural e Jardim Botânico da Universidade Federal de Minas Gerais",-19.8922711,-43.913293
national_park,BR,"Brazil","Nascentes do Lago Jari",-5.7699,-62.59421
national_park,BR,"Brazil","Nascentes do Rio Parnaíba",-10.05,-45.9
national_park,BR,"Brazil","Pacaás Novos",-11.16,-63.43
national_park,BR,"Brazil","Pantanal Matogrossense",-17.71666667,-57.36666667
theme_park,BR,"Brazil","Parque da Mônica",-23.677185,-46.69872
national_park,BR,"Brazil","Parque Geológico do Varvito",-23.26756,-47.31998
botanical_garden,BR,"Brazil","Parque Zoobotânico Getúlio Vargas",-13.0094574,-38.5047836
national_park,BR,"Brazil","Pau Brasil",-16.4975,-39.264444444
national_park,BR,"Brazil","Pico da Neblina",0.342409,-65.9006
theme_park,BR,"Brazil","Piscinão de Ramos",-22.839166666,-43.250555555
botanical_garden,BR,"Brazil","Porto Alegre",-30.05166667,-51.17722222
national_park,BR,"Brazil","Restinga de Jurubatiba",-22.20139,-41.49261
botanical_garden,BR,"Brazil","Rio de Janeiro",-22.9675,-43.223889
national_park,BR,"Brazil","Rio Novo",-7.952028,-56.671111
theme_park,BR,"Brazil","Rio Water Planet",-22.98012,-43.48753
national_park,BR,"Brazil","Saint-Hilaire/Lange",-25.684,-48.644
botanical_garden,BR,"Brazil","Salvador",-12.9291682,-38.4368503
botanical_garden,BR,"Brazil","Santos",-23.938083333,-46.372861111
national_park,BR,"Brazil","São Joaquim",-28.1798,-49.5193
botanical_garden,BR,"Brazil","São Paulo",-23.639,-46.6203
national_park,BR,"Brazil","Sempre Vivas",-17.80361,-43.79425
national_park,BR,"Brazil","Serra da Bocaina",-22.963,-44.67
national_park,BR,"Brazil","Serra da Bodoquena",-21,-56.833333333
national_park,BR,"Brazil","Serra da Canastra",-20.25,-46.5
national_park,BR,"Brazil","Serra da Capivara",-8.6667,-42.55
national_park,BR,"Brazil","Serra da Cutia",-11.6833,-64.3333
national_park,BR,"Brazil","Serra da Mocidade",1.144,-61.89
national_park,BR,"Brazil","Serra das Confusões",-9.125,-43.80305556
national_park,BR,"Brazil","Serra das Lontras",-15.163,-39.346
national_park,BR,"Brazil","Serra de Itabaiana",-10.77888889,-37.34916667
national_park,BR,"Brazil","Serra do Cipó",-19.349167,-43.619444
national_park,BR,"Brazil","Serra do Divisor",-8.36,-73.33
national_park,BR,"Brazil","Serra do Gandarela",-20.07383,-43.663397
national_park,BR,"Brazil","Serra do Itajaí",-27.2,-49.35
national_park,BR,"Brazil","Serra do Pardo",-5.727777777,-52.999166666
national_park,BR,"Brazil","Serra dos Órgãos",-22.48211,-43.05679
national_park,BR,"Brazil","Serra Geral",-29.13417,-49.99466
national_park,BR,"Brazil","Sete Cidades",-4.08333333,-41.66666667
botanical_garden,BR,"Brazil","Sítio Roberto Burle Marx",-23.02385,-43.54474
national_park,BR,"Brazil","Superagui",-25.419444444,-48.219166666
theme_park,BR,"Brazil","Terra Encantada",-22.9841,-43.36256
theme_park,BR,"Brazil","Thermas dos Laranjais",-20.7211842,-48.9163673
national_park,BR,"Brazil","Tijuca",-22.959444444,-43.277777777
national_park,BR,"Brazil","Tumucumaque",1.83333,-54
national_park,BR,"Brazil","Ubajara",-3.766282,-40.89797967
botanical_garden,BR,"Brazil","Vale Botanical Park",-20.2586543,-40.2601498
national_park,BR,"Brazil","Viruá",1.293,-61.131
botanical_garden,BR,"Brazil","Zoobotanic Park of Brusque",-27.09428,-48.92302
theme_park,BN,"Brunei Darussalam","Jerudong Park",4.936944444,114.835
national_park,BN,"Brunei Darussalam","Ulu Temburong",4.478,115.208
theme_park,BG,"Bulgaria","Aqua Paradise Water Park",42.6562608,27.6821351
botanical_garden,BG,"Bulgaria","Balchik",43.404672222,28.147755555
botanical_garden,BG,"Bulgaria","Borika Bothanical garden",42.48625,23.661666666
botanical_garden,BG,"Bulgaria","Bulgarian Academy of Sciences",42.643333333,23.299444444
national_park,BG,"Bulgaria","Central Balkan",42.72027778,24.78138889
theme_park,BG,"Bulgaria","Festa Dolphinarium",43.211389,27.939444
theme_park,BG,"Bulgaria","Historical Park",43.25942,27.520621
botanical_garden,BG,"Bulgaria","Hortus Australis",43.622287,28.56698
botanical_garden,BG,"Bulgaria","Margarita",43.027159,27.533727
national_park,BG,"Bulgaria","Pirin",41.672222222,23.487777777
national_park,BG,"Bulgaria","Rila",42.1833,23.5833
theme_park,BG,"Bulgaria","Sofia Land",42.66777778,23.33027778
botanical_garden,BG,"Bulgaria","Sofia University botanical garden, Varna",43.233730555,28.005352777
national_park,BF,"Burkina Faso","Bangr Weogo Park",12.388092274,-1.493688807
national_park,BF,"Burkina Faso","Bangr Weoogo Park",12.3988117,-1.4878706
botanical_garden,BF,"Burkina Faso","Bantia",12.0023,0.38465
national_park,BF,"Burkina Faso","Deux Balés",11.66527778,-2.97111111
national_park,BF,"Burkina Faso","Kaboré Tambi",11.5335,-1.3226
national_park,BF,"Burkina Faso","W",12.350047268,2.354983783
national_park,BF,"Burkina Faso","W National Park of Burkina Faso",11.9,2.161667
national_park,BI,"Burundi","Kibira",-2.91466389,29.43361111
national_park,BI,"Burundi","Rusizi",-3.247723,29.230671
national_park,BI,"Burundi","Ruvubu",-3.111,30.373
national_park,KH,"Cambodia","Botum Sakor",11.11553035,103.24969205
national_park,KH,"Cambodia","Kep",10.50614988,104.30800459
national_park,KH,"Cambodia","Kirirom",11.31022059,104.05102995
national_park,KH,"Cambodia","O'Yadav",13.44944,107.4675
national_park,KH,"Cambodia","Phnom Kulen",13.6062,104.0957
national_park,KH,"Cambodia","Preah Monivong",10.86204693,104.03222455
national_park,KH,"Cambodia","Ream",10.50640943,103.73436445
national_park,KH,"Cambodia","Southern Cardamom",11.428598,103.667159
national_park,KH,"Cambodia","Virachey",14.3257,106.998
national_park,CM,"Cameroon","Bakossi",5.049907,9.567719
national_park,CM,"Cameroon","Bénoué",8.33333333,13.83333333
national_park,CM,"Cameroon","Bouba Njida",8.623611111,14.656666666
national_park,CM,"Cameroon","Boumba Bek",2.216666666,15.7
national_park,CM,"Cameroon","Campo Ma'an",2.345288888,9.991230555
national_park,CM,"Cameroon","Deng Deng",5.35079,13.44177
national_park,CM,"Cameroon","Douala-Edéa",3.5,9.8333
national_park,CM,"Cameroon","Faro",8.166666666,12.666666666
national_park,CM,"Cameroon","Kalamaloué",12.135561392,14.880869816
national_park,CM,"Cameroon","Korup",5.09333333,8.84111111
botanical_garden,CM,"Cameroon","Limbe",4.01297,9.20108
national_park,CM,"Cameroon","Lobéké",2.25,15.75
national_park,CM,"Cameroon","Mbam Djerem",5.83333333,12.75
national_park,CM,"Cameroon","Mbéré Valley",6.99444444,14.79611111
national_park,CM,"Cameroon","Mefou",3.96,11.93
national_park,CM,"Cameroon","Mount Cameroon",4.216666666,9.1725
national_park,CM,"Cameroon","Mpem and Djim",5.164088,11.732701
national_park,CM,"Cameroon","Nki",2.416666666,14.416666666
theme_park,CM,"Cameroon","Parcours Vita Bamenda",5.971002944,10.156415437
national_park,CM,"Cameroon","Takamanda",6.16666667,9.33333333
national_park,CM,"Cameroon","Waza",11.2667,14.4167
botanical_garden,CA,"Canada","Abkhazi Garden",48.4162,-123.3266
national_park,CA,"Canada","Akami-Uapishkᵘ-KakKasuak-Mealy Mountains National Park Reserve",53.4,-59.3667
botanical_garden,CA,"Canada","Allan Gardens",43.661666666,-79.374444444
botanical_garden,CA,"Canada","Alpine Garden",45.55831,-73.55992
botanical_garden,CA,"Canada","Arboretum",43.2845,-79.9044
botanical_garden,CA,"Canada","Arboretum – de Montréal",45.55987,-73.56396
theme_park,CA,"Canada","Atlantis Waterslides",50.3343,-119.241
national_park,CA,"Canada","Aulavik",73.7003,-119.919
botanical_garden,CA,"Canada","Aurora Community Arboretum",44.0121,-79.457
national_park,CA,"Canada","Auyuittuq",67.5,-66
national_park,CA,"Canada","Banff",51.166666666,-115.55
theme_park,CA,"Canada","Belmont Park, Montreal",45.5322,-73.7247
theme_park,CA,"Canada","Beothuck Village Park",48.6652778,-53.8038889
botanical_garden,CA,"Canada","Bloedel Conservatory",49.2421,-123.114
theme_park,CA,"Canada","Boblo Island",42.0939,-83.1175
national_park,CA,"Canada","Bowen Island National Park Reserve",49.38333333,-123.3833333
national_park,CA,"Canada","Bruce Peninsula",45.2389,-81.6142
national_park,CA,"Canada","Buffalo",52.8333,-110.9
theme_park,CA,"Canada","Calaway Park",51.0864,-114.358
theme_park,CA,"Canada","Calypso Park",45.3167,-75.2167
theme_park,CA,"Canada","Canada's Wonderland",43.842544444,-79.541944444
botanical_garden,CA,"Canada","Canadian Heritage Garden",45.44364,-75.68811
national_park,CA,"Canada","Cape Breton Highlands",46.7167,-60.6597
botanical_garden,CA,"Canada","Centennial Conservatory",48.3909,-89.2604
botanical_garden,CA,"Canada","Centennial Park Conservatory",43.6494,-79.5883
theme_park,CA,"Canada","Centreville",43.6203,-79.3737
theme_park,CA,"Canada","Crystal Beach Park",42.863034,-79.060287
theme_park,CA,"Canada","Crystal Palace",46.0988,-64.7631
theme_park,CA,"Canada","Cultus Lake Waterpark",49.07634,-121.97443
botanical_garden,CA,"Canada","Devonian Gardens",51.0461,-114.072
theme_park,CA,"Canada","Dinotown",49.07419,-121.97322
botanical_garden,CA,"Canada","Dominion Arboretum",45.390833333,-75.704444444
theme_park,CA,"Canada","Dominion Park",45.57725,-73.51488889
botanical_garden,CA,"Canada","Dr. Sun Yat-Sen Classical Chinese Garden",49.27966,-123.10397
botanical_garden,CA,"Canada","Edwards Gardens",43.7339,-79.3594
national_park,CA,"Canada","Elk Island",53.6144,-112.866
theme_park,CA,"Canada","Fallsview Indoor Waterpark",43.0925,-79.0706
theme_park,CA,"Canada","Fantasy Gardens",49.13530556,-123.09019444
botanical_garden,CA,"Canada","Finnerty Gardens",48.4601,-123.317
national_park,CA,"Canada","Forillon",48.9,-64.35
botanical_garden,CA,"Canada","Fredericton",45.95238,-66.67974
theme_park,CA,"Canada","Froster Soak City",43.628333333,-79.4125
national_park,CA,"Canada","Fundy",45.595277777,-64.953888888
theme_park,CA,"Canada","Galaxyland",53.5236,-113.621
botanical_garden,CA,"Canada","George Pegg Homestead and",53.808688,-114.520896
national_park,CA,"Canada","Georgian Bay Islands",44.8778,-79.8747
national_park,CA,"Canada","Glacier",51.3,-117.519
national_park,CA,"Canada","Grasslands",49.15,-107.51
botanical_garden,CA,"Canada","Great Lakes Forestry Centre Arboretum",46.50265,-84.30174
national_park,CA,"Canada","Gros Morne",49.689444444,-57.738055555
national_park,CA,"Canada","Gulf Islands National Park Reserve",48.850555555,-123.447777777
national_park,CA,"Canada","Gwaii Haanas National Park Reserve and Haida Heritage Site",52.3892,-131.471
theme_park,CA,"Canada","Happyland Park",49.88166667,-97.17666667
botanical_garden,CA,"Canada","Harriet Irving",45.0874623,-64.3680962
botanical_garden,CA,"Canada","Humber Arboretum",43.7274,-79.612767
botanical_garden,CA,"Canada","International Peace Garden",49,-100.059491
theme_park,CA,"Canada","International Street (Canada's Wonderland)",43.8425,-79.5419
national_park,CA,"Canada","Ivvavik",69.5197,-139.525
botanical_garden,CA,"Canada","Jardin floral de La Pocatière",47.362789557,-70.0409534
national_park,CA,"Canada","Jasper",52.8,-117.9
theme_park,CA,"Canada","Joe's Scarecrow Village",46.4959,-61.0743
national_park,CA,"Canada","Kejimkujik",44.3992,-65.2183
theme_park,CA,"Canada","Kenosee Superslides",49.832,-102.276
national_park,CA,"Canada","Kluane National Park and Reserve",60.453611111,-137.829166666
national_park,CA,"Canada","Kootenay",50.8831,-116.049
national_park,CA,"Canada","Kouchibouguac",46.8497,-64.9669
national_park,CA,"Canada","La Mauricie",46.8,-72.9667
theme_park,CA,"Canada","La Ronde",45.5225,-73.535
theme_park,CA,"Canada","Le Pays de la Sagouine",46.4628,-64.7138
theme_park,CA,"Canada","Legoland Discovery Centre Toronto",43.8255,-79.539
theme_park,CA,"Canada","Magic Mountain Water Park",46.138,-64.888
theme_park,CA,"Canada","Marineland of Canada",43.0656,-79.0725
theme_park,CA,"Canada","Medieval Faire",43.8425,-79.5419
botanical_garden,CA,"Canada","Memorial University of Newfoundland",47.57083333,-52.75694444
national_park,CA,"Canada","Menissawok",49.7724,-109.45
theme_park,CA,"Canada","Mill River Fun Park",46.7477,-64.126
national_park,CA,"Canada","Mingan Archipelago National Park Reserve",50.2,-63.829166666
botanical_garden,CA,"Canada","Minter Gardens",49.183611111,-121.766111111
botanical_garden,CA,"Canada","Montreal",45.55987,-73.56396
botanical_garden,CA,"Canada","Montréal’s Rose Garden",45.5594,-73.55646
botanical_garden,CA,"Canada","Morgan Arboretum",45.4306,-73.9523
national_park,CA,"Canada","Mount Revelstoke",51.0858,-118.066
botanical_garden,CA,"Canada","Muttart Conservatory",53.5352,-113.477
national_park,CA,"Canada","Nááts'įhch'oh National Park Reserve",62.25,-128.25
national_park,CA,"Canada","Nahanni National Park Reserve",61.5971,-125.852
national_park,CA,"Canada","Nemiskam",49.5392,-111.417
botanical_garden,CA,"Canada","New Brunswick",47.443055555,-68.397222222
national_park,CA,"Canada","Niagara Falls",43.0827,-79.0742
botanical_garden,CA,"Canada","Nikka Yuko Japanese Garden",49.687581,-112.803399
theme_park,CA,"Canada","Ontario Place",43.629,-79.415
national_park,CA,"Canada","Pacific Rim National Park Reserve",48.983333333,-125.666666666
botanical_garden,CA,"Canada","Parc Marie-Victorin",45.853380555,-72.074788888
botanical_garden,CA,"Canada","Park and Tilford Gardens",49.30822,-123.04301
national_park,CA,"Canada","Pituamkek National Park Reserve",46.61229,-63.787655
theme_park,CA,"Canada","Playland",49.2827,-123.037
national_park,CA,"Canada","Point Pelee",41.966666666,-82.516666666
national_park,CA,"Canada","Prince Albert",53.9633,-106.37
national_park,CA,"Canada","Prince Edward Island",46.4167,-63.075
national_park,CA,"Canada","Pukaskwa",48.25,-85.916666666
national_park,CA,"Canada","Qausuittuq",76.124166666,-101.031111111
national_park,CA,"Canada","Quttinirpaaq",82.216666666,-72.216666666
botanical_garden,CA,"Canada","Regina Floral Conservatory",50.4633,-104.602
national_park,CA,"Canada","Riding Mountain",50.8639,-100.036
botanical_garden,CA,"Canada","Roger-Van den Hende",46.7789,-71.2882
national_park,CA,"Canada","Rouge National Urban Park",43.808333333,-79.15
botanical_garden,CA,"Canada","Royal",43.291111111,-79.875833333
national_park,CA,"Canada","Sable Island National Park Reserve",43.935277777,-59.906944444
theme_park,CA,"Canada","Santa's Village",45.02468,-79.3645
theme_park,CA,"Canada","Scarboro Beach",43.67,-79.292777777
national_park,CA,"Canada","Sirmilik",72.833333333,-80.583333333
theme_park,CA,"Canada","Sohmer Park",45.517479,-73.547567
national_park,CA,"Canada","South Okanagan-Similkameen National Park Reserve",49.16666667,-119.66666667
theme_park,CA,"Canada","Splash Island",43.82183,-79.18268
theme_park,CA,"Canada","Splash Works",43.8397,-79.5442
theme_park,CA,"Canada","Storybook Gardens",42.95733,-81.31526
theme_park,CA,"Canada","Storyland",45.5592,-76.67
theme_park,CA,"Canada","Sunnyside",43.6379,-79.4508
national_park,CA,"Canada","Terra Nova",48.5306,-53.9281
national_park,CA,"Canada","Thaidene Nëné National Park Reserve",62.7075,-108.634444444
theme_park,CA,"Canada","The Fox's Den",49.303129238,-123.130297614
national_park,CA,"Canada","Thousand Islands",44.3525,-75.955
national_park,CA,"Canada","Torngat Mountains",59.435833333,-63.696388888
botanical_garden,CA,"Canada","Toronto",43.7343,-79.3582
national_park,CA,"Canada","Tuktut Nogait",68.8187,-121.749
botanical_garden,CA,"Canada","UBC and Centre for Plant Research",49.253333333,-123.25
national_park,CA,"Canada","Ukkusiksalik",65.498611111,-87.895277777
botanical_garden,CA,"Canada","University of Alberta",53.4068255,-113.7600912
botanical_garden,CA,"Canada","University of Guelph Arboretum",43.5408,-80.215
theme_park,CA,"Canada","Upper Clements Parks",44.7029,-65.569
botanical_garden,CA,"Canada","VanDusen",49.239722222,-123.132222222
national_park,CA,"Canada","Vuntut",68.3069,-140.048
national_park,CA,"Canada","Wapusk",57.7739,-93.3714
national_park,CA,"Canada","Waterton Lakes",49.05,-113.933333333
national_park,CA,"Canada","Wawaskesy",50.476,-110.455
theme_park,CA,"Canada","Wet'n'Wild Toronto",43.7408,-79.6399
theme_park,CA,"Canada","Wild Rapids Waterslides",52.310833333,-114.100555555
national_park,CA,"Canada","Wood Buffalo",59.3833,-112.983
theme_park,CA,"Canada","World Waterpark",53.5219,-113.626
national_park,CA,"Canada","Yoho",51.3953,-116.487
national_park,CV,"Cape Verde","Fogo",14.958072222,-24.364655555
botanical_garden,CV,"Cape Verde","Jardim Botânico",15.048823,-23.603654
botanical_garden,CV,"Cape Verde","National of Grandvaux Barbosa",15.0542,-23.6042
national_park,CF,"Central African Republic","Andre Felix",9.440833333,23.343888888
national_park,CF,"Central African Republic","Bamingui-Bangoran National Park and Biosphere Reserve",8,19.5
national_park,CF,"Central African Republic","Dzanga-Ndoki",2.5,16.1667
national_park,CF,"Central African Republic","Manovo-Gounda St. Floris",8.5,21.5
national_park,CF,"Central African Republic","Mbaéré-Bodingué",3.833333333,17.166666666
national_park,TD,"Chad","Aouk",9.833055555,20.166666666
national_park,TD,"Chad","Goz Beïda",12.166666666,21.333055555
theme_park,TD,"Chad","KisneLand",12.132670373,15.047910141
national_park,TD,"Chad","Manda",9.294166666,17.940277777
national_park,TD,"Chad","Sena Oura",9.09583333,14.59388889
national_park,TD,"Chad","Siniaka-Minia",10.571668143,18.072350751
national_park,TD,"Chad","Zakouma",10.847777777,19.647777777
national_park,CL,"Chile","Alberto de Agostini",-54.749061111,-70.439669444
national_park,CL,"Chile","Alerce Andino",-41.57795,-72.54414
national_park,CL,"Chile","Alerce Costero",-40.071925,-73.405645
botanical_garden,CL,"Chile","Arboretum de la Universidad Austral de Chile",-39.79972222,-73.26191667
national_park,CL,"Chile","Archipiélago de Juan Fernández",-33.7297,-79.8692
national_park,CL,"Chile","Bernardo O'Higgins",-50,-74
national_park,CL,"Chile","Bosque Fray Jorge",-30.6625,-71.682777777
national_park,CL,"Chile","Cabo de Hornos",-55.833,-67.433
national_park,CL,"Chile","Cabo Froward",-53.892944444,-71.306416666
national_park,CL,"Chile","Cerro Castillo",-46.05,-72.18333333
botanical_garden,CL,"Chile","Chagual",-33.4048,-70.6065
national_park,CL,"Chile","Chiloé",-42.5129,-74.0341
national_park,CL,"Chile","Conguillío",-38.66666667,-71.65
national_park,CL,"Chile","Corcovado",-43.41666667,-72.71666667
national_park,CL,"Chile","Diego Ramirez Islands & Drake Passage",-56.5,-68.733333333
theme_park,CL,"Chile","Fantasilandia",-33.459556,-70.662783
national_park,CL,"Chile","Guamblin Island",-44.85,-75.08
national_park,CL,"Chile","Hornopirén",-41.916666666,-72.266666666
national_park,CL,"Chile","Huerquehue",-39.138611,-71.666389
national_park,CL,"Chile","Isla Magdalena",-44.66666667,-73.13333333
national_park,CL,"Chile","Kawésqar",-51.85,-74.32
national_park,CL,"Chile","La Campana",-32.966666666,-71.083333333
botanical_garden,CL,"Chile","La Universidad Austral de Chile",-39.8045,-73.2502
national_park,CL,"Chile","Laguna del Laja",-37.35,-71.25
national_park,CL,"Chile","Laguna San Rafael",-47,-74
national_park,CL,"Chile","Las Palmas de Cocalán",-34.19404,-71.0965
national_park,CL,"Chile","Lauca",-18.244444,-69.353889
national_park,CL,"Chile","Llanos de Challe",-28.16666667,-71
national_park,CL,"Chile","Llullaillaco",-24.71666667,-68.61666667
national_park,CL,"Chile","Melimoyu",-44.086710245,-73.089772674
national_park,CL,"Chile","Morro Moreno",-23.46444444,-70.56555556
botanical_garden,CL,"Chile","Nacional de Viña del Mar",-33.043889,-71.501111
national_park,CL,"Chile","Nahuelbuta",-37.78333333,-72.98333333
national_park,CL,"Chile","Nevado Tres Cruces",-27.056095,-69.0923078
national_park,CL,"Chile","Nonguén",-36.8979966,-72.9836764
botanical_garden,CL,"Chile","Omora Ethnobotanical Park",-54.938461,-67.626469
national_park,CL,"Chile","Pali-Aike",-52.1,-69.7333
national_park,CL,"Chile","Pan de Azúcar",-26.14972222,-70.65055556
national_park,CL,"Chile","Patagonia",-47.118333333,-72.484722222
national_park,CL,"Chile","Puyehue",-40.64888889,-72.08444444
national_park,CL,"Chile","Queulat",-44.4045,-72.4035
national_park,CL,"Chile","Radal Siete Tazas",-35.4588,-71.0306
national_park,CL,"Chile","Rapa Nui",-27.072877,-109.348579
national_park,CL,"Chile","Río Clarillo",-33.76666667,-70.45
national_park,CL,"Chile","Salar del Huasco",-20.3,-68.85
national_park,CL,"Chile","Santiago Glaciers",-33.186133209,-70.083100933
national_park,CL,"Chile","Tolhuaca",-38.2032,-71.8275
national_park,CL,"Chile","Torres del Paine",-50.98305556,-72.96638889
national_park,CL,"Chile","Vicente Pérez Rosales",-41.172222222,-72.448888888
national_park,CL,"Chile","Villarrica",-39.4931,-71.7168
national_park,CL,"Chile","Volcán Isluga",-19.15000001,-68.83333334
national_park,CL,"Chile","Yendegaia",-54.848992,-68.823255
national_park,CL,"Chile","Yendegaia National Park project",-54.849,-68.8233
national_park,CO,"Colombia","Amacayacu",-3.48333333,-70.2
national_park,CO,"Colombia","Bahía Portete – Kaurrele National Natural Park",12.11666667,-72.03333333
botanical_garden,CO,"Colombia","Bogotá",4.668211,-74.100198
national_park,CO,"Colombia","Catatumbo Barí National Natural Park",9.01795,-73.1611
national_park,CO,"Colombia","Chicamocha",6.7898,-73.003986111
national_park,CO,"Colombia","Chingaza National Natural Park",4.55,-73.7
national_park,CO,"Colombia","Chiribiquete",0.700607,-72.8054
theme_park,CO,"Colombia","Cici Aquapark",4.67055556,-74.08916667
national_park,CO,"Colombia","Corales de Profundidad National Natural Park",9.721388888,-76.294722222
national_park,CO,"Colombia","Cordillera de los Picachos National Natural Park",2.76667,-74.65
national_park,CO,"Colombia","El Cocuy",6.494351,-72.297709
national_park,CO,"Colombia","El Tuparro National Natural Park",4.97,-68.3
botanical_garden,CO,"Colombia","Eloy Valenzuela",7.068538049,-73.089915334
national_park,CO,"Colombia","Farallones de Cali National Natural Park",3.25,-76.65
national_park,CO,"Colombia","Gorgona Island",2.9675,-78.180277777
botanical_garden,CO,"Colombia","Guillermo Piñeres",10.355,-75.43
botanical_garden,CO,"Colombia","Jardín Botanico",4.51161,-75.65152
botanical_garden,CO,"Colombia","Jardín Botánico",4.79116667,-75.69013889
botanical_garden,CO,"Colombia","La Macarena",2.182795115,-73.788264064
national_park,CO,"Colombia","La Paya Natural",0.194258,-75.2351
national_park,CO,"Colombia","Las Hermosas National Natural Park",3.53333333,-75.95
national_park,CO,"Colombia","Los Katíos",7.8,-77.15
national_park,CO,"Colombia","Los Nevados National Natural Park",4.8,-75.366667
national_park,CO,"Colombia","Macuira National Natural Park",12.1386,-71.3323
botanical_garden,CO,"Colombia","Medellín",6.27083333,-75.56416667
national_park,CO,"Colombia","Munchique National Natural Park",2.7,-77.08333333
national_park,CO,"Colombia","Natural Sierra de La Macarena",2.633333333,-73.838611111
national_park,CO,"Colombia","Nevado del Huila",3,-76
national_park,CO,"Colombia","Old Providence McBean Lagoon National Natural Park",13.368888888,-81.340833333
theme_park,CO,"Colombia","PANACA",4.6077352,-75.8212993
national_park,CO,"Colombia","Paramillo National Natural Park",7.53951,-76.1222
national_park,CO,"Colombia","Puracé National Natural Park",2.246111111,-76.421666666
national_park,CO,"Colombia","Rosario and San Bernardo Corals National Natural Park",9.979,-75.792
theme_park,CO,"Colombia","Salitre Magico",4.668179,-74.09096
national_park,CO,"Colombia","Sanquianga National Natural Park",2.649719444,-78.285830555
national_park,CO,"Colombia","Selva de Florencia National Natural Park",5.48333,-75.0667
national_park,CO,"Colombia","Serranía de Los Churumbelos Auka-Wasi National Natural Park",1.24231111,-76.50787222
national_park,CO,"Colombia","Sierra de la Macarena National Nature Park",2.7705,-73.5011
national_park,CO,"Colombia","Sierra Nevada de Santa Marta",10.866666666,-73.716666666
national_park,CO,"Colombia","Sumapaz Natural Park",4.41667,-74.1
national_park,CO,"Colombia","Tayrona National Natural Park",11.28333333,-74.18333333
national_park,CO,"Colombia","Tinigua National Natural Park",2.51959,-74.1444
theme_park,CO,"Colombia","Ukumarí Biopark",4.800833333,-75.810833333
national_park,CO,"Colombia","Uramba Bahía Málaga National Natural Park",3.97592,-77.306
national_park,CO,"Colombia","Utría National Natural Park",5.98333,-77.35
national_park,CO,"Colombia","Yaigojé-Apaporis",-0.58145,-70.5324
national_park,CO,"Colombia","Yariguíes",6.55,-73.4333
national_park,KM,"Comoros","Coelacanth",-12.05,42.883333333
national_park,KM,"Comoros","Shisiwani",-12.165472222,44.202805555
national_park,CR,"Costa Rica","Arenal Volcano",10.463055555,-84.703055555
national_park,CR,"Costa Rica","Barbilla",9.942,-83.42
national_park,CR,"Costa Rica","Barra Honda",10.175,-85.33333333
national_park,CR,"Costa Rica","Braulio Carrillo",10.1599,-83.974425
national_park,CR,"Costa Rica","Cahuita",9.72916667,-82.825
national_park,CR,"Costa Rica","Carara",9.74722222,-84.62777778
national_park,CR,"Costa Rica","Chirripó",9.48,-83.48
national_park,CR,"Costa Rica","Cocos Island",5.53333,-87.0667
national_park,CR,"Costa Rica","Corcovado",8.55,-83.583333333
national_park,CR,"Costa Rica","Diriá",10.17305556,-85.59361111
national_park,CR,"Costa Rica","Guanacaste",10.83,-85.32388889
national_park,CR,"Costa Rica","Irazú Volcano",9.975,-83.865277777
national_park,CR,"Costa Rica","Juan Castro Blanco",10.2857034,-84.3293288
national_park,CR,"Costa Rica","La Cangreja",9.717,-84.373
botanical_garden,CR,"Costa Rica","Lankester",9.83889,-83.8903
national_park,CR,"Costa Rica","Las Baulas National Marine Park",10.318,-85.865
botanical_garden,CR,"Costa Rica","Las Cruces biological station and Wilson",8.784084755,-82.959877638
national_park,CR,"Costa Rica","Los Quetzales",9.58611111,-83.90722222
national_park,CR,"Costa Rica","Manuel Antonio",9.37555556,-84.13583333
national_park,CR,"Costa Rica","Marino Ballena",9.09193,-83.7323
national_park,CR,"Costa Rica","Palo Verde",10.39722222,-85.32333333
theme_park,CR,"Costa Rica","Parque de Diversiones",9.959951,-84.127478
botanical_garden,CR,"Costa Rica","Parque Zoológico Nacional Simón Bolívar",9.938888888,-84.0725
national_park,CR,"Costa Rica","Piedras Blancas",8.7,-83.261
national_park,CR,"Costa Rica","Poás Volcano",10.20141,-84.24179
national_park,CR,"Costa Rica","Rincón de la Vieja",10.83,-85.32388889
national_park,CR,"Costa Rica","Santa Rosa",10.88361111,-85.775
national_park,CR,"Costa Rica","Tapantí",9.770555555,-83.799722222
national_park,CR,"Costa Rica","Tenorio Volcano",10.666666666,-85
national_park,CR,"Costa Rica","Tortuguero",10.4232,-83.4967
national_park,CR,"Costa Rica","Turrialba Volcano",10.03,-83.77
national_park,CI,"Cote d'Ivoire","Assagny",5.2,-4.88333333
national_park,CI,"Cote d'Ivoire","Banco",5.394539,-4.05198097
botanical_garden,CI,"Cote d'Ivoire","Bingerville",5.362833,-3.889028
national_park,CI,"Cote d'Ivoire","Comoé",8.8225,-3.590555555
national_park,CI,"Cote d'Ivoire","Îles Ehotilés",5.17699,-3.22902
national_park,CI,"Cote d'Ivoire","Marahoué",7.1,-6.025
national_park,CI,"Cote d'Ivoire","Mont Péko",7.025,-7.23888889
national_park,CI,"Cote d'Ivoire","Mont Sângbé",7.98333333,-7.25
national_park,CI,"Cote d'Ivoire","Taï",5.75,-7.12
botanical_garden,HR,"Croatia","American gardens, Opatija",45.3295322,14.2986111
theme_park,HR,"Croatia","Aquacolors",45.1983,13.6052
national_park,HR,"Croatia","Brijuni",44.916667,13.766667
theme_park,HR,"Croatia","Dalmaland",43.931847,15.479445
theme_park,HR,"Croatia","Istralandia",45.3467,13.6171
national_park,HR,"Croatia","Kornati",43.783333333,15.333333333
national_park,HR,"Croatia","Krka",43.801944444,15.972777777
botanical_garden,HR,"Croatia","Lisičine Arboretum",45.6565991,17.5021756
national_park,HR,"Croatia","Mljet Nacionalni Park",42.7817,17.3852
national_park,HR,"Croatia","Northern Velebit",44.69305556,15.00694444
botanical_garden,HR,"Croatia","Opeka Arboretum",46.325427,16.149122
national_park,HR,"Croatia","Paklenica",44.44359,15.29022
national_park,HR,"Croatia","Plitvice Lakes",44.880445,15.616035
national_park,HR,"Croatia","Risnjak",45.431,14.651
botanical_garden,HR,"Croatia","Trsteno Arboretum",42.7123281,17.9765103
botanical_garden,HR,"Croatia","Una Mamea Park",44.6549332,16.0109313
botanical_garden,HR,"Croatia","Velebit",44.808685,14.975902
botanical_garden,HR,"Croatia","Zagreb",45.804864,15.971782
national_park,CU,"Cuba","Alexander von Humboldt",20.496745,-74.857897
national_park,CU,"Cuba","Caguanes",22.37972222,-79.12916667
national_park,CU,"Cuba","Ciénaga de Lanier",21.60055556,-82.8
botanical_garden,CU,"Cuba","Cienfuegos",22.12337,-80.32547
national_park,CU,"Cuba","Crystal Peak",20.586585644,-75.453461185
botanical_garden,CU,"Cuba","Cupaynicú",20.281058,-76.57322
national_park,CU,"Cuba","Desembarco del Granma",19.883333,-77.633333
botanical_garden,CU,"Cuba","Jardín de los Helechos de Santiago de Cuba",20.0166,-75.8166
national_park,CU,"Cuba","Jardines de la Reina",20.816666666,-78.916666666
national_park,CU,"Cuba","La Güira",22.701,-83.368
botanical_garden,CU,"Cuba","Nacional de Cuba",22.9915301,-82.3396254
national_park,CU,"Cuba","Pico La Bayamesa",20.033333333,-76.583333333
national_park,CU,"Cuba","Punta Francés Marine",21.5677,-83.144
national_park,CU,"Cuba","Turquino",19.989444444,-76.835833333
national_park,CW,"Curaçao","Christoffelpark",12.33333333,-69.11666667
national_park,CW,"Curaçao","Shete Boka",12.3675,-69.117138888
theme_park,CY,"Cyprus","Fasouri Watermania",34.652406,32.975104
theme_park,CY,"Cyprus","Parko Paliatso",34.98555,33.99769
theme_park,CY,"Cyprus","WaterWorld Water Park",34.98601,33.9432
theme_park,CZ,"Czech Republic","Amusement park at Prague Fairground",50.109278,14.426331
botanical_garden,CZ,"Czech Republic","And arboretum in Štramberk",49.5885053,18.125615
theme_park,CZ,"Czech Republic","Aquacentrum Bohumín",49.9089469,18.3664722
theme_park,CZ,"Czech Republic","Aquacentrum Pardubice",50.0337867,15.7824964
theme_park,CZ,"Czech Republic","Aqualand Moravia",48.9025,16.5736
theme_park,CZ,"Czech Republic","Aquapalace Praha",50.00749969,14.57111073
theme_park,CZ,"Czech Republic","Aquapark Kladno",50.1359139,14.0876075
theme_park,CZ,"Czech Republic","Aquapark Kohoutovice",49.1931992,16.5412369
theme_park,CZ,"Czech Republic","Aquapark Olomouc",49.574139,17.222444
theme_park,CZ,"Czech Republic","Aquapark Slaný",50.22686,14.0681314
theme_park,CZ,"Czech Republic","Aquapark Uherské Hradiště",49.0668989,17.4731917
botanical_garden,CZ,"Czech Republic","Arboretum Bílá Lhota",49.7106,16.977
botanical_garden,CZ,"Czech Republic","Arboretum Borotín",49.5842,16.6701
botanical_garden,CZ,"Czech Republic","Arboretum Brno",49.2148,16.6142
botanical_garden,CZ,"Czech Republic","Arboretum Bukovina",50.5489,15.1839
botanical_garden,CZ,"Czech Republic","Arboretum in Písek",49.3120193,14.1349302
botanical_garden,CZ,"Czech Republic","Arboretum in Vimperk",49.056225,13.775155
botanical_garden,CZ,"Czech Republic","Arboretum Jezeří",50.55337,13.5126681
botanical_garden,CZ,"Czech Republic","Arboretum Josefa Eberta",50.8689,15.1664
botanical_garden,CZ,"Czech Republic","Arboretum Kostelec nad Černými lesy",50.011016944,14.853292777
botanical_garden,CZ,"Czech Republic","Arboretum Křtiny",49.3215381,16.7397217
botanical_garden,CZ,"Czech Republic","Arboretum Nové Zákupy",50.6996,14.6566
botanical_garden,CZ,"Czech Republic","Arboretum Nový Dvůr",49.935029,17.770949
botanical_garden,CZ,"Czech Republic","Arboretum Řícmanice",49.266,16.684
botanical_garden,CZ,"Czech Republic","Arboretum Sofronka",49.7892,13.3861
botanical_garden,CZ,"Czech Republic","Arboretum Vrahovice",49.479605,17.145022
botanical_garden,CZ,"Czech Republic","Arboretum Žampach",50.0389969,16.4321067
theme_park,CZ,"Czech Republic","Boheminium",49.9714,12.7208
botanical_garden,CZ,"Czech Republic","Botanická zahrada Dubiny",49.889248611,14.653948333
botanical_garden,CZ,"Czech Republic","Botanická zahrada Petra Albrechta",49.467475555,17.117528611
botanical_garden,CZ,"Czech Republic","Botanická zahrada Univerzity Palackého",49.586189,17.249126
botanical_garden,CZ,"Czech Republic","Brno",49.2045,16.5963
theme_park,CZ,"Czech Republic","Centrum Eden",49.515694444,16.247695277
national_park,CZ,"Czech Republic","České Švýcarsko",50.8835,14.3893
botanical_garden,CZ,"Czech Republic","Czech University of Life Sciences Prague",50.1312831,14.3708539
botanical_garden,CZ,"Czech Republic","Dendrological Garden in Průhonice",50.0087611,14.5589356
theme_park,CZ,"Czech Republic","DinoPark Liberec",50.7692561,15.0596735
theme_park,CZ,"Czech Republic","DinoPark Ostrava",49.8528463,18.4553561
theme_park,CZ,"Czech Republic","DinoPark Plzeň",49.7598083,13.3575823
theme_park,CZ,"Czech Republic","DinoPark Praha",50.104575,14.4919121
theme_park,CZ,"Czech Republic","Dinopark Vyškov",49.2828,17.0214
theme_park,CZ,"Czech Republic","Farmapark Muchomůrka",50.6299994,15.807265
botanical_garden,CZ,"Czech Republic","Flora Olomouc",49.5933414,17.2591794
botanical_garden,CZ,"Czech Republic","Fritscheho arboretum",50.9203,14.4794
botanical_garden,CZ,"Czech Republic","In Bečov nad Teplou",50.0813889,12.8266667
botanical_garden,CZ,"Czech Republic","In Teplice",50.6384,13.8418
botanical_garden,CZ,"Czech Republic","Jablunkovské arboretum",49.5702928,18.7497264
national_park,CZ,"Czech Republic","Krkonoše",50.73611111,15.74027778
theme_park,CZ,"Czech Republic","Krokodýlek",49.607571166,17.254356166
botanical_garden,CZ,"Czech Republic","Liberec",50.77886082,15.07444382
theme_park,CZ,"Czech Republic","Lumina Park - Winter Village",50.0289069,14.4885939
theme_park,CZ,"Czech Republic","Majaland Praha",50.12668,14.28351
botanical_garden,CZ,"Czech Republic","Malešice",50.0886622,14.5149803
theme_park,CZ,"Czech Republic","Miniature park Miniuni",49.8312,18.2931
theme_park,CZ,"Czech Republic","Olympia Brno",49.1377,16.6332
theme_park,CZ,"Czech Republic","Park Mirakulum",50.239533866,14.860060214
theme_park,CZ,"Czech Republic","Permonium",49.1258189,16.3426167
national_park,CZ,"Czech Republic","Podyjí",48.84777778,15.89722222
botanical_garden,CZ,"Czech Republic","Prague",50.1187,14.4154
botanical_garden,CZ,"Czech Republic","Rose Garden",49.7776031,14.6580911
botanical_garden,CZ,"Czech Republic","Rose Garden (Děčín)",50.7793578,14.2115719
botanical_garden,CZ,"Czech Republic","Rose Garden Lidice",50.14337,14.197834
botanical_garden,CZ,"Czech Republic","Rozárium in Olomouc",49.5922775,17.261405
botanical_garden,CZ,"Czech Republic","Rozárium Kukleny",50.1992769,15.7882608
botanical_garden,CZ,"Czech Republic","Růžový sad",50.0816,14.3969
botanical_garden,CZ,"Czech Republic","Science Faculty, Charles University",50.0711,14.4213
theme_park,CZ,"Czech Republic","Šikland",49.4749,16.1674
botanical_garden,CZ,"Czech Republic","Skalničková zahrada Hlubočepy",50.042324,14.389376
botanical_garden,CZ,"Czech Republic","Smíchov",50.075012,14.408288
botanical_garden,CZ,"Czech Republic","Soutěžní rozárium Hradec Králové",50.199276888,15.788260805
botanical_garden,CZ,"Czech Republic","Společenská zahrada",50.0346189,14.4528864
botanical_garden,CZ,"Czech Republic","Stromovka",48.970833333,14.458333333
national_park,CZ,"Czech Republic","Šumava",49.060643055,13.482478888
theme_park,CZ,"Czech Republic","Superland",50.0470306,14.3545747
botanical_garden,CZ,"Czech Republic","Tábor",49.4144,14.6682
theme_park,CZ,"Czech Republic","Water World Kolín",50.0218981,15.1942417
theme_park,CZ,"Czech Republic","Wellness Kuřim",49.3099,16.5335
botanical_garden,CZ,"Czech Republic","Zoo Pilsen",49.7578,13.36
botanical_garden,CD,"Democratic Republic of the Congo","Eala",0.055,18.3111
national_park,CD,"Democratic Republic of the Congo","Garamba",4,29.25
national_park,CD,"Democratic Republic of the Congo","Kahuzi-Biéga",-2.314805555,28.758666666
botanical_garden,CD,"Democratic Republic of the Congo","Kinshasa",-4.309722222,15.309472222
botanical_garden,CD,"Democratic Republic of the Congo","Kisantu",-5.1359,15.0725
national_park,CD,"Democratic Republic of the Congo","Kundelungu",-10.25,27.6
national_park,CD,"Democratic Republic of the Congo","Lomami",-2,25.033333333
national_park,CD,"Democratic Republic of the Congo","Maiko",-0.4,27.56666667
national_park,CD,"Democratic Republic of the Congo","Salonga",-2,21
national_park,CD,"Democratic Republic of the Congo","Upemba",-9.01666667,26.58333333
national_park,CD,"Democratic Republic of the Congo","Virunga",-0.5,29.5
botanical_garden,DK,"Denmark","Aarhus",56.16055556,10.19083333
botanical_garden,DK,"Denmark","Aarhus Forestry",56.1254,10.2009
theme_park,DK,"Denmark","Alhambra",55.4852,9.46593
theme_park,DK,"Denmark","Alhambra Copenhagen",55.6745,12.5448
theme_park,DK,"Denmark","Badeland",56.80633,10.2731
botanical_garden,DK,"Denmark","Bangsbo Botaniske Have",57.42059444,10.50776667
theme_park,DK,"Denmark","BonBon-Land",55.26055556,11.86333333
theme_park,DK,"Denmark","Brændesgårdshaven",55.12916667,15.10361111
theme_park,DK,"Denmark","Camp Adventure",55.2587,11.9802
botanical_garden,DK,"Denmark","Den Jyske Skovhave",56.8168,9.8821
botanical_garden,DK,"Denmark","Den Økologiske Have",55.9769,10.1764
theme_park,DK,"Denmark","Djurs Sommerland",56.42478475,10.54992199
theme_park,DK,"Denmark","Dyrehavsbakken",55.7761,12.5739
theme_park,DK,"Denmark","Ejbybunkeren",55.6892486,12.4367182
theme_park,DK,"Denmark","Fårup Summer Park",57.27055556,9.64777778
botanical_garden,DK,"Denmark","Forstbotanisk Have",55.7511,12.5731
theme_park,DK,"Denmark","Fun Park Fyn",55.4249,10.0407
national_park,DK,"Denmark","Fussingø National Nature Park",56.4775,9.835472222
botanical_garden,DK,"Denmark","Geographical Garden",55.4727,9.4929
theme_park,DK,"Denmark","Historiecenter Dybbøl Banke",54.90666667,9.75444444
botanical_garden,DK,"Denmark","Hørsholm Arboretum",55.866666666,12.5075
theme_park,DK,"Denmark","Jesperhus",56.76131,8.82159
national_park,DK,"Denmark","Kongernes Nordsjælland",56.009955555,12.337758333
theme_park,DK,"Denmark","Korups Have",55.666527777,12.522916666
botanical_garden,DK,"Denmark","Kulturbotanisk Have",55.3988,10.4298
theme_park,DK,"Denmark","Lalandia Billund",55.7329,9.1383
theme_park,DK,"Denmark","Legoland Billund",55.73555556,9.12611111
national_park,DK,"Denmark","Mols Bjerge",56.207466666,10.512541666
theme_park,DK,"Denmark","Naturkraft",56.10211,8.24478
theme_park,DK,"Denmark","Nyvang",55.6934,11.7478
botanical_garden,DK,"Denmark","Paradishaven",55.2728,11.9226
botanical_garden,DK,"Denmark","Rold Skov",56.8,9.81666667
national_park,DK,"Denmark","Skjoldungernes Land",55.655,11.98
theme_park,DK,"Denmark","Sommerland Syd",54.963,9.18083
botanical_garden,DK,"Denmark","The University Garden at Frederiksberg",55.6808,12.542
national_park,DK,"Denmark","Thy",56.947,8.422
theme_park,DK,"Denmark","Tivoli Friheden",56.136416666,10.198083333
theme_park,DK,"Denmark","Tivoli Gardens",55.673611111,12.568333333
theme_park,DK,"Denmark","Universe",55.0405,9.8099
botanical_garden,DK,"Denmark","University of Copenhagen",55.686944444,12.573888888
national_park,DK,"Denmark","Wadden Sea",55.25,8.483333333
national_park,DJ,"Djibouti","Day Forest",11.8,42.683333333
national_park,DJ,"Djibouti","Yoboki",11.5103,42.1047
national_park,DM,"Dominica","Cabrits",15.586,-61.473
botanical_garden,DM,"Dominica","Dominica",15.301245,-61.381908
national_park,DM,"Dominica","Morne Diablotin",15.5,-61.4
national_park,DM,"Dominica","Morne Trois Pitons",15.266667,-61.283333
national_park,DO,"Dominican Republic","Anacaona",18.6,-71.13
national_park,DO,"Dominican Republic","Cotubanamá",18.2283,-68.683
botanical_garden,DO,"Dominican Republic","Dr. Rafael Ma. Moscoso National",18.4906,-69.9586
national_park,DO,"Dominican Republic","Jaragua",17.789228,-71.499023
botanical_garden,DO,"Dominican Republic","Jardín Botanico",4.51161,-75.65152
national_park,DO,"Dominican Republic","José Armando Bermúdez",19.288333333,-71.462777777
national_park,DO,"Dominican Republic","José del Carmen Ramírez",19.099480555,-71.228344444
national_park,DO,"Dominican Republic","La Gran Sabana",18.4,-71.383333333
national_park,DO,"Dominican Republic","Lago Enriqillo e Isla Cabritos",18.515,-71.660833
national_park,DO,"Dominican Republic","Los Haitises",19.02577,-69.62997
national_park,DO,"Dominican Republic","Monte Cristi",19.777042,-71.702271
national_park,DO,"Dominican Republic","Pueblo Viejo",19.2936,-70.5442
national_park,DO,"Dominican Republic","Sierra de Bahoruco",18.16,-71.5
national_park,DO,"Dominican Republic","Submarino La Caleta",18.4494,-69.6854
national_park,EC,"Ecuador","Antisana",-0.54,-78.03
botanical_garden,EC,"Ecuador","Atocha-La Liria",-1.241666666,-78.619722222
national_park,EC,"Ecuador","Cayambe Coca",0.05,-77.8
national_park,EC,"Ecuador","Cotopaxi",-0.684166666,-78.437222222
national_park,EC,"Ecuador","El Cajas",-2.846111111,-79.220277777
national_park,EC,"Ecuador","Galápagos",-0.333333333,-90
national_park,EC,"Ecuador","Llanganates",-1.13333333,-78.23333333
national_park,EC,"Ecuador","Machalilla",-1.5625,-80.83
national_park,EC,"Ecuador","Podocarpus",-4.28333333,-79
botanical_garden,EC,"Ecuador","Portoviejo",-1.041583,-80.453547
botanical_garden,EC,"Ecuador","Quito",-0.186175,-78.485112
national_park,EC,"Ecuador","Rio Negro Sopladora",-2.733852777,-78.54405
national_park,EC,"Ecuador","Sangay",-1.833333333,-78.333333333
national_park,EC,"Ecuador","Siete Iglesias Municipal Ecological Conservation Area",-3.1,-78.6
national_park,EC,"Ecuador","Sumaco Napo-Galeras",-0.383333,-77.55
theme_park,EC,"Ecuador","Vulqano Park",-0.191874,-78.5182
national_park,EC,"Ecuador","Yacurí",-4.706,-79.365
national_park,EC,"Ecuador","Yasuni",-0.77,-76.1
national_park,EG,"Egypt","Al-Fayrouz Garden",29.848076,31.334367
theme_park,EG,"Egypt","Amusement attractions at Abu el-Abbas el-Mursi Mosque",31.2051,29.8827
botanical_garden,EG,"Egypt","Aquarium Grotto Garden",30.056629,31.218705
botanical_garden,EG,"Egypt","Aswan",24.09366,32.88695
theme_park,EG,"Egypt","Dolphin World Egypt",26.99121,33.85269
theme_park,EG,"Egypt","Dream Park",29.9675,31.06
national_park,EG,"Egypt","Gabal Elba",22.9,35.34
national_park,EG,"Egypt","Gilf Kebir",23.75,25.833333333
national_park,EG,"Egypt","Green River Park",30.013889,31.656389
national_park,EG,"Egypt","International Park",30.04905,31.33649
theme_park,EG,"Egypt","Kouta Park",31.2846,30.0339
theme_park,EG,"Egypt","Luna Park, Cairo",30.092718,31.315358
theme_park,EG,"Egypt","Magic Land",29.9631,31.0249
theme_park,EG,"Egypt","Mini Egypt Park",26.98939,33.85288
botanical_garden,EG,"Egypt","Orman Garden",30.0292,31.2131
theme_park,EG,"Egypt","Pharaonic Village",29.997295,31.215216
theme_park,EG,"Egypt","Pickalbatros Jungle Aqua Park Resort",27.088875,33.823772
national_park,EG,"Egypt","Ras Muhammad",27.769444444,34.209722222
national_park,EG,"Egypt","Saint Katherine Protectorate",28.55,33.96666667
botanical_garden,EG,"Egypt","Thutmosis III",25.71776,32.65977
national_park,EG,"Egypt","Wadi el Gamal",24.3521,35.0487
national_park,EG,"Egypt","White Desert",27.277336111,28.200441666
national_park,SV,"El Salvador","El Boqueron",13.73333333,-89.28333333
national_park,SV,"El Salvador","El Imposible",13.84166667,-89.9575
botanical_garden,SV,"El Salvador","La Laguna",13.66995,-89.24675
national_park,SV,"El Salvador","Los Volcanes",13.8272,-89.6233
national_park,SV,"El Salvador","Montecristo",14.382413888,-89.388419444
theme_park,SV,"El Salvador","Sunset Park, La Libertad",13.486944444,-89.320833333
national_park,GQ,"Equatorial Guinea","Altos de Nsork",1.16,11.12
national_park,GQ,"Equatorial Guinea","Monte Alén",1.53,10.11
national_park,GQ,"Equatorial Guinea","Pico Basilé",3.58333333,8.76666667
national_park,ER,"Eritrea","Dahlak Marine",15.648,40.104
national_park,ER,"Eritrea","Semenawi Bahri",15.666666666,38.883333333
theme_park,EE,"Estonia","Atlantis H2O Aquapark",59.5085,24.8301
theme_park,EE,"Estonia","Kalev Spa Water Park",59.44,24.751111111
theme_park,EE,"Estonia","Lotte Village",58.304372079,24.591047034
theme_park,EE,"Estonia","Luna Luna",59.43686744,24.787495758
botanical_garden,EE,"Estonia","Luua Arboretum",58.64836111,26.59283333
botanical_garden,EE,"Estonia","Matsi Arboretum",59.348888888,25.335833333
theme_park,EE,"Estonia","Pokumaa",57.941817,26.585849
botanical_garden,EE,"Estonia","University of Tartu",58.384663,26.721153
theme_park,EE,"Estonia","Vembu-Tembumaa",59.228048973,24.709645604
national_park,SZ,"Eswatini","Hlane Royal",-26.25,31.88
national_park,ET,"Ethiopia","Abijatta-Shalla",7.5,38.5
national_park,ET,"Ethiopia","Alatish",11.09722222,35.06388889
national_park,ET,"Ethiopia","Awash",9,40
national_park,ET,"Ethiopia","Bale Mountains",6.75,39.75
national_park,ET,"Ethiopia","Chebera Churchura",6.87,36.66
national_park,ET,"Ethiopia","Gambela",8,34
national_park,ET,"Ethiopia","Geraille",4.568,40.255
national_park,ET,"Ethiopia","Kafta Sheraro",13.9997,37.0003
national_park,ET,"Ethiopia","Mago",5.66667,36.1667
national_park,ET,"Ethiopia","Maze",6.41666667,37.23333333
national_park,ET,"Ethiopia","Nechisar",6.033330555,37.5833
national_park,ET,"Ethiopia","Omo",6,35.83333333
national_park,ET,"Ethiopia","Senkelle Swayne's Hartebeest Sanctuary",7.18333333,38.33333333
national_park,ET,"Ethiopia","Simien Mountains",13.183333333,38.066666666
national_park,ET,"Ethiopia","Yabelo Wildlife Sanctuary",4.91667,38.4167
national_park,ET,"Ethiopia","Yangudi Rassa",11,40.8333
national_park,FJ,"Fiji","Koroyanitu",-17.677971723,177.598328884
botanical_garden,FJ,"Fiji","Thurston Gardens",-18.1491,178.4247
theme_park,FI,"Finland","Ålandsparken",60.0909,19.9321
theme_park,FI,"Finland","Angry Birds Land",61.506501845,23.74557003
botanical_garden,FI,"Finland","Anja's Park",61.6531,27.3768
botanical_garden,FI,"Finland","Arboretum Mustila",60.730833,26.424444
national_park,FI,"Finland","Archipelago",60,22
botanical_garden,FI,"Finland","Botania",62.60248,29.72369
national_park,FI,"Finland","Bothnian Bay",65.622777777,24.319444444
national_park,FI,"Finland","Bothnian Sea",60.979,21.0986
theme_park,FI,"Finland","Doghill",61.50373,23.73962
national_park,FI,"Finland","Eastern Gulf of Finland",60.28472222,27.27388889
national_park,FI,"Finland","Ekenäs Archipelago",59.82277778,23.45416667
theme_park,FI,"Finland","Elves village",67.86436997,24.861466433
theme_park,FI,"Finland","Flowpark",60.43083333,22.32083333
national_park,FI,"Finland","Hämeenlinna National Urban Park",61,24.466667
botanical_garden,FI,"Finland","Hatanpää Arboretum",61.4825,23.75
national_park,FI,"Finland","Helvetinjärvi",62.03333333,23.85
national_park,FI,"Finland","Hiidenportti",63.87277778,29.05861111
national_park,FI,"Finland","Hossa",65.441944444,29.555
botanical_garden,FI,"Finland","Hörtsänä Arboretum",61.711666666,24.32
national_park,FI,"Finland","Isojärvi",61.69833333,25.01083333
botanical_garden,FI,"Finland","Jyväskylä University",62.23625,25.732667
botanical_garden,FI,"Finland","Kaisaniemi",60.1722,24.9475
national_park,FI,"Finland","Kauhaneva–Pohjankangas",62.177277777,22.412583333
botanical_garden,FI,"Finland","Koivuhaka Arboretum",60.305,25.008
national_park,FI,"Finland","Koli",63.0575,29.88722222
national_park,FI,"Finland","Kolovesi",62.2575,28.81666667
botanical_garden,FI,"Finland","Kumpula",60.202312133,24.955394118
national_park,FI,"Finland","Kurjenrahka",60.72055556,22.38361111
national_park,FI,"Finland","Lauhanvuori",62.15194444,22.175
national_park,FI,"Finland","Leivonmäki",61.93333333,26.03333333
national_park,FI,"Finland","Lemmenjoki",68.61185,25.87152
national_park,FI,"Finland","Liesjärvi",60.68055556,23.85833333
theme_park,FI,"Finland","Linnanmäki",60.18833333,24.94027778
national_park,FI,"Finland","Linnansaari",62.11055556,28.50944444
botanical_garden,FI,"Finland","Meilahti Arboretum",60.1919,24.8898
theme_park,FI,"Finland","Moominworld",60.47305557,22.00472223
botanical_garden,FI,"Finland","Mynnilä Arboretum",61.55559,25.76368
theme_park,FI,"Finland","Neula",61.50527778,23.74388889
theme_park,FI,"Finland","Nokkakivi",62.245588,26.13862
national_park,FI,"Finland","Nuuksio",60.31666667,24.46666667
national_park,FI,"Finland","Oulanka",66.37305556,29.33861111
national_park,FI,"Finland","Päijänne",61.38666667,25.39333333
national_park,FI,"Finland","Pallas-Yllästunturi",68.0931,24.01989
national_park,FI,"Finland","Patvinsuo",63.11138889,30.70444444
national_park,FI,"Finland","Petkeljärvi",62.58333333,31.18333333
theme_park,FI,"Finland","Peukkula",62.235983,25.813794
theme_park,FI,"Finland","PowerPark",63.228330555,22.859719444
botanical_garden,FI,"Finland","Punkaharju arboretum",61.80166667,29.31527778
theme_park,FI,"Finland","Puuhamaa",60.8094351,24.612659
theme_park,FI,"Finland","Puuhapuisto Veijari",62.740278,25.173611
national_park,FI,"Finland","Puurijärvi-Isosuo",61.24916667,22.56694444
national_park,FI,"Finland","Pyhä-Häkki",62.84555556,25.4725
national_park,FI,"Finland","Pyhä-Luosto",67.06638889,26.97361111
national_park,FI,"Finland","Repovesi",61.18333333,26.88333333
national_park,FI,"Finland","Riisitunturi",66.23333333,28.5
national_park,FI,"Finland","Rokua",64.55611111,26.51
national_park,FI,"Finland","Salamajärvi",63.26666667,24.75
national_park,FI,"Finland","Salla",66.783333333,28.866666666
theme_park,FI,"Finland","Santa Claus Village",66.54354,25.846509
theme_park,FI,"Finland","Santa Park",66.54361111,25.84444444
theme_park,FI,"Finland","Särkänniemi",61.505277777,23.743888888
botanical_garden,FI,"Finland","Savonlinna Campus",61.868056,28.886111
national_park,FI,"Finland","Seitseminen",61.93333333,23.43333333
theme_park,FI,"Finland","Serena Waterpark",60.325833,24.740556
national_park,FI,"Finland","Sipoonkorpi",60.315,25.21888889
national_park,FI,"Finland","Southern Konnevesi",62.55,26.63333333
national_park,FI,"Finland","Syöte",65.7475,27.9119
national_park,FI,"Finland","Teijo",60.223888888,22.960277777
national_park,FI,"Finland","Tiilikkajärvi",63.6667,28.3
national_park,FI,"Finland","Torronsuo",60.73444444,23.61805556
theme_park,FI,"Finland","Tropiclandia",63.087778,21.586667
botanical_garden,FI,"Finland","Turku University",60.433333333,22.171944444
theme_park,FI,"Finland","Tykkimäki",60.884722,26.775556
botanical_garden,FI,"Finland","University of Helsinki",60.172222222,24.9475
botanical_garden,FI,"Finland","University of Kuopio",62.8933,27.6793
botanical_garden,FI,"Finland","University of Oulu",65.0631,25.4653
national_park,FI,"Finland","Urho Kekkonen",68.33878,28.34516
national_park,FI,"Finland","Valkmusa",60.56277778,26.70555556
theme_park,FI,"Finland","Vauhtipuisto",65.0284681,25.419462
botanical_garden,FI,"Finland","Viikki Arboretum",60.218,25.008
theme_park,FI,"Finland","Visulahti",61.700808333,27.343436111
theme_park,FI,"Finland","Wasalandia",63.0880105,21.5731215
botanical_garden,FI,"Finland","Winter Garden, Helsinki",60.185823394,24.931942094
botanical_garden,FR,"France","Abbaye de Chaalis - Roseraie",49.1475,2.686666666
theme_park,FR,"France","AkOatys",-21.263101,55.334239
botanical_garden,FR,"France","Alpin Daniella",45.8213,1.251
theme_park,FR,"France","Animaparc Occitanie",43.78753,1.13207
theme_park,FR,"France","Antibes Land",43.612944444,7.121861111
theme_park,FR,"France","Aqualand Bassin d'Arcachon",44.61778,-1.10041
theme_park,FR,"France","Aqualand Cap d'Agde",43.27962,3.49701
theme_park,FR,"France","Aquascope",46.665615,0.364933
botanical_garden,FR,"France","Arboretum Curie",44.730555555,3.589722222
botanical_garden,FR,"France","Arboretum d'Amance",48.7513,6.336
botanical_garden,FR,"France","Arboretum d'Arpajon-sur-Cère",44.9047,2.4575
botanical_garden,FR,"France","Arboretum d'Élan",49.65611111,4.75444444
botanical_garden,FR,"France","Arboretum d'Harcourt",49.173,0.788
botanical_garden,FR,"France","Arboretum d'Olhain",50.442431,2.57463
botanical_garden,FR,"France","Arboretum de Bains-les-Bains",47.999,6.233
botanical_garden,FR,"France","Arboretum de Balaine",46.697,3.2464
botanical_garden,FR,"France","Arboretum de Bellefontaine",48.72155,6.1328
botanical_garden,FR,"France","Arboretum de Beynost",45.84410032,4.99492764
botanical_garden,FR,"France","Arboretum de Born",44.56,3.56
botanical_garden,FR,"France","Arboretum de Calmels",43.709011111,2.695011111
botanical_garden,FR,"France","Arboretum de Camors",47.848611111,-2.999722222
botanical_garden,FR,"France","Arboretum de Cardeilhac",43.298333333,0.684444444
botanical_garden,FR,"France","Arboretum de Cazebonne",43.97,3.44
botanical_garden,FR,"France","Arboretum de Chamberet",45.589207,1.721074
botanical_garden,FR,"France","Arboretum de Charvols",45.3383,3.7331
botanical_garden,FR,"France","Arboretum de Chèvreloup",48.83027778,2.11166667
botanical_garden,FR,"France","Arboretum de Chevreuil",46.847215,6.006695
botanical_garden,FR,"France","Arboretum de Combe Noire",44.966666666,5.783333333
botanical_garden,FR,"France","Arboretum de Contrexéville",48.185277777,5.896388888
botanical_garden,FR,"France","Arboretum de Craonne",49.443061111,3.786661111
botanical_garden,FR,"France","Arboretum de Font-Romeu",42.516619,2.049873
botanical_garden,FR,"France","Arboretum de Fontenoy-le-Château",47.99166667,6.21944444
botanical_garden,FR,"France","Arboretum de Forêt Verte",49.513,1.08
botanical_garden,FR,"France","Arboretum de Fresse-sur-Moselle",47.876666666,6.788055555
botanical_garden,FR,"France","Arboretum de Gratteloup",43.178414,6.334535
botanical_garden,FR,"France","Arboretum de Grignon",48.8476,1.9433
botanical_garden,FR,"France","Arboretum de Guignicourt-sur-Vence",49.682222222,4.652777777
botanical_garden,FR,"France","Arboretum de Jouéou",42.7917,0.594722
botanical_garden,FR,"France","Arboretum de l'Abiétinée",48.70836667,6.19486111
botanical_garden,FR,"France","Arboretum de l'École du Breuil",48.82138889,2.45638889
botanical_garden,FR,"France","Arboretum de l'Étang David",50.1671,3.7045
botanical_garden,FR,"France","Arboretum de l'Étoile des Andaines",48.589258,-0.496801
botanical_garden,FR,"France","Arboretum de l'Hermet",45.23,4.4
botanical_garden,FR,"France","Arboretum de L'Hôpital",49.166666666,6.733333333
botanical_garden,FR,"France","Arboretum de l'Hort de Dieu",44.116977777,3.583038888
botanical_garden,FR,"France","Arboretum de l'Ile de la Ronde",46.30543,3.29334
botanical_garden,FR,"France","Arboretum de la Cude",47.72,6.26
botanical_garden,FR,"France","Arboretum de la Forêt d'Épinal",48.183333333,6.45
botanical_garden,FR,"France","Arboretum de la Fosse",47.776436,0.846462
botanical_garden,FR,"France","Arboretum de la Foux",44.131666666,3.384722222
botanical_garden,FR,"France","Arboretum de la Grand Prée",47.960694444,0.230638888
botanical_garden,FR,"France","Arboretum de la Hutte",48.045739,6.080377
botanical_garden,FR,"France","Arboretum de la Jonchère",46,1.468611111
botanical_garden,FR,"France","Arboretum de la Petite Loiterie",47.65,0.837
botanical_garden,FR,"France","Arboretum de la Pipe Qui Fume",49.85685,4.7719
botanical_garden,FR,"France","Arboretum de La Roche-Guyon",49.09888889,1.63972222
botanical_garden,FR,"France","Arboretum de la Sédelle",46.365839,1.607421
botanical_garden,FR,"France","Arboretum de la Sivrite",48.67,6.07
botanical_garden,FR,"France","Arboretum de la Tuillère",45.2753966,1.3213363
botanical_garden,FR,"France","Arboretum de la Vallée-aux-Loups",48.77165,2.27049
botanical_garden,FR,"France","Arboretum de Matton-Clémency",49.67005,5.21429
botanical_garden,FR,"France","Arboretum de Mazeley",47.95,5.75
botanical_garden,FR,"France","Arboretum de Montmorency",47.95,5.75
botanical_garden,FR,"France","Arboretum de Montsûrs",48.1347,-0.5525
botanical_garden,FR,"France","Arboretum de Neuville-de-Poitou",46.680846,0.245453
botanical_garden,FR,"France","Arboretum de Papuakeikaa",-8.921111111,-139.571111111
botanical_garden,FR,"France","Arboretum de Pézanin",46.34805556,4.48055556
botanical_garden,FR,"France","Arboretum de Podestat",44.851944444,0.483055555
botanical_garden,FR,"France","Arboretum de Puéchagut",43.990555555,3.571666666
botanical_garden,FR,"France","Arboretum de Ripaille",46.39154444,6.50088056
botanical_garden,FR,"France","Arboretum de Royat",45.755,3.024
botanical_garden,FR,"France","Arboretum de Saint Guillem",42.4047,2.47972
botanical_garden,FR,"France","Arboretum de Segrez",48.546111111,2.177222222
botanical_garden,FR,"France","Arboretum de Septmonts",49.33,3.36
botanical_garden,FR,"France","Arboretum de Tigny-Noyelle",50.35,1.7
botanical_garden,FR,"France","Arboretum de Tournay",43.185,0.246388888
botanical_garden,FR,"France","Arboretum de Varennes-en-Argonne",49.2262,5.0312
botanical_garden,FR,"France","Arboretum de Vendresse",49.61666667,4.8
botanical_garden,FR,"France","Arboretum de Villardebelle",43.01666667,2.38333333
botanical_garden,FR,"France","Arboretum de Xertigny",48.0438,6.4039
botanical_garden,FR,"France","Arboretum départemental de Beauregard",44.105934166,4.917156111
botanical_garden,FR,"France","Arboretum des Grandes Bruyères",47.836111111,2.757222222
botanical_garden,FR,"France","Arboretum des Grands Murcins",46.2036,5.1426
botanical_garden,FR,"France","Arboretum des Milelli",41.9179,8.7383
botanical_garden,FR,"France","Arboretum des Pouyouleix",45.47307,0.88922
botanical_garden,FR,"France","Arboretum des Prés des Culands",47.823333333,1.694166666
botanical_garden,FR,"France","Arboretum des Quintes",47.87,0.23
botanical_garden,FR,"France","Arboretum des Sarteaux",49.7539,4.7911
botanical_garden,FR,"France","Arboretum du château de Neuvic d'Ussel",45.381,2.273
botanical_garden,FR,"France","Arboretum du Chemin de la Découverte",46.2228,-0.1439
botanical_garden,FR,"France","Arboretum du Chêne-Vert",45.881111111,0.7206
botanical_garden,FR,"France","Arboretum du Col du Las",48.337222222,7.0525
botanical_garden,FR,"France","Arboretum du Cranou",48.317,-4.083
botanical_garden,FR,"France","Arboretum du Figuier",43.42,3.407
botanical_garden,FR,"France","Arboretum du Font de l'Orme",43.801666666,5.063888888
botanical_garden,FR,"France","Arboretum du Grenouillet",43.86453,3.584815
botanical_garden,FR,"France","Arboretum du Haut Jacques",48.275,6.8625
botanical_garden,FR,"France","Arboretum du Lampy",43.36,2.169
botanical_garden,FR,"France","Arboretum du Mas du Rouquet",43.803611111,3.323611111
botanical_garden,FR,"France","Arboretum du Massif des Agriers",45.6864,2.3574
botanical_garden,FR,"France","Arboretum du parc de Rouelles",49.52777778,0.17861111
botanical_garden,FR,"France","Arboretum du Petit-Bois",49.2725,5.141666666
botanical_garden,FR,"France","Arboretum du Planel",42.953055555,2.372780555
botanical_garden,FR,"France","Arboretum du Puy Chabrol",45.67,2.025
botanical_garden,FR,"France","Arboretum du Puy du Fou",46.893333333,-0.931944444
botanical_garden,FR,"France","Arboretum du Sarroudier",43.7755,7.4755
botanical_garden,FR,"France","Arboretum du Treps",43.24,6.31
botanical_garden,FR,"France","Arboretum du Val d'Ainan",45.19,5.778
botanical_garden,FR,"France","Arboretum et parc de la Rigolée",46.5816,3.3137
botanical_garden,FR,"France","Arboretum Gaston Allard",47.451,-0.5425
botanical_garden,FR,"France","Arboretum Jean Aubouin",45.49,0.415
botanical_garden,FR,"France","Arboretum le Jardin de Gaston",43.633148,4.808825
botanical_garden,FR,"France","Arboretum Marcel Kroenlein",44.096111111,7.088333333
botanical_garden,FR,"France","Arboretum municipal de Verrières-le-Buisson",48.75166667,2.27027778
botanical_garden,FR,"France","Arboretum national des Barres",47.83611111,2.75722222
botanical_garden,FR,"France","Arboretum of Canet-en-Roussillon",42.708388888,2.983972222
botanical_garden,FR,"France","Arboretum Paul Barge",46.0321,3.6516
botanical_garden,FR,"France","Arboretum Robert Ruffier-Lanche",45.194167,5.777778
botanical_garden,FR,"France","Arboretum Saint-Antoine",48.041666666,3.911944444
botanical_garden,FR,"France","Arboretum Vilmorin",48.749879,2.268323
botanical_garden,FR,"France","Balata Garden",14.69027778,-61.01583333
botanical_garden,FR,"France","Bambouseraie de Prafrance",44.0703204,3.9772224
botanical_garden,FR,"France","Bayeux",49.2855,-0.7176
botanical_garden,FR,"France","Bayonne",43.4923,-1.4793
botanical_garden,FR,"France","Besançon",47.2433,6.0145
botanical_garden,FR,"France","Bois des Moutiers",49.91166667,0.98305556
botanical_garden,FR,"France","Bordeaux",44.846483333,-0.563402777
botanical_garden,FR,"France","Botanic school of Jardin des Plantes",48.843888888,2.359444444
botanical_garden,FR,"France","Botanical Conservatory of Brest",48.4021,-4.4473
theme_park,FR,"France","Bournat park",44.9129,0.933136
botanical_garden,FR,"France","Briollay",47.565,-0.50722222
botanical_garden,FR,"France","Cactus Park",43.3489,3.4195
botanical_garden,FR,"France","Cactuseraie d'Escaïre-Figue",43.2966,2.2237
botanical_garden,FR,"France","Caen",49.1891,-0.37159
national_park,FR,"France","Calanques",43.20944444,5.44916667
botanical_garden,FR,"France","Camifolia",47.2141,-0.7336
theme_park,FR,"France","Cap'Découverte",44.019833,2.143972
theme_park,FR,"France","Cardoland",47.457936,3.669162
botanical_garden,FR,"France","Causses",44.09861111,3.07833333
botanical_garden,FR,"France","Cayenne",4.939,-52.3203
botanical_garden,FR,"France","Cemetery Cimetière Parc",47.2707,-1.5837
botanical_garden,FR,"France","Centre Horticole de la Ville de Paris",48.7486,2.3389
national_park,FR,"France","Cévennes",44.2,3.4
botanical_garden,FR,"France","Chanousia Alpine",45.674837,6.88052
botanical_garden,FR,"France","Château de Mongenan",44.696111111,-0.430833333
botanical_garden,FR,"France","Château de Vauville",49.635,-1.845277777
theme_park,FR,"France","City of Space",43.58691667,1.49327778
theme_park,FR,"France","Cobac Parc",48.4492,-1.83163
botanical_garden,FR,"France","Col de Saverne",48.750893,7.342065
botanical_garden,FR,"France","Conservatoire du Bégonia",45.9245,-0.9558
botanical_garden,FR,"France","Conservatoire National des Plantes à Parfum, Médicinales, Aromatiques et Industrielles",48.39694444,2.47916667
botanical_garden,FR,"France","Conservatoire national du Pélargonium",47.0719,2.361
botanical_garden,FR,"France","Cordeliers",44.09333333,6.23638889
botanical_garden,FR,"France","D'Alaije",45.365,0.64972222
botanical_garden,FR,"France","D'Aubrac",44.59138889,2.92194444
botanical_garden,FR,"France","D'Auvergne",45.78055556,3.0875
botanical_garden,FR,"France","D'Èze",43.72805556,7.36111111
theme_park,FR,"France","Dennlys Park",50.57055556,2.15416667
botanical_garden,FR,"France","Deshaies",16.2997,-61.7992
theme_park,FR,"France","Didi'Land",48.913038,7.752748
theme_park,FR,"France","Disney Adventure World",48.867222222,2.778888888
theme_park,FR,"France","Disneyland Paris",48.868719444,2.7818
theme_park,FR,"France","Disneyland Park",48.872608,2.776747
botanical_garden,FR,"France","Domaine d'Emeraude",14.7495,-61.10149
botanical_garden,FR,"France","Domaine du Café Grillé",-21.30676,55.42335
botanical_garden,FR,"France","Domaine du Rayol",43.1554,6.4806
botanical_garden,FR,"France","E.M. Heckel",43.2598,5.3847
national_park,FR,"France","Écrins",44.855833333,6.263611111
botanical_garden,FR,"France","Épanchoir de Foucaud",43.2276,2.32
botanical_garden,FR,"France","Espace botanique du Frasnois",46.619,5.8814
botanical_garden,FR,"France","Et verger de La Bussière",46.6353,0.824444
botanical_garden,FR,"France","Ethnobotanical Garden of Eyne",42.475555555,2.079444444
botanical_garden,FR,"France","Ethnobotanical gardens of Gardie",44.1797,4.15083
theme_park,FR,"France","Exalto",45.78549,4.896305
botanical_garden,FR,"France","Exotique de Menton",43.7847,7.5112
theme_park,FR,"France","Festyland",49.182778,-0.423056
theme_park,FR,"France","Fête des Tuileries",48.864596328,2.328470507
theme_park,FR,"France","Floralix",47.8402,1.9377
botanical_garden,FR,"France","Floralpina",50.2852,2.758
theme_park,FR,"France","Foire des Rameaux",45.1955,5.7175
botanical_garden,FR,"France","Foncaude",42.939166,2.914614
national_park,FR,"France","Forêts",47.9,4.83
theme_park,FR,"France","Fort Aventure",48.5972,6.09056
botanical_garden,FR,"France","Fossilea",45.8795,4.6758
theme_park,FR,"France","Fraispertuis City",48.323993,6.728562
theme_park,FR,"France","Futuroscope",46.669166666,0.368888888
botanical_garden,FR,"France","Gondremer",48.2925,6.7225
national_park,FR,"France","Guadeloupe",16.083333333,-61.683333333
national_park,FR,"France","Guiana Amazonian Park",2.83833333,-53.77222222
botanical_garden,FR,"France","Guyana",5.02108,-52.5256
theme_park,FR,"France","Hameau Dubœuf",46.17627,4.73495
botanical_garden,FR,"France","Harmas de Fabre",44.1875,4.84055556
botanical_garden,FR,"France","Henri Gaussen",43.59333333,1.44972222
botanical_garden,FR,"France","Herbarium at Saint-Valery-sur-Somme",50.1889,1.63056
botanical_garden,FR,"France","Herbularium du Morvan",47.2753,4.099
theme_park,FR,"France","Jacquou Parc",44.98938,0.88847
botanical_garden,FR,"France","Jardin Alpin",48.84404,2.3587
botanical_garden,FR,"France","Jardin aux Plantes la Bouichère",43.0692,2.223
theme_park,FR,"France","Jardin d'Acclimatation",48.8775,2.26305556
botanical_garden,FR,"France","Jardin d'acclimatation du Mourillon",43.1088,5.9464
botanical_garden,FR,"France","Jardin d'agrumes du Palais Carnolès",43.7673,7.4886
botanical_garden,FR,"France","Jardin d'altitude du Haut Chitelet",48.05138889,7.01166667
botanical_garden,FR,"France","Jardin d'Éden, Île de la Réunion",-21.0774,55.2294
botanical_garden,FR,"France","Jardin de l'État",-20.887444,55.451611
botanical_garden,FR,"France","Jardin de la Perrine",48.066111111,-0.769444444
botanical_garden,FR,"France","Jardin de Planbuisson",44.8461,0.910278
botanical_garden,FR,"France","Jardin de Saint-Adrien",43.398,3.32553
botanical_garden,FR,"France","Jardin des Arômes",44.3555,5.1343
botanical_garden,FR,"France","Jardin des Olfacties",46.6968,-1.7628
botanical_garden,FR,"France","Jardin des Paradis",44.0644,1.95361
botanical_garden,FR,"France","Jardin des plantes",48.843888888,2.359722222
botanical_garden,FR,"France","Jardin des Plantes d'Angers",47.4748,-0.5445
botanical_garden,FR,"France","Jardin des plantes d'Orléans",47.8908,1.89694
botanical_garden,FR,"France","Jardin des plantes de La Rochelle",46.1651,-1.1505
botanical_garden,FR,"France","Jardin des Plantes de Lille",50.6149,3.0682
botanical_garden,FR,"France","Jardin des plantes de Montpellier",43.6143,3.8717
botanical_garden,FR,"France","Jardin des plantes de Nantes",47.21944444,-1.54277778
botanical_garden,FR,"France","Jardin des Plantes de Poitiers",46.5875,0.348
botanical_garden,FR,"France","Jardin des Plantes de Rouen",49.4221,1.0771
botanical_garden,FR,"France","Jardin des plantes de Saint-Etienne",45.43431,4.39923
botanical_garden,FR,"France","Jardin des Plantes de Saint-Pierre",14.7496,-61.1677
botanical_garden,FR,"France","Jardin des Plantes, Grenoble",45.18752,5.73561
botanical_garden,FR,"France","Jardin des Plantes, Toulouse",43.5929,1.4511
botanical_garden,FR,"France","Jardin des serres d'Auteuil",48.846944,2.252222
botanical_garden,FR,"France","Jardin Dominique Alexandre Godron",48.6948,6.189
botanical_garden,FR,"France","Jardin du Pré-Catelan",48.8647,2.25306
botanical_garden,FR,"France","Jardin exotique de Ponteilla",42.62277778,2.82111111
botanical_garden,FR,"France","Jardin Exotique de Roscoff",48.7161,-3.9703
botanical_garden,FR,"France","Jardin exotique du Fort Napoléon",15.8752,-61.5825
botanical_garden,FR,"France","Jardin géo-botanique de Chalon-sur-Saône",46.7856,4.8604
botanical_garden,FR,"France","Jardin Georges Delaselle",48.739329,-3.992822
botanical_garden,FR,"France","Jardin japonais de Toulouse",43.611666666,1.431944444
botanical_garden,FR,"France","Jardin Jungle Karlostachys",50.025553,1.450882
botanical_garden,FR,"France","Jardin Musée de Limeuil",44.88638889,0.88916667
botanical_garden,FR,"France","Jardin Royal",43.5956,1.45028
botanical_garden,FR,"France","Jardin Serre de la Madone",43.7755,7.4755
botanical_garden,FR,"France","Jardin zoologique tropical",43.13805556,6.23444444
botanical_garden,FR,"France","Jardins d'Eau",44.84083333,1.27694444
botanical_garden,FR,"France","Jardins de Callunes",48.3402,7.0146
botanical_garden,FR,"France","Jardins de Castillon-Plantbessin",49.20680369,-0.797447567
botanical_garden,FR,"France","Jardins de Coursiana",43.9777,0.4926
botanical_garden,FR,"France","Jardins de Maizicourt",50.1964,2.1233
botanical_garden,FR,"France","Jardins de Salagon",43.936426,5.765333
botanical_garden,FR,"France","Jardins de Valloires",50.3475,1.8205
botanical_garden,FR,"France","Jardins des Martels",43.7496,1.78634
botanical_garden,FR,"France","Jardins du Muséum",43.594146,1.449398
botanical_garden,FR,"France","Jardins du Nouveau Monde",49.5183,3.1533
botanical_garden,FR,"France","Jardins suspendus",49.5043,0.094
botanical_garden,FR,"France","Jaÿsinia",46.085,6.7265
botanical_garden,FR,"France","L'Arquebuse",47.3214,5.0279
botanical_garden,FR,"France","L'École nationale vétérinaire d'Alfort",48.8126,2.425
botanical_garden,FR,"France","L'Evêché",45.827304,1.267118
botanical_garden,FR,"France","L'Hôpital d'Instruction des Armées Clermont-Tonnerre",48.39239,-4.49444
botanical_garden,FR,"France","L'Institut National",48.8471,1.9428
botanical_garden,FR,"France","L'Université de Rennes",48.11777778,-1.64
botanical_garden,FR,"France","L'Université de Strasbourg",48.583611111,7.766666666
botanical_garden,FR,"France","La Bastide",44.846,-0.5623
botanical_garden,FR,"France","La Charme",45.800507,3.123904
botanical_garden,FR,"France","La Faculté de Pharmacie",50.6058,3.0419
botanical_garden,FR,"France","La Faculté de Pharmacie d'Angers",47.48,-0.5584
botanical_garden,FR,"France","La Font de Bézombes",43.65055556,3.50416667
theme_park,FR,"France","La Mer de sable",49.145388888,2.67635
theme_park,FR,"France","La Petite Couère",47.7297,-0.9037
botanical_garden,FR,"France","La Presle",49.148265,3.923042
theme_park,FR,"France","La Récré des 3 Curés",48.4729,-4.52579
botanical_garden,FR,"France","La Roche Fauconnière",49.6235,-1.621771
botanical_garden,FR,"France","La Villa Thuret",43.56388889,7.12444444
botanical_garden,FR,"France","La Ville de Nice",43.6851,7.2101
botanical_garden,FR,"France","Lautaret Garden",45.036,6.4002
theme_park,FR,"France","Le Fleury",50.274913,3.290601
theme_park,FR,"France","Le Jardin des Bêtes",44.393608089,2.691248434
botanical_garden,FR,"France","Le Naturoptère",44.186583333,4.839486111
theme_park,FR,"France","Le Pal",46.5073,3.6305
botanical_garden,FR,"France","Le Parc aux Bambous",43.1467,1.7511
botanical_garden,FR,"France","Le Vasterival",49.91527778,0.96833333
theme_park,FR,"France","Les Antilles de Jonzac",45.4389,-0.426389
botanical_garden,FR,"France","Les Cèdres",43.6916,7.3262
botanical_garden,FR,"France","Les Chemins de la Rose",47.18656,-0.31217
botanical_garden,FR,"France","Les Épines de Lespinet",42.9664,1.60778
theme_park,FR,"France","Les Poussins, Parc de la Citadelle",50.6391,3.04864
theme_park,FR,"France","Lillom",50.65405,2.982975
botanical_garden,FR,"France","Littoral Paul Jovet",43.4043,-1.6512
theme_park,FR,"France","Luna Park",48.8795,2.28344
theme_park,FR,"France","Luna park frejus",43.42099,6.72841
theme_park,FR,"France","Luna Park La Palmyre",45.72586,-1.17334
botanical_garden,FR,"France","Lyon",45.7754,4.8564
theme_park,FR,"France","Magic Park Land",43.3657041,5.1876785
theme_park,FR,"France","Magic-City",48.86166667,2.30416667
botanical_garden,FR,"France","Manor d'Eyrignac Gardens",44.939928,1.31518
theme_park,FR,"France","Marineland",43.615,7.125
botanical_garden,FR,"France","Marnay-sur-Seine",48.5,3.55
botanical_garden,FR,"France","Mascarin de La Réunion",-21.137531457,55.295686109
national_park,FR,"France","Mercantour",44.16666667,7.08333333
botanical_garden,FR,"France","Metz",49.104480833,6.162610277
theme_park,FR,"France","Mirapolis",49.055,1.99916667
botanical_garden,FR,"France","Mont Cenis",45.239249,6.95038
botanical_garden,FR,"France","Montagnard",45.0428,4.2402
botanical_garden,FR,"France","Montagnes Noires",48.1757,-3.7274
botanical_garden,FR,"France","Montet",48.659444444,6.153611111
botanical_garden,FR,"France","Montmarin gardens",48.59974,-2.02699
botanical_garden,FR,"France","Muséum d'histoire naturelle de Chambéry",45.5641,5.91631
botanical_garden,FR,"France","Muséum national d'histoire naturelle",48.842222222,2.356111111
botanical_garden,FR,"France","National Alpine Botanical Conservatory",44.5763,6.0513
botanical_garden,FR,"France","National Botanical Conservatory of Bailleul",50.74666667,2.75305556
botanical_garden,FR,"France","Nature et Paysages",43.73972222,0.5625
botanical_garden,FR,"France","NaturoSpace",49.42569,0.22937
botanical_garden,FR,"France","Nicolas Boulay",50.6327,3.0447
theme_park,FR,"France","Nigloland",48.264175,4.61701944
theme_park,FR,"France","O'Gliss Park",46.455522,-1.420657
botanical_garden,FR,"France","Oiseaux",45.6414,0.756389
theme_park,FR,"France","OK Corral",43.267886,5.729326
theme_park,FR,"France","Papea Parc",48.0019,0.253611
theme_park,FR,"France","Parc Ange Michel",48.5699,-1.20069
botanical_garden,FR,"France","Parc Arboretum de Montfermeil",48.896631,2.569706
botanical_garden,FR,"France","Parc Arboretum de Saint-Setiers",45.6975,2.13083333
botanical_garden,FR,"France","Parc Arboretum du Manoir aux Loups",50.7624,3.1442
botanical_garden,FR,"France","Parc archéologique et botanique de Solutré",46.2978,4.7198
theme_park,FR,"France","Parc Astérix",49.135277777,2.571666666
theme_park,FR,"France","Parc aux dinosaures",45.009467503,1.086439662
theme_park,FR,"France","Parc Avenue",44.5431,4.36639
theme_park,FR,"France","Parc Bagatelle",50.43,1.6028
botanical_garden,FR,"France","Parc botanique de Cornouaille",47.887622,-4.192384
botanical_garden,FR,"France","Parc botanique de Kerbihan",47.806,-3.2677
botanical_garden,FR,"France","Parc botanique de la Teyssonnière",46.2036,5.1426
botanical_garden,FR,"France","Parc botanique de la Tour Vieille",44.1117,4.079
botanical_garden,FR,"France","Parc botanique de Launay",48.700906,2.172946
botanical_garden,FR,"France","Parc botanique de Neuvic",45.10138889,0.46972222
botanical_garden,FR,"France","Parc botanique de Suscinio",48.57833333,-3.82666667
botanical_garden,FR,"France","Parc botanique Deau",45.5994,-0.7486
botanical_garden,FR,"France","Parc botanique du Château d'Ouge",47.7967,5.706
botanical_garden,FR,"France","Parc botanique du Prieuré d'Orchaise",47.5887,1.2007
botanical_garden,FR,"France","Parc de Bagatelle",48.87138889,2.24722222
botanical_garden,FR,"France","Parc de l'Étang",47.429444,5.637778
theme_park,FR,"France","Parc de la Toison d'or",47.355113546,5.055016026
theme_park,FR,"France","Parc des Combes",46.8124,4.41166
theme_park,FR,"France","Parc des Naudières",47.26815,-1.697103
theme_park,FR,"France","Parc du Bocasse",49.6018,1.079
botanical_garden,FR,"France","Parc du Brûlet",45.7461,4.80528
botanical_garden,FR,"France","Parc du Mugel",43.1648,5.6054
theme_park,FR,"France","Parc du Petit Prince",47.860833333,7.296944444
botanical_garden,FR,"France","Parc et Roseraie du Château de Rambures",49.94416667,1.7075
botanical_garden,FR,"France","Parc Exotica",-21.3004,55.4338
theme_park,FR,"France","Parc Fenestre",45.585642,2.739984
botanical_garden,FR,"France","Parc Floral de la Source",47.8475,1.93777778
botanical_garden,FR,"France","Parc floral et arboré de la Chènevière",46.09944444,3.44527778
botanical_garden,FR,"France","Parc Jardins du Monde",45.63,-1.0125
theme_park,FR,"France","Parc océanique Cousteau",48.8629,2.34343
botanical_garden,FR,"France","Parc Oriental de Maulévrier",47.0037,-0.7502
botanical_garden,FR,"France","Parc Phœnix",43.668111111,7.215611111
botanical_garden,FR,"France","Parc Pierquin",49.7743,4.71271
botanical_garden,FR,"France","Parc Raymond-Sibille, Antony",48.7559,2.29889
theme_park,FR,"France","Parc Saint-Paul",49.4218,1.98122
theme_park,FR,"France","Parc Spirou",44.022107,4.966632
botanical_garden,FR,"France","Parc zoologique de Montpellier",43.639513888,3.873847222
botanical_garden,FR,"France","Parc Zoologique et Botanique de Mulhouse",47.73616667,7.34794444
botanical_garden,FR,"France","Parcours botanique Au fil de l'Indre",47.28833333,0.71444444
botanical_garden,FR,"France","Pépinières Arboretum Adeline",47.1725,2.98944444
botanical_garden,FR,"France","Pierre Fabre du Bosc dal Mas",43.566666666,2.116666666
theme_park,FR,"France","Planète magique",48.8666,2.35349
theme_park,FR,"France","Playmobil FunPark Fresnes",48.755191666,2.330480555
botanical_garden,FR,"France","Poërop Arboretum",48.357,-3.74
national_park,FR,"France","Port-Cros",43.004166666,6.395277777
theme_park,FR,"France","Préhisto Dino Parc",44.83061034,1.566905862
botanical_garden,FR,"France","Promenade de l'Helvétie",47.2425,6.02732
botanical_garden,FR,"France","Puech",43.6953,3.315
theme_park,FR,"France","Puy du Fou",46.893333333,-0.931944444
botanical_garden,FR,"France","Pyrénéen de Melles",42.86888889,0.75916667
national_park,FR,"France","Pyrénées",42.8275,-0.175833333
botanical_garden,FR,"France","Pyrénées occidentales",43.358,-0.248
national_park,FR,"France","Réunion",-21.15,55.5
botanical_garden,FR,"France","Rose garden of Parc Mauresque (Arcachon)",44.657442,-1.173269
botanical_garden,FR,"France","Roseraie de Bagatelle",48.8673,2.24423
botanical_garden,FR,"France","Roseraie de Bercy",48.835719097,2.381376057
botanical_garden,FR,"France","Roseraie de la Pépinière",48.69836,6.18319
botanical_garden,FR,"France","Roseraie de Montauban",44.01289,1.36757
botanical_garden,FR,"France","Roseraie de Saverne",48.743001,7.356083
botanical_garden,FR,"France","Roseraie du Val-de-Marne",48.776333333,2.334777777
botanical_garden,FR,"France","Roseraie internationale de Lyon",45.78263,4.85216
botanical_garden,FR,"France","Roseraie Jean-Dupont",47.8896,1.9069
botanical_garden,FR,"France","Royal garden of medical plants",48.8439,2.35972
botanical_garden,FR,"France","Saint Xist",43.83194444,3.17333333
botanical_garden,FR,"France","Saint-Chamond",45.4775,4.51527778
botanical_garden,FR,"France","Saint-Vincent-de-Paul",43.74777778,-0.9975
botanical_garden,FR,"France","Sannois des Plantes Médicinales",48.97222222,2.25777778
botanical_garden,FR,"France","Sedan",49.6972,4.9464
botanical_garden,FR,"France","Sentier botanique de Soyaux",45.6414,0.198611
botanical_garden,FR,"France","Serres de l'Université de Bourgogne",47.3139,5.0713
botanical_garden,FR,"France","Serres municipales de Sens",48.1858,3.279
botanical_garden,FR,"France","Talence",44.8099,-0.5905
theme_park,FR,"France","Tellure",48.213385,7.137089
theme_park,FR,"France","Terra Botanica",47.5011,-0.57
botanical_garden,FR,"France","Terra Botanica",47.5011,-0.57
botanical_garden,FR,"France","Textile",47.51277778,4.53194444
botanical_garden,FR,"France","Thabor",48.1144,-1.6669
theme_park,FR,"France","Théâtre de Poséidon",49.1330774,2.570546
botanical_garden,FR,"France","Tourcoing",50.724457539,3.168106223
botanical_garden,FR,"France","Tourmalet",42.90833333,0.145
botanical_garden,FR,"France","Tours",47.38777778,0.66666667
theme_park,FR,"France","Ty' Bamboo",48.5175,2.62389
botanical_garden,FR,"France","Universitaire de Poitiers",46.5565,0.4092
botanical_garden,FR,"France","Upper Brittany",48.42972222,-1.26083333
botanical_garden,FR,"France","Val d'Yser",50.916805555,2.547027777
national_park,FR,"France","Vanoise",45.3333,6.83333
botanical_garden,FR,"France","Village arboretum de Vernet-les-Bains",42.55,2.38861
theme_park,FR,"France","Vulcania",45.81361111,2.94027778
theme_park,FR,"France","Walibi Rhône-Alpes",45.62138889,5.57027778
theme_park,FR,"France","Walygator Grand-Est",49.227,6.156
theme_park,FR,"France","Walygator Sud-Ouest",44.186878,0.576317
theme_park,FR,"France","Winnoland",48.592222222,2.515555555
botanical_garden,FR,"France","Yves Rocher",47.773056,-2.132222
botanical_garden,FR,"France","Yves Rocher de La Gacilly",47.76555556,-2.13111111
botanical_garden,FR,"France","Zoo and of Branféré",47.5951,-2.39549
theme_park,FR,"France","Zygofolis",43.71222,7.20778
national_park,GA,"Gabon","Akanda",0.61666667,9.55
national_park,GA,"Gabon","Batéké Plateau",-2.188,14.02
national_park,GA,"Gabon","Birougou",-1.76666667,12.26666667
national_park,GA,"Gabon","Crystal Mountains",0.805,10.16
national_park,GA,"Gabon","Ivindo",0.088,12.63
national_park,GA,"Gabon","Loango",-2.16666667,9.56666667
national_park,GA,"Gabon","Lopé",-0.525334,11.5428
national_park,GA,"Gabon","Mayumba",-3.8,11.0125
national_park,GA,"Gabon","Minkébé",1.67977222,12.75950278
national_park,GA,"Gabon","Moukalaba-Doudou",-2.43,10.42
national_park,GA,"Gabon","Mwagna",0.485395833,13.780819166
national_park,GA,"Gabon","Pongara",0.12453,9.53905
national_park,GA,"Gabon","Waka",-1.27088,11.0392
national_park,GE,"Georgia","Algeti",41.58333333,44.51666667
botanical_garden,GE,"Georgia","Batumi",41.692716666,41.719783333
theme_park,GE,"Georgia","Batumi Dolphinarium",41.647688888,41.623180555
national_park,GE,"Georgia","Borjomi-Kharagauli",41.84,43.13
national_park,GE,"Georgia","Javakheti",41.229637,43.380915
national_park,GE,"Georgia","Kazbegi",42.65,44.633333
national_park,GE,"Georgia","Kintrishi Protected Landscape",41.682,42.039
national_park,GE,"Georgia","Kolkheti",42.11083333,41.69611111
botanical_garden,GE,"Georgia","Kutaisi",42.279,42.71
national_park,GE,"Georgia","Lagodekhi Protected Areas",41.82,46.28
national_park,GE,"Georgia","Machakhela",41.52025556,41.71966944
national_park,GE,"Georgia","Mtirala",41.684194,41.859856
botanical_garden,GE,"Georgia","National of Georgia",41.686111111,44.8075
national_park,GE,"Georgia","Okatse Canyon Natural Monument",42.447777777,42.551944444
national_park,GE,"Georgia","Pshav-Khevsureti",42.66,45.16
botanical_garden,GE,"Georgia","Sukhumi",43.006111111,41.023611111
national_park,GE,"Georgia","Tbilisi",41.8667,44.9333
national_park,GE,"Georgia","Tusheti",42.41,45.48694444
national_park,GE,"Georgia","Vashlovani",41.2,46.383333333
botanical_garden,GE,"Georgia","Zugdidi",42.511389,41.878056
botanical_garden,DE,"Germany","Aachen",50.778927,6.0458914
theme_park,DE,"Germany","Aaseebad Ibbenbüren",52.26329,7.73155
botanical_garden,DE,"Germany","Adorf",50.3062,12.246
theme_park,DE,"Germany","Ainring adventure pool",47.8208,12.950622
botanical_garden,DE,"Germany","Akademischer Forstgarten Gießen",50.5573,8.7142
theme_park,DE,"Germany","ALOHA Osterode",51.7243,10.247902777
botanical_garden,DE,"Germany","Alpengarten Pforzheim",48.8621,8.7327
botanical_garden,DE,"Germany","Alpengarten Schachen",47.420804,11.112447
theme_park,DE,"Germany","Alpincenter Bottrop",51.5242,6.96611
theme_park,DE,"Germany","Alpincenter Hamburg-Wittenburg",53.5082,11.0938
botanical_garden,DE,"Germany","Alter",48.141842066,11.564299402
botanical_garden,DE,"Germany","Alter Hamburg",53.559888888,9.985222222
botanical_garden,DE,"Germany","Alter Tübingen",48.5234,9.0571
botanical_garden,DE,"Germany","And Botanical Museum Berlin",52.455,13.3036
botanical_garden,DE,"Germany","Apothecary garden Torgau",51.560427805,13.005677374
botanical_garden,DE,"Germany","Apothekergarten Wiesbaden",50.08796,8.27368
theme_park,DE,"Germany","Aqualand Köln",51.026547,6.908558
theme_park,DE,"Germany","AquaMagis Plettenberg",51.231944444,7.85
botanical_garden,DE,"Germany","Arboretum Burgholz",51.2667,7.18333
botanical_garden,DE,"Germany","Arboretum Erbsland",53.3214,12.84
botanical_garden,DE,"Germany","Arboretum Freiburg-Günterstal",47.972801,7.842693
botanical_garden,DE,"Germany","Arboretum Habichtsborn",51.3279837,9.6761119
botanical_garden,DE,"Germany","Arboretum Heppenheim an der Bergstraße",49.635,8.64277778
botanical_garden,DE,"Germany","Arboretum Koblenz",50.35222,7.58124
botanical_garden,DE,"Germany","Arboretum Lauda",49.5595109,9.7010605
botanical_garden,DE,"Germany","Arboretum Lehmkuhlen",54.2263,10.3606
botanical_garden,DE,"Germany","Arboretum Lohbrügge",53.50388889,10.19916667
botanical_garden,DE,"Germany","Arboretum Main-Taunus",50.1356,8.54972
botanical_garden,DE,"Germany","Arboretum Neuenkoop",53.148819444,8.454838888
botanical_garden,DE,"Germany","Arboretum of Mainau",47.704986,9.197102
botanical_garden,DE,"Germany","Arboretum Park Härle",50.7152,7.16911
botanical_garden,DE,"Germany","Arboretum Riddagshausen",52.2623438,10.5885994
botanical_garden,DE,"Germany","Arboretum Tannenhöft",53.661648,10.255494
botanical_garden,DE,"Germany","Arboretum Wildeshausen",52.8813,8.4276
botanical_garden,DE,"Germany","Arktisch-Alpiner Pflanzengarten und Alpine Staudengärtnerei",51.16666667,12.91666667
botanical_garden,DE,"Germany","Arktisch-Alpiner-Garten der Walter-Meusel-Stiftung",50.8876,12.9399
botanical_garden,DE,"Germany","Aromagarten Erlangen",49.6025,11.0156
theme_park,DE,"Germany","Arriba",53.689472222,10.001305555
theme_park,DE,"Germany","Astronomiepark Ingolstadt",48.760425,11.427022
theme_park,DE,"Germany","Atlantis Dorsten",51.666711,6.963682
botanical_garden,DE,"Germany","Augsburg",48.349769511,10.912423818
theme_park,DE,"Germany","Badeparadies Schwarzwald",47.906875,8.159468
botanical_garden,DE,"Germany","Bastionsgarten",48.894136,11.171297
botanical_garden,DE,"Germany","Bastionsgarten (Eichstätt)",48.894166666,11.171111111
theme_park,DE,"Germany","Bavaria Filmstadt",48.06537208,11.55399942
national_park,DE,"Germany","Bavarian Forest",48.966666666,13.383333333
theme_park,DE,"Germany","Bayern Park",48.5306,12.6356
theme_park,DE,"Germany","Belantis",51.2518,12.3153
national_park,DE,"Germany","Berchtesgaden",47.57,12.96
theme_park,DE,"Germany","Bergbau-Technik-Park",51.2465,12.4212
botanical_garden,DE,"Germany","Berggarten",52.3941,9.69876
botanical_garden,DE,"Germany","Bielefeld",52.0147,8.51
botanical_garden,DE,"Germany","Biosphere Prieros, Brandenburg, Germany.",52.22,13.773055555
national_park,DE,"Germany","Black Forest",48.56111111,8.22138889
botanical_garden,DE,"Germany","Bonn",50.7247,7.09167
botanical_garden,DE,"Germany","Botanical Garden",53.0663,8.85228
botanical_garden,DE,"Germany","Botanika",53.0936,8.88492
botanical_garden,DE,"Germany","Botanikum",48.190117859,11.519166884
botanical_garden,DE,"Germany","Botanischer Erlebnisgarten Altenburg",50.9904,12.4311
botanical_garden,DE,"Germany","Botanischer Garten",52.3509,14.5298
botanical_garden,DE,"Germany","Botanischer Obstgarten Heilbronn",49.1512,9.23472
botanical_garden,DE,"Germany","Botanischer Schulgarten Burg",52.3986,9.69306
botanical_garden,DE,"Germany","Botanischer Sondergarten Wandsbek",53.5824,10.0985
botanical_garden,DE,"Germany","Brocken Garden",51.798333333,10.6175
botanical_garden,DE,"Germany","Buddenberg-Arboretum",51.733,9.0391
theme_park,DE,"Germany","Bulabana",51.13958,11.78064
botanical_garden,DE,"Germany","Bunter Garten",51.2039,6.43389
botanical_garden,DE,"Germany","Café Luitpold",48.143,11.575
theme_park,DE,"Germany","Cavalluna Park",48.20947,11.61834
theme_park,DE,"Germany","Centro-Park",51.4917,6.87667
botanical_garden,DE,"Germany","Chemnitz",50.8502675,12.8902626
botanical_garden,DE,"Germany","Court Garden",48.39505,11.730392
theme_park,DE,"Germany","Deutscher Märchenwald Altenberg",51.059659,7.132258
theme_park,DE,"Germany","Dinosaur Land",54.5636,13.5254
theme_park,DE,"Germany","Dinosaur Park Kleinwelka",51.2071,14.3844
theme_park,DE,"Germany","Dinosaurierpark Münchehagen",52.4426,9.20061
botanical_garden,DE,"Germany","Duisburg-Hamborn",51.4869,6.7665
botanical_garden,DE,"Germany","Duissern",51.4358,6.79725
botanical_garden,DE,"Germany","Düsseldorf",51.1869,6.8025
national_park,DE,"Germany","Eifel",50.6167,6.43333
theme_park,DE,"Germany","Eifelpark",49.9628,6.6175
theme_park,DE,"Germany","Eins-und-Alles Welzheim",48.8819,9.60675
theme_park,DE,"Germany","El Dorado Templin",53.094,13.4496
theme_park,DE,"Germany","Elbamare",51.04369,13.66967
theme_park,DE,"Germany","Elbauenpark",52.1349,11.669
national_park,DE,"Germany","Elbtalaue",53.24,10.9
botanical_garden,DE,"Germany","Ellerhoop-Thiensen Arboretum",53.7173,9.77642
botanical_garden,DE,"Germany","Erlangen",49.5992,11.0067
theme_park,DE,"Germany","Erlebnisbergwerk Merkers",50.8196,10.1236
theme_park,DE,"Germany","Erlebnisbergwerk St.-Veit-Zeche Kupferberg",50.1358,11.58086
theme_park,DE,"Germany","Erlebnispark Schloss Thurn",49.6852,10.9992
theme_park,DE,"Germany","Erlebnispark Steinau an der Straße",50.2961,9.48611
theme_park,DE,"Germany","Erlebnispark Tripsdrill",49.0353,9.0525
theme_park,DE,"Germany","Erlebnistierpark Jägerhof",47.92472222,9.22027778
theme_park,DE,"Germany","Erlebniszentrum Naturgewalten Sylt",55.01952,8.43842
theme_park,DE,"Germany","Erse Park",52.4728,10.2311
theme_park,DE,"Germany","Europa-Park",48.268333,7.720833
botanical_garden,DE,"Germany","Europa-Rosarium",51.4752,11.3148
botanical_garden,DE,"Germany","Europe's Rose Garden",49.25161,7.37195
botanical_garden,DE,"Germany","Exotarium Oberhof",50.7069,10.7244
botanical_garden,DE,"Germany","Exotenwald Weinheim",49.5408,8.675
botanical_garden,DE,"Germany","Experimenteller",51.5578,9.9623
theme_park,DE,"Germany","Familienpark Sottrum",52.0714,10.1333
theme_park,DE,"Germany","Filmpark Babelsberg",52.38655,13.11705
theme_park,DE,"Germany","Findlingsgarten Zitterpenningshagen",54.258444444,13.087194444
theme_park,DE,"Germany","Findlingspark Nochten",51.4361,14.6042
botanical_garden,DE,"Germany","Flora und Köln",50.95932,6.97194
botanical_garden,DE,"Germany","For handicaped persons Radeberg",51.105011,13.922714
botanical_garden,DE,"Germany","Forstbotanischer Garten (Göttingen)",51.557666666,9.961638888
botanical_garden,DE,"Germany","Forstbotanischer Garten Eberswalde",52.8251,13.7961
botanical_garden,DE,"Germany","Forstbotanischer Garten in Hannoversch Münden",51.415,9.6595
botanical_garden,DE,"Germany","Forstbotanischer Garten Köln",50.885,6.97944
botanical_garden,DE,"Germany","Forstbotanischer Garten Tharandt",50.984363,13.57819
botanical_garden,DE,"Germany","Forstbotanischer Garten und Pflanzengeographisches Arboretum der Universität Göttingen",51.5578,9.9623
botanical_garden,DE,"Germany","Forstlicher Versuchsgarten Grafrath",48.1312,11.1585
theme_park,DE,"Germany","Fort Fun Abenteuerland",51.3086,8.4375
botanical_garden,DE,"Germany","Fort X",50.95772,6.96155
botanical_garden,DE,"Germany","Frankfurt am Main",50.1272,8.65833
theme_park,DE,"Germany","Fränkisches Wunderland",49.6571,11.4632
botanical_garden,DE,"Germany","Freiburg",48.0097,7.85833
theme_park,DE,"Germany","Freizeit-Land Geiselwind",49.7804,10.4576
theme_park,DE,"Germany","Freizeitbad Billy in Berggießhübel",50.877491,13.953157
theme_park,DE,"Germany","Freizeitbad Greifswald",54.0876,13.418
theme_park,DE,"Germany","Freizeitpark Kirchhorst",52.45,9.925
theme_park,DE,"Germany","Freizeitpark Lochmühle",50.2839,8.58361
theme_park,DE,"Germany","Freizeitpark Plohn",50.56583333,12.39972222
botanical_garden,DE,"Germany","Friedhof II Plauen",50.507114,12.150408
theme_park,DE,"Germany","Funny-World",48.2938,7.73238
botanical_garden,DE,"Germany","Für Arznei- und Gewürzpflanzen Oberholz",51.2603892,12.5002485
theme_park,DE,"Germany","GalaxSea",50.898,11.58228
theme_park,DE,"Germany","Geibeltbad Pirna",50.946018,13.940674
botanical_garden,DE,"Germany","Gera",50.8758,12.0878
theme_park,DE,"Germany","German Bratwurst Museum",51.195246187,10.396731049
botanical_garden,DE,"Germany","Gewächshaus für tropische Nutzpflanzen",51.3445,9.8605
botanical_garden,DE,"Germany","Gießen",50.5864,8.67889
theme_park,DE,"Germany","Gildehofbad",51.4532,7.0164
botanical_garden,DE,"Germany","Greifswald and Arboretum",54.09361111,13.36694444
botanical_garden,DE,"Germany","Griesbadgasse 30; Griesbadgasse 38 in Ingolstadt",48.76277425,11.419577091
botanical_garden,DE,"Germany","Grugapark",51.4281,6.9876
botanical_garden,DE,"Germany","Gruson-Gewächshäuser",52.1138,11.6316
theme_park,DE,"Germany","H2O",52.1062,8.68604
national_park,DE,"Germany","Hainich",51.0967,10.3908
national_park,DE,"Germany","Hamburg Wadden Sea",53.921111111,8.500555555
theme_park,DE,"Germany","Hansa Park",54.0755,10.7802
national_park,DE,"Germany","Harz",51.7833,10.5667
theme_park,DE,"Germany","Heide Park",53.0253,9.879
botanical_garden,DE,"Germany","Heil- und Giftpflanzengarten der Tierärztlichen Hochschule Hannover",52.3539,9.8085
botanical_garden,DE,"Germany","Herrenhausen Gardens",52.391666666,9.698333333
botanical_garden,DE,"Germany","Herzogspark",49.0231,12.0822
botanical_garden,DE,"Germany","Hochdorfer Garten",54.32301,8.70116
botanical_garden,DE,"Germany","Hohenheim Gardens",48.7082,9.2146
theme_park,DE,"Germany","Holstentherme",53.83839251,9.94422555
theme_park,DE,"Germany","Hot Gun Town",48.13628,11.14516
national_park,DE,"Germany","Hunsrück-Hochwald",49.70574,7.1037
botanical_garden,DE,"Germany","In Bad Langensalza",51.113888888,10.648611111
theme_park,DE,"Germany","Irrland",51.55555556,6.20472222
theme_park,DE,"Germany","Jaderpark",53.3269,8.18833
botanical_garden,DE,"Germany","Jakobsplatz 15 in Bamberg",49.890019579,10.876687127
national_park,DE,"Germany","Jasmund",54.55,13.65
botanical_garden,DE,"Germany","Jena",50.9311,11.5861
theme_park,DE,"Germany","Jochen Schweizer Arena",48.04266,11.65322
botanical_garden,DE,"Germany","Johannes Gutenberg-Universität Mainz",49.9923,8.24369
botanical_garden,DE,"Germany","Karl-von-Frisch-Straße 6",50.80214951,8.80715531
theme_park,DE,"Germany","Karls Erlebnis-Dorf Döbeln",51.1532,13.1251
theme_park,DE,"Germany","Karls Erlebnis-Dorf Rövershagen",54.161,12.231
botanical_garden,DE,"Germany","Karlsruhe",49.0131,8.40044
botanical_garden,DE,"Germany","Kassel",51.2989,9.47
national_park,DE,"Germany","Kellerwald-Edersee",51.1667,9
theme_park,DE,"Germany","Ketteler Hof",51.7803,7.13083
botanical_garden,DE,"Germany","KIT",49.0129,8.4191
botanical_garden,DE,"Germany","Kiel",54.3481,10.1167
botanical_garden,DE,"Germany","King's House on Schachen",47.419697222,11.112586111
theme_park,DE,"Germany","Königslutter Glacial erratic garden",52.27632,10.81021
botanical_garden,DE,"Germany","Kräuterpark Altenau",51.805012,10.45347
botanical_garden,DE,"Germany","Krefeld",51.3325,6.60306
theme_park,DE,"Germany","Kristall Palm Beach",49.406172,11.006107
theme_park,DE,"Germany","Kulturinsel Einsiedel",51.29638889,15.0225
botanical_garden,DE,"Germany","Kurpark Bad Bellingen",47.7305,7.5538
theme_park,DE,"Germany","Kurpfalz-Park",49.4134,8.1052
botanical_garden,DE,"Germany","Landesarboretum Baden-Württemberg",48.7092,9.20778
theme_park,DE,"Germany","Legoland Deutschland",48.42444444,10.29972222
botanical_garden,DE,"Germany","Lehmann Garden",53.1251,13.5273
botanical_garden,DE,"Germany","Leipzig",51.3287,12.3913
botanical_garden,DE,"Germany","Little Vogtland, Adorf",50.3085793,12.2501496
botanical_garden,DE,"Germany","Loismann",52.237777777,7.675
botanical_garden,DE,"Germany","Loki-Schmidt-Garten",53.56222222,9.86111111
national_park,DE,"Germany","Lower Oder Valley",53.0472,14.2961
national_park,DE,"Germany","Lower Saxon Wadden Sea",53.7,7.33333333
botanical_garden,DE,"Germany","Luisenpark",49.4827,8.4974
theme_park,DE,"Germany","Luna Park",51.37,12.321
theme_park,DE,"Germany","Lütge Land",53.653811111,7.786741666
botanical_garden,DE,"Germany","Magdalenengarten",52.1524,9.94119
theme_park,DE,"Germany","Magic Park Verden",52.9342,9.27111
botanical_garden,DE,"Germany","Marburg",50.803,8.80938
theme_park,DE,"Germany","Märchenhain Niederheimbach",50.031625,7.809923
theme_park,DE,"Germany","Märchenpark Heidelberg",49.4019,8.72972
theme_park,DE,"Germany","Märchenpark Salzwedel",52.8254,11.1403
theme_park,DE,"Germany","Märchenwald",47.910378,11.437604
botanical_garden,DE,"Germany","Maria-Ward-Straße 1i; Maria-Ward-Straße 1k; Menzinger Straße 61; Menzinger Straße 63; Menzinger Straße 65; Menzinger Straße 67 in München",48.163110017,11.499960819
botanical_garden,DE,"Germany","Martin-Luther-Universität Halle-Wittenberg",51.4889,11.9614
theme_park,DE,"Germany","Maximilianpark Hamm",51.6802,7.88254
theme_park,DE,"Germany","Maya Mare",51.42888889,11.96583333
theme_park,DE,"Germany","Michaelibad",48.1167,11.6364
theme_park,DE,"Germany","Miramar Freizeitzentrum Weinheim",49.533,8.643
theme_park,DE,"Germany","Monsterpark Rattelsdorf",50.0192,10.8922
theme_park,DE,"Germany","Movie Park Germany",51.62,6.9725
botanical_garden,DE,"Germany","München-Nymphenburg",48.163131007,11.499946012
botanical_garden,DE,"Germany","Münster",51.9637,7.61056
national_park,DE,"Germany","Müritz",53.4364,12.8367
botanical_garden,DE,"Germany","Nationalpark Bayerischer Wald",48.8898,13.486
theme_park,DE,"Germany","Nautimo",53.53581,8.09873
theme_park,DE,"Germany","Oase",51.4547,6.967
botanical_garden,DE,"Germany","Old Botanical Garden, Kiel",54.3308,10.1469
botanical_garden,DE,"Germany","Old Marburg",50.8124,8.77236
botanical_garden,DE,"Germany","Old of Göttingen University",51.5382,9.9367
botanical_garden,DE,"Germany","Oldenburg",53.147488888,8.197977777
botanical_garden,DE,"Germany","Osnabrück",52.2814,8.02793
botanical_garden,DE,"Germany","Otto-Seeling-Promenade 31; Otto-Seeling-Promenade 33; Otto-Seeling-Promenade 37; Otto-Seeling-Promenade 39 in Fürth",49.47205767,11.000041616
botanical_garden,DE,"Germany","Ökologisch-Botanischer Garten der Universität Bayreuth",49.9235,11.5854
botanical_garden,DE,"Germany","Palmengarten",50.123611111,8.655555555
theme_park,DE,"Germany","Panarbora Park",50.860277777,7.6075
botanical_garden,DE,"Germany","Parterregarten",48.39553,11.73033
theme_park,DE,"Germany","Peppa Pig Park Günzburg",48.424909895,10.297205408
botanical_garden,DE,"Germany","Pflanzengarten Bad Schandau",50.9019,14.1863
theme_park,DE,"Germany","Phantasialand",50.8,6.879444444
theme_park,DE,"Germany","Playmobil FunPark in Germany",49.430722,10.942111
theme_park,DE,"Germany","Plopsaland Deutschland",49.3197,8.29472
botanical_garden,DE,"Germany","Potsdam",52.4041,13.0252
theme_park,DE,"Germany","Potts park",52.2633,8.84306
theme_park,DE,"Germany","Pullman City",48.696812044,13.26371625
theme_park,DE,"Germany","Pullman City Harz",51.702376,10.86953
theme_park,DE,"Germany","Rasti-Land",52.09611111,9.66388889
theme_park,DE,"Germany","Ravensburger Spieleland",47.71138889,9.59527778
theme_park,DE,"Germany","Rebstockbad",50.1122,8.61861
botanical_garden,DE,"Germany","Rennsteiggarten Oberhof",50.6925,10.7194
botanical_garden,DE,"Germany","Rhododendron-Park Bremen",53.0917,8.88611
botanical_garden,DE,"Germany","Rhododendronpark Graal-Müritz",54.2531,12.2286
botanical_garden,DE,"Germany","Rhododendronpark Hobbie",53.287,8.007103
botanical_garden,DE,"Germany","Rhododendronpark Kleine Bastei",50.9569,14.0853
botanical_garden,DE,"Germany","Rombergpark",51.4807,7.4684
botanical_garden,DE,"Germany","Rosarium im Park von Schloss Friedrichshof",50.190597,8.507477
botanical_garden,DE,"Germany","Rosarium Uetersen",53.6838,9.66981
botanical_garden,DE,"Germany","Rosarium Wilhelmshaven",53.5421,8.1074
botanical_garden,DE,"Germany","Rosarium, Westfalenpark",51.4918,7.4744
botanical_garden,DE,"Germany","Rose Garden",50.2528,10.9656
botanical_garden,DE,"Germany","Rose garden at the Gardens of the World",52.538079,13.574172
botanical_garden,DE,"Germany","Rose Garden Charlottenhof (Sanssouci)",52.3956696,13.0270708
botanical_garden,DE,"Germany","Rose garden in Treptower Park",52.490801111,13.469061375
botanical_garden,DE,"Germany","Rosengarten",50.25879,10.97163
botanical_garden,DE,"Germany","Rosengarten Aberthamer Straße 9 in Offingen",48.484014102,10.375900339
botanical_garden,DE,"Germany","Rosengarten an der Sachsenstraße",48.11905,11.56506
botanical_garden,DE,"Germany","Rosengarten auf der Rheinhöhe",50.0447,7.7733
botanical_garden,DE,"Germany","Rosengarten Bamberg",49.8919,10.8817
botanical_garden,DE,"Germany","Rosengarten der Stadt Köln",50.95772,6.96155
botanical_garden,DE,"Germany","Rosengarten Forst",51.731507,14.662156
botanical_garden,DE,"Germany","Rosengarten Kyritz",52.941444444,12.39325
botanical_garden,DE,"Germany","Rosengarten Torgau",51.55821,13.00815
botanical_garden,DE,"Germany","Rosengarten Untergiesing",48.133333,11.566667
botanical_garden,DE,"Germany","Rosengarten Westpark",48.12269,11.50935
botanical_garden,DE,"Germany","Rosengarten, Dresden",51.0598,13.7561
botanical_garden,DE,"Germany","Rosenhang Karben",50.224086,8.783847
botanical_garden,DE,"Germany","Rosenhohe Park",49.875833333,8.679444444
botanical_garden,DE,"Germany","Rosenpark Dräger",50.386607,8.745329
botanical_garden,DE,"Germany","Ruhr-Universität Bochum",51.4419,7.2675
theme_park,DE,"Germany","Rulantica",48.2605,7.74
theme_park,DE,"Germany","Safariland Stukenbrock",51.8892,8.68083
theme_park,DE,"Germany","Salzlandcenter",51.85046,11.57854
theme_park,DE,"Germany","Samoa Warnemünde",54.178418,12.076196
theme_park,DE,"Germany","Sauriergarten Gruß",51.21142,14.38589
national_park,DE,"Germany","Saxon Switzerland",50.9142,14.2784
botanical_garden,DE,"Germany","Schau- und Sichtungsgarten Hermannshof",49.5477,8.6697
botanical_garden,DE,"Germany","Schellerhau",50.7678,13.6997
botanical_garden,DE,"Germany","Schlechteberg",50.999764,14.589722
national_park,DE,"Germany","Schleswig-Holstein Wadden Sea",54.456302777,8.646408333
theme_park,DE,"Germany","Schloss Beck",51.6133,6.97806
botanical_garden,DE,"Germany","Schulgarten Lübeck",53.8693,10.7039
theme_park,DE,"Germany","Schwaben Park",48.9022,9.65639
theme_park,DE,"Germany","SchwabenQuellen",48.7224,9.16084
botanical_garden,DE,"Germany","Sequoiafarm Kaldenkirchen",51.309,6.17226
theme_park,DE,"Germany","Serengeti Park",52.7456,9.61667
botanical_garden,DE,"Germany","Sichtungsgarten Weihenstephan",48.400755555,11.728991666
theme_park,DE,"Germany","Sioux Montana Ranch",51.394166666,6.693333333
theme_park,DE,"Germany","Skyline Park",48.0431,10.5914
botanical_garden,DE,"Germany","Solingen",51.1845,7.0647
theme_park,DE,"Germany","Sophienhöhe",50.937222222,6.449166666
botanical_garden,DE,"Germany","Späth-Arboretum",52.4549,13.4748
theme_park,DE,"Germany","Spreepark",52.4858,13.4878
botanical_garden,DE,"Germany","Staatliche Baderverwaltung Badenweiler",47.8029,7.6681
botanical_garden,DE,"Germany","Stadt Hof",50.329542,11.922732
botanical_garden,DE,"Germany","Stadt Neuss",51.1896,6.69216
botanical_garden,DE,"Germany","Stadtpark und Gütersloh",51.8979,8.391
theme_park,DE,"Germany","Steglitzer Woche",52.434694444,13.318055555
theme_park,DE,"Germany","Steinwasen Park",47.89972222,7.92222222
theme_park,DE,"Germany","Störtebeker Park",53.5625,8.1
theme_park,DE,"Germany","Tatzmania Löffingen",47.9037,8.3424
theme_park,DE,"Germany","Taunus Wunderland",50.115,8.11028
theme_park,DE,"Germany","Tauris",50.39602778,7.49686111
botanical_garden,DE,"Germany","Technischen Universität Braunschweig",52.2708,10.5331
botanical_garden,DE,"Germany","Technischen Universität Dresden",51.04302,13.75856
theme_park,DE,"Germany","The Schwarzwaldbob",48.26535,8.20217
theme_park,DE,"Germany","Therme Bad Vilbel",50.184416666,8.731416666
theme_park,DE,"Germany","Therme Bad Wörishofen",48.02,10.591666666
theme_park,DE,"Germany","Therme Erding",48.29029444,11.88671944
theme_park,DE,"Germany","Therme Euskirchen",50.6663445,6.8022135
theme_park,DE,"Germany","Thermen & Badewelt Sinsheim",49.2359,8.88355
theme_park,DE,"Germany","Tier- und Freizeitpark Thüle",52.9585,7.91912
theme_park,DE,"Germany","Tobebox",51.520010583,6.830826563
theme_park,DE,"Germany","Tolk-Schau",54.5753,9.6271
theme_park,DE,"Germany","Traumland Bärenhöhle",48.3714,9.21556
theme_park,DE,"Germany","Traumlandpark",51.62,6.9725
botanical_garden,DE,"Germany","Treblitzscher Park",51.469084306,13.155406995
botanical_garden,DE,"Germany","Tropenhaus der Hochschule Rhein-Waal",51.796196237,6.143591655
theme_park,DE,"Germany","Tropical Islands",52.0375,13.748611111
botanical_garden,DE,"Germany","TU Darmstadt",49.8692,8.67861
botanical_garden,DE,"Germany","Universität des Saarlandes",49.2545,7.0378
botanical_garden,DE,"Germany","Universität Duisburg-Essen",51.4281,6.98139
botanical_garden,DE,"Germany","Universität Heidelberg",49.4148,8.66778
botanical_garden,DE,"Germany","Universität Regensburg",48.9932,12.0915
botanical_garden,DE,"Germany","Universität Rostock",54.0907,12.0931
botanical_garden,DE,"Germany","Universität Tübingen",48.5395,9.0359
botanical_garden,DE,"Germany","Universität Ulm",48.4194,9.96667
botanical_garden,DE,"Germany","Universität Würzburg",49.7653,9.9313
botanical_garden,DE,"Germany","University of Konstanz",47.6921,9.1788
botanical_garden,DE,"Germany","Usedom",53.916666666,14.016666666
theme_park,DE,"Germany","Vogelwiese",51.060961,13.776428
theme_park,DE,"Germany","Volksgarten Nymphenburg",48.156,11.5125
botanical_garden,DE,"Germany","Weltwald",48.41359,11.66758
botanical_garden,DE,"Germany","WeltWald Harz",51.8199,10.2286
national_park,DE,"Germany","Western Pomerania Lagoon Area",54.433333333,12.9
theme_park,DE,"Germany","Wild- und Freizeitpark Klotten",50.1606,7.165
botanical_garden,DE,"Germany","Wildrosengarten Zweibrücken",49.24546,7.39342
botanical_garden,DE,"Germany","Wilhelma",48.805,9.205
botanical_garden,DE,"Germany","Wilhelmshaven",53.541666666,8.108888888
theme_park,DE,"Germany","Wunderland Kalkar",51.76417,6.32611
botanical_garden,DE,"Germany","Wuppertal",51.26027778,7.16055556
theme_park,GH,"Ghana","Abetifi Stone Age Park",6.6777826,-0.7478193
botanical_garden,GH,"Ghana","Aburi",5.866666666,-0.183333333
national_park,GH,"Ghana","Bia",6.083333333,-3.1
national_park,GH,"Ghana","Bui",8.29983,-2.36275
theme_park,GH,"Ghana","Bunso Eco Park",6.268333333,-0.460833333
national_park,GH,"Ghana","Digya",7.41667,-0.28333
national_park,GH,"Ghana","Kakum",5.353611111,-1.383333333
botanical_garden,GH,"Ghana","KNUST",6.6840613,-1.5656694
national_park,GH,"Ghana","Kyabobo",8.41666667,0.61666667
botanical_garden,GH,"Ghana","Legon",5.66,-0.1875
national_park,GH,"Ghana","Mole",9.36844,-2.09352
national_park,GH,"Ghana","Nini Suhien",5.27694444,-2.56777778
national_park,GR,"Greece","Ainos",38.145,20.66222222
national_park,GR,"Greece","Amvrakikos Wetlands",39.1061,20.7971
national_park,GR,"Greece","Axios-Loudias-Aliakmonas Delta",40.509713,22.666263
botanical_garden,GR,"Greece","Balkan of Kroussia",41.09,23.112
national_park,GR,"Greece","Chelmos-Vouraikos",37.986583,22.209747
national_park,GR,"Greece","Dadia-Lefkimi-Soufli Forest",41.13,26.216944444
national_park,GR,"Greece","Eastern Macedonia and Thrace",41.007861111,25.105386111
national_park,GR,"Greece","Evros Delta",40.783333333,26.033333333
theme_park,GR,"Greece","Faliraki Water Park (Rhodes)",36.36503,28.211471
theme_park,GR,"Greece","Focis Mining Park",38.63239,22.371528
botanical_garden,GR,"Greece","Julia and Alexander Ν. Diomedes",38.011111111,23.643055555
national_park,GR,"Greece","Kotychi and Strofylia Wetlands",38.1218292,21.37094
national_park,GR,"Greece","Lakes Koronia-Volvi and the Macedonian Tempe",40.675833333,23.328888888
national_park,GR,"Greece","Messolonghi - Aitoliko lagoons",38.434994,21.354065
national_park,GR,"Greece","Missolonghi–Aitoliko Lagoons",38.387,21.358
national_park,GR,"Greece","Mount Olympus",40.083333333,22.35
national_park,GR,"Greece","National Marine Park of Zakynthos",37.7833,20.9
national_park,GR,"Greece","Nestos Delta and lakes Vistonida-Ismarida",40.985,24.715
national_park,GR,"Greece","North Pindos",39.9,21.116666666
national_park,GR,"Greece","Oiti",38.828611,22.288611
national_park,GR,"Greece","Olympos",40.085555555,22.358611111
national_park,GR,"Greece","Parnassos",38.535833333,22.624166666
national_park,GR,"Greece","Parnitha",38.173333333,23.7175
botanical_garden,GR,"Greece","Petroupoli",38.04399,23.68538
national_park,GR,"Greece","Pindus",39.9,21.11666667
theme_park,GR,"Greece","Playmobil FunPark Athens",38.101816666,23.806347222
national_park,GR,"Greece","Prespes",40.77222222,21.07722222
national_park,GR,"Greece","Rodopi Mountain Range",41.477,24.46
national_park,GR,"Greece","Samaria",35.271111111,23.961388888
national_park,GR,"Greece","Schinias Marathon",38.151111,24.028333
national_park,GR,"Greece","Skiritida forest",37.333392,22.386206
national_park,GR,"Greece","Sounio",37.651022265,24.027545795
national_park,GR,"Greece","Tzoumerka, Peristeri & Arachthos Gorge",39.55,21
national_park,GR,"Greece","Vikos–Aoös",39.92472222,20.76194444
theme_park,GR,"Greece","Watercity",35.311,25.25
theme_park,GR,"Greece","Waterland WaterPark",40.511,23.017
theme_park,GR,"Greece","Zante Water Village",37.782582,20.841981
national_park,GL,"Greenland","Northeast Greenland",77,-31
botanical_garden,GD,"Grenada","Sir Eric Matthew Gairy",12.0469,-61.7445
national_park,GT,"Guatemala","Candelaria Caves",15.866241,-90.043387
national_park,GT,"Guatemala","Cerro El Baúl",14.83111111,-91.50277778
national_park,GT,"Guatemala","Cerro Miramundo",14.93694444,-89.54916667
national_park,GT,"Guatemala","Cuevas del Silvino",15.474444444,-88.828055555
national_park,GT,"Guatemala","Cultural Triangle Yaxha-Nakum-Naranjo",17.115,-89.384
national_park,GT,"Guatemala","Dulce River",15.7475,-88.87222222
national_park,GT,"Guatemala","El Rosario",16.52722222,-90.16
national_park,GT,"Guatemala","Grutas de Lanquín",15.582222222,-89.987777777
botanical_garden,GT,"Guatemala","Guatemala",14.6146,-90.512305
theme_park,GT,"Guatemala","Hobbitenango",14.5950416,-90.7048339
theme_park,GT,"Guatemala","Hun Nal Ye",15.67765,-90.31961
national_park,GT,"Guatemala","Laguna del Tigre",17.43,-90.89055556
national_park,GT,"Guatemala","Laguna El Pino",14.344444444,-90.393888888
national_park,GT,"Guatemala","Laguna Lachuá",15.91666667,-90.66666667
national_park,GT,"Guatemala","Las Victorias",15.47722222,-90.38166667
national_park,GT,"Guatemala","Los Aposentos",14.63555556,-90.81555556
national_park,GT,"Guatemala","Naciones Unidas",14.4994,-90.6075
national_park,GT,"Guatemala","Pacaya",14.380833333,-90.601111111
national_park,GT,"Guatemala","Rio Dulce",15.63114,-88.94566
national_park,GT,"Guatemala","Riscos de Momostenango",15.04416667,-91.40916667
national_park,GT,"Guatemala","San José la Colonia",15.47833333,-90.37444444
national_park,GT,"Guatemala","Semuc Champey",15.53333333,-89.96111111
national_park,GT,"Guatemala","Sierra del Lacandón",17.1951,-91.0861
national_park,GT,"Guatemala","Sipacate-Naranjo",13.92,-91.08638889
national_park,GT,"Guatemala","Takalik Abaj",14.645833333,-91.736111111
national_park,GT,"Guatemala","Tikal",17.21666667,-89.61666667
theme_park,GT,"Guatemala","Xetulul",14.594813,-91.611632
national_park,GN,"Guinea","Badiar",12.6167,-13.3167
botanical_garden,GN,"Guinea","Conakry",9.530702,-13.685918
national_park,GN,"Guinea","Upper Niger",10.5,-10.2
national_park,GW,"Guinea-Bissau","Cantanhez Forest",11.20404,-15.02992
national_park,GW,"Guinea-Bissau","João Vieira and Poilão Marine",10.9505,-15.71522
national_park,GW,"Guinea-Bissau","Orango Islands",11.06582,-16.13805
botanical_garden,GY,"Guyana","Guyana",6.80547,-58.14602
national_park,GY,"Guyana","Kaieteur",5.21666667,-59.41666667
theme_park,GY,"Guyana","Splashmins Fun Park",6.812080555,-58.1594
national_park,HT,"Haiti","Deux Mamelles",18.44583333,-74.24444444
national_park,HT,"Haiti","Grand Bois",18.37111111,-74.30138889
national_park,HT,"Haiti","Grande Colline",18.40416667,-74.10277778
national_park,HT,"Haiti","La Visite",18.33444444,-71.98472222
national_park,HT,"Haiti","National History Park",19.573611111,-72.243888888
national_park,HT,"Haiti","Pic Macaya",18.37138889,-74.02027778
national_park,HN,"Honduras","Capiro Calentura",15.87722222,-85.935
national_park,HN,"Honduras","Celaque",14.53555556,-88.70722222
national_park,HN,"Honduras","Cerro Azul de Copán",15.12833333,-88.91027778
national_park,HN,"Honduras","Cerro Azul Meámbar National Park (DEI-G)",14.8375,-87.89527778
national_park,HN,"Honduras","Cusuco",15.5419,-88.2636
national_park,HN,"Honduras","Jeanette Kawas",15.85,-87.66666667
national_park,HN,"Honduras","La Muralla",15.13972222,-86.67
national_park,HN,"Honduras","La Tigra",14.18484,-87.05189
botanical_garden,HN,"Honduras","Lancetilla",15.733333333,-87.45
national_park,HN,"Honduras","Montaña de Comayagua",14.4947,-87.5114
national_park,HN,"Honduras","Montaña de Yoro",15.00472222,-87.07222222
national_park,HN,"Honduras","Montaña Santa Bárbara",14.91555556,-88.13166667
national_park,HN,"Honduras","Montecristo Trifinio",14.435638,-89.334795
national_park,HN,"Honduras","Patuca",14.43194444,-85.44638889
national_park,HN,"Honduras","Pico Bonito",15.60972222,-86.87222222
national_park,HN,"Honduras","Pico Pijol",15.19722222,-87.58305556
national_park,HN,"Honduras","Port Royal",16.39972222,-86.36666667
national_park,HN,"Honduras","Sierra de Agalta",15.01027778,-85.8525
theme_park,HK,"Hong Kong","Tsung Yuen Sin Kwun",22.45466,114.15588
national_park,HU,"Hungary","Aggtelek",48.466666666,20.483333333
theme_park,HU,"Hungary","Annagora Aquapark",46.9482006,17.8700477
theme_park,HU,"Hungary","Aquaréna",47.59027778,19.24861111
botanical_garden,HU,"Hungary","Arboretum of Alcsút",47.42333333,18.59777778
botanical_garden,HU,"Hungary","Arboretum, Szabadegyháza",47.0828637,18.6255489
theme_park,HU,"Hungary","Avalon Park",48.0649334,20.7322602
national_park,HU,"Hungary","Balaton Uplands",46.9758,17.9294
botanical_garden,HU,"Hungary","Botanical Garden",47.4839,19.0856
botanical_garden,HU,"Hungary","Budakeszi Arboretum",47.525934,18.873331
botanical_garden,HU,"Hungary","Budapest Zoo &",47.519099,19.078295
national_park,HU,"Hungary","Bükk",48.04,20.53
botanical_garden,HU,"Hungary","Chernel-kert Arboretum in Kőszeg",47.385833,16.530556
national_park,HU,"Hungary","Danube-Drava",46.08635,18.22636
national_park,HU,"Hungary","Danube-Ipoly",47.76666667,18.95
botanical_garden,HU,"Hungary","Farkassziget Forest",47.330589,21.0940465
national_park,HU,"Hungary","Fertő-Hanság",47.660805555,16.739
botanical_garden,HU,"Hungary","Folly arboretum",46.810555555,17.545277777
national_park,HU,"Hungary","Hortobágy",47.59458,21.15678
botanical_garden,HU,"Hungary","Kámoni arborétum",47.253733,16.606024
national_park,HU,"Hungary","Kiskunság",46.74,19.22
national_park,HU,"Hungary","Körös-Maros",46.57306,21.11722
theme_park,HU,"Hungary","Mini Magyarország",46.877777777,20.5325
botanical_garden,HU,"Hungary","Neszmély",47.7083,18.4133
national_park,HU,"Hungary","Őrség",46.8389,16.4211
botanical_garden,HU,"Hungary","Soroksár",47.4019,19.1551
botanical_garden,HU,"Hungary","Szarvas Arboretum Nature Reserve",46.873611,20.527778
botanical_garden,HU,"Hungary","Szeged",46.23156,20.158878
botanical_garden,HU,"Hungary","Tuzson Arboretum",47.93995,19.794331
botanical_garden,HU,"Hungary","University of Debrecen",47.5583867,21.6218644
botanical_garden,HU,"Hungary","Vácrátót",47.707222222,19.234444444
theme_park,HU,"Hungary","Vidám Park",47.51979,19.08284
botanical_garden,HU,"Hungary","Zirc Arboretum",47.261129,17.879446
theme_park,HU,"Hungary","Zoo Gyöngyös",47.7906144,19.9127672
botanical_garden,IS,"Iceland","Akureyri",65.67510433,-18.09339881
national_park,IS,"Iceland","Jökulsárgljúfur",65.918888888,-16.520555555
botanical_garden,IS,"Iceland","Reykjavík",64.140833333,-21.869444444
national_park,IS,"Iceland","Skaftafell",64.01555556,-16.97166667
national_park,IS,"Iceland","Snæfellsjökull",64.80888889,-23.77111111
botanical_garden,IS,"Iceland","Steinasafn Petru",64.8355,-13.8805
national_park,IS,"Iceland","Thingvellir",64.258055555,-21.125
national_park,IS,"Iceland","Vatnajökull",64.5,-17
theme_park,IN,"India","Accoland",26.080664,91.611119
botanical_garden,IN,"India","Acharya Jagadish Chandra Bose Indian",22.560555555,88.286944444
botanical_garden,IN,"India","Agri-Horticultural Society of India",22.5282,88.3333
botanical_garden,IN,"India","Aligarh Fort",27.9284684,78.0571125
theme_park,IN,"India","Amaazia",21.1135,72.5152
national_park,IN,"India","Anaimalai Tiger Reserve",10.366944444,77.125
national_park,IN,"India","Anamudi Shola",10.20833333,77.08333333
theme_park,IN,"India","Appu Ghar",28.616813,77.243359
theme_park,IN,"India","Aquatica",22.562065,88.465197
botanical_garden,IN,"India","Auroville",11.986666666,79.807222222
national_park,IN,"India","Balpakram",25.5,90.75
national_park,IN,"India","Bandhavgarh",23.69944444,80.96194444
national_park,IN,"India","Bandipur",11.664444,76.627222
national_park,IN,"India","Bannerghatta",12.80083333,77.57555556
national_park,IN,"India","Betla",23.8878,84.1901
national_park,IN,"India","Bhagwan Mahaveer Sanctuary and Mollem",15.37361111,74.25861111
national_park,IN,"India","Bhitarkanika",20.6625,86.9341
theme_park,IN,"India","Big Foot Museum",15.3396,73.9875
botanical_garden,IN,"India","Biodiversity Park, Visakhapatnam",17.7290304,83.3364321
theme_park,IN,"India","Black Thunder",11.32805556,76.91166667
national_park,IN,"India","Blackbuck",22.03333333,72
theme_park,IN,"India","Buddhavanam",16.626482235,79.289307532
national_park,IN,"India","Campbell Bay",7.11277778,93.76194444
theme_park,IN,"India","Carmelagiri Elephant Park",10.095,77.099166666
national_park,IN,"India","Chandoli",17.19166667,73.775
national_park,IN,"India","Clouded Leopard",23.66822222,91.32254444
national_park,IN,"India","Dachigam",34.14,75.02
national_park,IN,"India","Dandeli",14.99,74.36
theme_park,IN,"India","Dash n Splash",13.027691,80.010831
national_park,IN,"India","Dehing Patkai",27.331,95.526
national_park,IN,"India","Desert",26.316666666,70.516666666
national_park,IN,"India","Dibru-Saikhowa",27.649841,95.340294
national_park,IN,"India","Dudhwa",28.470872,80.699263
botanical_garden,IN,"India","Ekamra Kanan",20.303958333,85.803563888
botanical_garden,IN,"India","Empress",18.512215614,73.89778624
national_park,IN,"India","Eravikulam",10.2,77.083
theme_park,IN,"India","EsselWorld",19.232,72.806
theme_park,IN,"India","EVP World",13.0343,80.047
theme_park,IN,"India","Fantasy Park",10.8242895,76.669967
national_park,IN,"India","Galathea",6.923,93.833
national_park,IN,"India","Gangotri",31.088194444,79.1455
national_park,IN,"India","Gir Forest",21.13556,70.79667
theme_park,IN,"India","Gobindgarh Fort",31.6269,74.86
national_park,IN,"India","Gorumara",26.7,88.8
botanical_garden,IN,"India","Government",11.418752,76.711038
botanical_garden,IN,"India","Government Rose Garden",11.406111111,76.708611111
national_park,IN,"India","Govind Pashu Vihar National Park and Sanctuary",31.1,78.29
national_park,IN,"India","Grass Hills",10.3410227,76.9856427
national_park,IN,"India","Great Himalayan",31.804288,77.951021
national_park,IN,"India","Gugamal",21.40555556,77.14861111
national_park,IN,"India","Guindy",13.00259,80.23079
botanical_garden,IN,"India","Gulab Bagh and Zoo",24.57138889,73.69277778
national_park,IN,"India","Gulf of Mannar Marine",9.1375,79.4725
national_park,IN,"India","Guru Ghasidas - Tamor Pingla Tiger Reserve",23.601944444,82.471944444
botanical_garden,IN,"India","Gurukula Botanical Sanctuary",11.8209872,75.8448655
national_park,IN,"India","Hazaribagh Wildlife Sanctuary",24.1474,85.36
national_park,IN,"India","Hemis",33.983333333,77.433333333
theme_park,IN,"India","Heritage Square",21.196944444,72.821111111
botanical_garden,IN,"India","Hortus Malabaricus and Research Institute",10.729491506,76.263402142
botanical_garden,IN,"India","Hyderabad",17.385,78.4866
theme_park,IN,"India","Imagicaa",18.767075,73.280697
national_park,IN,"India","Inderkilla",32.23,77.41
national_park,IN,"India","Indravati",19.33333333,81
theme_park,IN,"India","Jalavihar",17.43264,78.46559
national_park,IN,"India","Jaldapara",26.628611,89.3775
botanical_garden,IN,"India","Jawaharlal Nehru Memorial",34.093,74.882
national_park,IN,"India","Jim Corbett",29.53333333,78.93333333
national_park,IN,"India","Kalesar",30.33194444,77.55194444
national_park,IN,"India","Kali Tiger Reserve",15.01666667,74.38333333
national_park,IN,"India","Kanger Ghati",18.832,82.011
national_park,IN,"India","Kanha",22.2275,80.645
botanical_garden,IN,"India","Kanpur Zoological Park",26.502922222,80.303402777
national_park,IN,"India","Karian Shola",10.38333333,77.08333333
national_park,IN,"India","Karimpuzha",11.275,76.42361111
national_park,IN,"India","Kasu Brahmananda Reddy",17.42,78.41
national_park,IN,"India","Kaziranga",26.666666666,93.35
national_park,IN,"India","Keibul Lamjao",24.4856,93.8402
national_park,IN,"India","Kevladev",27.166667,77.516667
national_park,IN,"India","Khangchendzonga",27.6563,88.3123
national_park,IN,"India","Khirganga",31.99343,77.510227
theme_park,IN,"India","KidZania Mumbai",19.0998065,72.9144114
theme_park,IN,"India","Kishkinta",12.938304,80.079088
national_park,IN,"India","Kishtwar",33.60111111,75.99277778
botanical_garden,IN,"India","Kohima",25.649353,94.099215
botanical_garden,IN,"India","Kokernag",33.586944444,75.2975
botanical_garden,IN,"India","Kotla Vijayabhaskara Reddy",17.455,78.357
national_park,IN,"India","Kudremukh",13.129511111,75.268552777
national_park,IN,"India","Kutch Bustard Sanctuary",23.219,68.714
botanical_garden,IN,"India","Lalbagh Botanical Garden, Bangalore",12.95,77.59
botanical_garden,IN,"India","Lloyd's",27.0446,88.2629
national_park,IN,"India","Madhav",25.46666667,77.75
botanical_garden,IN,"India","Madhavaram",13.149122,80.242935
national_park,IN,"India","Mahatma Gandhi Marine",11.57055556,92.65694444
national_park,IN,"India","Mahavir Harina Vanasthali",17.34,78.58583333
botanical_garden,IN,"India","Malabar and Institute for Plant Sciences",11.2375,75.8275
national_park,IN,"India","Manas",26.716666666,90.933333333
national_park,IN,"India","Mandla Plant Fossils",23.11027778,80.61361111
theme_park,IN,"India","Mango Meadows",9.743777777,76.472111111
botanical_garden,IN,"India","Mango Meadows",9.743777777,76.472111111
national_park,IN,"India","Marine National Park, Gulf of Kutch",22.4667,69.6167
national_park,IN,"India","Mathikettan Shola",10.03333333,77.13333333
botanical_garden,IN,"India","Menjor Multipurpose Research Centre and Unity Park",24.61895,94.01788
theme_park,IN,"India","MGM Dizzee World",12.826458,80.243647
national_park,IN,"India","Middle Button Island",12.27555556,93.02611111
national_park,IN,"India","Mouling",28.58333333,94.86666667
national_park,IN,"India","Mount Manipur",11.8074,92.7571
national_park,IN,"India","Mrugavani",17.35777778,78.34111111
national_park,IN,"India","Mudumalai",11.6,76.5
national_park,IN,"India","Mukurthi",11.266666666,76.475
national_park,IN,"India","Murlen",23.61694444,93.3
national_park,IN,"India","Nagarhole",12.06,76.151111111
national_park,IN,"India","Namdapha",27.649841,96.110294
national_park,IN,"India","Nameri",27.01,92.79
national_park,IN,"India","Nanda Devi",30.418611111,79.849722222
national_park,IN,"India","Nanda Devi and Valley of Flowers National Parks",30.71667,79.66667
botanical_garden,IN,"India","Nativeplants",12.130555555,75.520555555
national_park,IN,"India","Nawegaon",20.93333333,80.16666667
national_park,IN,"India","Neora Valley",27.06,88.7
theme_park,IN,"India","Nicco Park",22.57118333,88.42160833
national_park,IN,"India","Nokrek",25.53333333,90.11666667
national_park,IN,"India","North Button Island",12.31722222,93.06805556
national_park,IN,"India","Ntangki",25.56,93.45
national_park,IN,"India","Orang",26.61,92.36
national_park,IN,"India","Palani Hills Wildlife Sanctuary and",10.24527778,77.52388889
national_park,IN,"India","Pampadum Shola",10.14388889,77.26694444
national_park,IN,"India","Panna",24.73044444,80.01022222
national_park,IN,"India","Papikonda",17.483,81.4856
theme_park,IN,"India","Parashurama Theme Park, Karkala",13.28264,74.93419
national_park,IN,"India","Pench",21.6716,79.3033
national_park,IN,"India","Pench Tiger Reserve",21.6716,79.3033
national_park,IN,"India","Periyar",9.5775,77.18
national_park,IN,"India","Phawngpui",22.66666667,93.05
national_park,IN,"India","Pin Valley",31.574166666,77.588888888
botanical_garden,IN,"India","Pondicherry",11.9249,79.8229
theme_park,IN,"India","Pottas Fun Farm",10.019277777,76.928833333
botanical_garden,IN,"India","Punit Van",23.21685,72.66772
national_park,IN,"India","Qazinag",34.166667,74.033333
theme_park,IN,"India","Queens Land",13.029374,80.028818
national_park,IN,"India","Raimona",26.65972,89.97611
national_park,IN,"India","Rajaji",30.08333333,78.03333333
national_park,IN,"India","Rajbari",23.28,91.4
national_park,IN,"India","Rajiv Gandhi",14.726944444,78.560833333
theme_park,IN,"India","Ramoji Film City",17.2523,78.6802
national_park,IN,"India","Rani Jhansi Marine",11.78333333,92.66666667
national_park,IN,"India","Ranthambore",26.01733,76.50257
botanical_garden,IN,"India","Rose Gardens Homestay",10.036944444,77.014444444
national_park,IN,"India","Saddle Peak",13.15861111,93.00555556
theme_park,IN,"India","Saguna Baug",19.041675,73.324359
national_park,IN,"India","Salim Ali",34.081,74.804
national_park,IN,"India","Sanjay",23.968611111,81.655277777
national_park,IN,"India","Sanjay Gandhi",19.25,72.9167
botanical_garden,IN,"India","Saramsa Garden",27.277,88.595
national_park,IN,"India","Sariska Tiger Reserve",27.3175,76.43694444
national_park,IN,"India","Satpura",22.495,78.231
national_park,IN,"India","Shirui",24.23083333,94.23083333
theme_park,IN,"India","Shivsrushti, Pune",18.457236452,73.835818566
national_park,IN,"India","Sikhna Jwhwlao",26.716966666,90.295891666
national_park,IN,"India","Silent Valley",11.133333333,76.466666666
theme_park,IN,"India","Silverstorm Water",10.2946,76.477409
botanical_garden,IN,"India","Sim's Park, Coonoor",11.355361,76.800556
national_park,IN,"India","Simbalbara",30.439,77.473
national_park,IN,"India","Simlipal",21.75,86.33
national_park,IN,"India","Singalila",27.11666667,88.06666667
theme_park,IN,"India","Snow World",17.514877,78.48087
national_park,IN,"India","South Button Island",12.22388889,93.02027778
national_park,IN,"India","Sri Venkateswara",13.7511,79.3378
botanical_garden,IN,"India","Subhas Chandra Garden",29.93417,77.5036453
national_park,IN,"India","Sultanpur",28.4623,76.8899
national_park,IN,"India","Sundarbans",21.75,88.75
theme_park,IN,"India","Suraj Water Park",19.2553,72.9705
theme_park,IN,"India","Surendrapuri",17.565,78.9444
national_park,IN,"India","Tadoba-Andhari Tiger Reserve",20.24873,79.42528
theme_park,IN,"India","Tikuji-Ni-Wadi",19.237,72.9695
botanical_garden,IN,"India","Tropical and Research Institute",8.5036,76.9521
national_park,IN,"India","Valley of Flowers",30.73,79.6175
national_park,IN,"India","Valmiki",27.0652,84.1793
national_park,IN,"India","Van Vihar",23.22948,77.36977
national_park,IN,"India","Vansda",20.7333,73.4667
theme_park,IN,"India","VGP Universal Kingdom",12.9142,80.2506
theme_park,IN,"India","Wonderla",12.835,77.4
theme_park,IN,"India","Worlds of Wonder",28.5633,77.3255
botanical_garden,IN,"India","Yercaud Rose Garden",11.78,78.2
botanical_garden,IN,"India","Zakir Hussain Rose Garden",30.748108,76.783739
national_park,ID,"Indonesia","Aketajawe-Lolobata",1.15,128.26666667
national_park,ID,"Indonesia","Alas Purwo",-8.68333333,114.46666667
botanical_garden,ID,"Indonesia","Arboretum At-Ta'if",-3.475474496,115.949792124
botanical_garden,ID,"Indonesia","Bali",-8.2778,115.1544
national_park,ID,"Indonesia","Baluran",-7.83333333,114.36666667
national_park,ID,"Indonesia","Bantimurung – Bulusaraung",-4.9,119.75
botanical_garden,ID,"Indonesia","Banua",-3.489543439,114.816540449
national_park,ID,"Indonesia","Batang Gadis",0.71666667,99.5
theme_park,ID,"Indonesia","Batu Love Garden",-7.863865,112.542532
theme_park,ID,"Indonesia","Batu Night Spectacular",-7.896263,112.534608
national_park,ID,"Indonesia","Berbak",-1.38333333,104.33333333
national_park,ID,"Indonesia","Betung Kerihun",1.22083333,113.35305556
national_park,ID,"Indonesia","Bogani Nani Wartabone",0.56055556,123.68
botanical_garden,ID,"Indonesia","Bogor",-6.597937,106.799112
national_park,ID,"Indonesia","Bromo Tengger Semeru",-8.0252,112.9607
national_park,ID,"Indonesia","Bukit Baka Bukit Raya",-0.78333333,112.61666667
national_park,ID,"Indonesia","Bukit Barisan Selatan",-5.25,104.16666667
national_park,ID,"Indonesia","Bukit Duabelas",-1.85,102.65
national_park,ID,"Indonesia","Bukit Tigapuluh",-1,102.5
national_park,ID,"Indonesia","Bunaken",1.66666667,124.65
botanical_garden,ID,"Indonesia","Bundayati",2.8430588,117.3840257
theme_park,ID,"Indonesia","Ciputra Waterpark",-7.28444444,112.6325
theme_park,ID,"Indonesia","Dago Dreampark",-6.848386645,107.625981915
national_park,ID,"Indonesia","Danau Sentarum",0.85,112.1
theme_park,ID,"Indonesia","Eco Green Park",-7.887661,112.52643
national_park,ID,"Indonesia","Gandang Dewata",-2.949487,119.450912
national_park,ID,"Indonesia","Gunung Leuser",3.3,97.42
national_park,ID,"Indonesia","Gunung Maras",-1.883333333,105.833333333
national_park,ID,"Indonesia","Gunung Merapi",-7.533333333,110.433333333
national_park,ID,"Indonesia","Gunung Palung",-1.24,110.23916667
theme_park,ID,"Indonesia","HeHa Ocean View",-8.104488,110.460704
theme_park,ID,"Indonesia","HeHa Sky View",-7.849029,110.477909
theme_park,ID,"Indonesia","Jawa Timur Park",-7.88412,112.52491
theme_park,ID,"Indonesia","Jawa Timur Park 3",-7.898102,112.551906
national_park,ID,"Indonesia","Karimunjawa",-5.81666667,110.4
national_park,ID,"Indonesia","Kayan Mentarang",3.2,115.5
botanical_garden,ID,"Indonesia","Kebun Raya Cibodas",-6.742222,107.005556
national_park,ID,"Indonesia","Kelimutu",-8.758333333,121.844722222
national_park,ID,"Indonesia","Kepulauan Seribu Marine",-5.745556,106.615278
national_park,ID,"Indonesia","Kepulauan Togean",-0.35,121.98333333
national_park,ID,"Indonesia","Kerinci Seblat",-2.41666667,101.48333333
theme_park,ID,"Indonesia","KidZania Jakarta",-6.2248,106.8099
national_park,ID,"Indonesia","Komodo",-8.651625,119.576569
botanical_garden,ID,"Indonesia","Kuningan",-6.815555,108.406612
national_park,ID,"Indonesia","Kutai",0.36666667,117.26666667
national_park,ID,"Indonesia","Laiwangi Wanggameti",-10.06666667,120.18333333
national_park,ID,"Indonesia","Lore Lindu",-1.23,119.85
national_park,ID,"Indonesia","Lorentz",-4.75,137.833333
national_park,ID,"Indonesia","Mamberamo Foja Wildlife Reserve",-1.767409,137.839257
national_park,ID,"Indonesia","Manupeu Tanah Daru",-9.733333333,119.683333333
national_park,ID,"Indonesia","Manusela",-3.05,129.433333
national_park,ID,"Indonesia","Meru Betiri",-8.4323,113.817
national_park,ID,"Indonesia","Mount Ciremai",-6.907166666,108.41575
national_park,ID,"Indonesia","Mount Gede-Pangrango",-6.76666667,106.93333333
national_park,ID,"Indonesia","Mount Halimun Salak",-6.8,106.48333333
national_park,ID,"Indonesia","Mount Merbabu",-7.5,110.4
national_park,ID,"Indonesia","Mount Rinjani",-8.40805556,116.41611111
national_park,ID,"Indonesia","Mount Tambora",-8.294,117.981
national_park,ID,"Indonesia","Moyo Satonda",-8.145652,117.695161
national_park,ID,"Indonesia","Mutis Timau",-9.58361111,124.23388889
theme_park,ID,"Indonesia","Obelix Village",-7.687774,110.373057
theme_park,ID,"Indonesia","Owabong",-7.34889,109.349676
theme_park,ID,"Indonesia","Pujonkidul Tourism Village",-7.855419,112.45529
botanical_garden,ID,"Indonesia","Purwodadi",-7.797833333,112.736805555
national_park,ID,"Indonesia","Rawa Aopa Watumohai",-4.38333333,121.98333333
theme_park,ID,"Indonesia","Rumah Katu Marine Park",-1.35888889,120.55055556
national_park,ID,"Indonesia","Sabangau",-2.55,113.83
national_park,ID,"Indonesia","Sembilang",-2.01666667,104.55
theme_park,ID,"Indonesia","Sengkaling Recreation Park",-7.914887,112.588306
national_park,ID,"Indonesia","Siberut",-1.36666667,98.93333333
botanical_garden,ID,"Indonesia","Sukorambi",-8.162825,113.663342
national_park,ID,"Indonesia","Taka Bone Rate",-6.68333333,121.15
theme_park,ID,"Indonesia","Taman Mini Indonesia Indah",-6.301667,106.896667
national_park,ID,"Indonesia","Taman Nasional Hutan Mangrove",0.446725,124.435783
national_park,ID,"Indonesia","Taman Nasional Komodo",-8.646388888,119.590555555
theme_park,ID,"Indonesia","Taman Safari Bogor",-6.7212,106.9551
theme_park,ID,"Indonesia","Taman Sekuta",-8.44371,115.60915
national_park,ID,"Indonesia","Tanjung Puting",-2.88,111.88
national_park,ID,"Indonesia","Teluk Cenderawasih",-2.5,134.633
national_park,ID,"Indonesia","Tesso Nilo",-0.166667,101.75
theme_park,ID,"Indonesia","Trans Studio Bandung",-6.926186111,107.636222222
theme_park,ID,"Indonesia","Trans Studio Cibubur",-6.375656,106.901736
theme_park,ID,"Indonesia","Trans Studio Makassar",-5.15968,119.394
theme_park,ID,"Indonesia","Trans Studios Samarinda",-0.491,117.144
national_park,ID,"Indonesia","Ujung Kulon",-6.75,105.333333333
national_park,ID,"Indonesia","Wakatobi",-5.7,124
national_park,ID,"Indonesia","Wasur",-8.6,140.833
theme_park,ID,"Indonesia","Waterbom Bali",-8.72848,115.16952
national_park,ID,"Indonesia","Way Kambas",-4.93593,105.757
national_park,ID,"Indonesia","West Bali",-8.15,114.5
theme_park,ID,"Indonesia","Wisata Bahari Lamongan",-6.865608,112.359707
national_park,ID,"Indonesia","Zamrud",0.6749,102.2542
theme_park,IQ,"Iraq","Baghdad Tourist Island",33.4417,44.3435
theme_park,IQ,"Iraq","Sindbad Land",33.34133,44.45046
theme_park,IE,"Ireland","Aquazone",53.3971,-6.3701
theme_park,IE,"Ireland","Baysports",53.469454,-7.986906
national_park,IE,"Ireland","Boyne Valley",53.706619444,-6.435986111
national_park,IE,"Ireland","Brú na Bóinne",53.692838888,-6.449319444
national_park,IE,"Ireland","Burren",53.01,-9
theme_park,IE,"Ireland","Celtworld",52.1612,-7.1476
theme_park,IE,"Ireland","Clara Lara FunPark",52.973909,-6.27234
national_park,IE,"Ireland","Connemara",53.55111111,-9.94472222
botanical_garden,IE,"Ireland","Derreen Garden",51.76879722,-9.78054167
theme_park,IE,"Ireland","Emerald Park",53.545377,-6.459375
theme_park,IE,"Ireland","Funtasia",53.7051,-6.3635
national_park,IE,"Ireland","Glenveagh",55.016666666,-8.05
botanical_garden,IE,"Ireland","John F. Kennedy Arboretum",52.317688,-6.932974
national_park,IE,"Ireland","Killarney",52.02099,-9.50664
botanical_garden,IE,"Ireland","National",53.372638888,-6.271416666
botanical_garden,IE,"Ireland","National Kilmacurragh",52.929327,-6.147796
theme_park,IE,"Ireland","Pirate",53.80619,-9.53751
national_park,IE,"Ireland","Wicklow Mountains",53.018,-6.398
national_park,IE,"Ireland","Wild Nephin",54.01666667,-9.7
national_park,IR,"Islamic Republic of Iran","Arasbaran",38.853344,46.7005873
theme_park,IR,"Islamic Republic of Iran","Azadegan Water Park",35.63138889,51.47277778
national_park,IR,"Islamic Republic of Iran","Bamu",29.6723669,52.7670021
national_park,IR,"Islamic Republic of Iran","Dena",30.9251409,51.4194638
national_park,IR,"Islamic Republic of Iran","Dez",32.05027778,48.5225
theme_park,IR,"Islamic Republic of Iran","Eram",35.721444444,51.292666666
national_park,IR,"Islamic Republic of Iran","Golestan",37.23,55.81
national_park,IR,"Islamic Republic of Iran","Karkheh",32.0686527,48.2212663
national_park,IR,"Islamic Republic of Iran","Kavir",34.65,52.14
national_park,IR,"Islamic Republic of Iran","Khabr National Park and Ruchun Wildlife Refuge",28.71083333,56.33722222
national_park,IR,"Islamic Republic of Iran","Khar Turan",35.61,56.01
national_park,IR,"Islamic Republic of Iran","Khojir",35.6659775,51.7242022
theme_park,IR,"Islamic Republic of Iran","Kish Dolphinarium",26.505277777,54.038888888
national_park,IR,"Islamic Republic of Iran","Lar",35.9851,51.9791
botanical_garden,IR,"Islamic Republic of Iran","Mashhad",36.253611111,59.609166666
theme_park,IR,"Islamic Republic of Iran","Milad Tower Dolphinarium",35.743888888,51.371388888
botanical_garden,IR,"Islamic Republic of Iran","National of Iran",35.738611111,51.174722222
national_park,IR,"Islamic Republic of Iran","Nayband National Marine Park",27.3825,52.614722222
botanical_garden,IR,"Islamic Republic of Iran","Nowshahr",36.644722222,51.510555555
theme_park,IR,"Islamic Republic of Iran","Ocean Water Park",26.497313367,53.980388271
theme_park,IR,"Islamic Republic of Iran","Sacred Defense Cinema Town",35.448333333,51.255
national_park,IR,"Islamic Republic of Iran","Seydva",35.9550511,53.6419084
theme_park,IR,"Islamic Republic of Iran","Shahre Gheseh",35.764,51.18251
national_park,IR,"Islamic Republic of Iran","Sorkheh Hesar",35.658333333,51.575
national_park,IR,"Islamic Republic of Iran","Tandooreh",37.583472222,58.682277777
national_park,IR,"Islamic Republic of Iran","Tang-e Sayad",32.1466,51.1022
theme_park,IR,"Islamic Republic of Iran","Tehran Jurassic Park",35.790055555,51.352472222
theme_park,IR,"Islamic Republic of Iran","Tepe Shadi Park",29.626027777,51.655027777
national_park,IR,"Islamic Republic of Iran","Urmia Lake",37.4934805,45.6470656
theme_park,IR,"Islamic Republic of Iran","Yusef Cinema Town",35.435194444,51.241138888
national_park,IR,"Islamic Republic of Iran","Zamen Ahoo",37.56,56.25
national_park,IL,"Israel","Akhziv",33.048278,35.102652
national_park,IL,"Israel","Alexander",32.3958,34.8653
national_park,IL,"Israel","Apollonia",32.193611111,34.806666666
national_park,IL,"Israel","Arbel National Park and Nature Reserve",32.8275,35.466944444
national_park,IL,"Israel","Arsuf",32.1952,34.8068
national_park,IL,"Israel","Bar'am",33.043888888,35.415833333
national_park,IL,"Israel","Beit Guvrin",31.61305556,34.89833333
national_park,IL,"Israel","Belvoir Fortress",32.595555555,35.521388888
national_park,IL,"Israel","Bet Shean",32.5022,35.5022
national_park,IL,"Israel","Beth Alpha synagogue",32.521702,35.432357
national_park,IL,"Israel","Capernaum",32.8831,35.5786
national_park,IL,"Israel","Capernaum synagogue",32.8810311,35.575416
national_park,IL,"Israel","Castel",31.796666666,35.144444444
national_park,IL,"Israel","Chorazin",32.911388888,35.563888888
theme_park,IL,"Israel","Coral World Underwater Observatory",29.504,34.918
national_park,IL,"Israel","Dora",32.6174277,34.9163642
botanical_garden,IL,"Israel","Ecological garden in the Technion",32.778538446,35.024276701
botanical_garden,IL,"Israel","Eilat",29.57415828,34.963574842
national_park,IL,"Israel","Eilat's Coral Beach",29.508,34.922
national_park,IL,"Israel","Ein Avdat",30.82638889,34.76638889
national_park,IL,"Israel","Ein Gedi",31.466666666,35.394444444
botanical_garden,IL,"Israel","Ein Gedi",31.45,35.3833
national_park,IL,"Israel","Ein Hemed",31.796189,35.125494
national_park,IL,"Israel","Ein Hinya",31.7435417,35.1566845
national_park,IL,"Israel","Einot Telem",31.80463333,35.17241389
national_park,IL,"Israel","Emek Tzurim",31.78944444,35.24333333
national_park,IL,"Israel","Eshkol",31.3081,34.4895
national_park,IL,"Israel","Gan HaShlosha",32.503611111,35.447222222
national_park,IL,"Israel","Gan Le’ummi Shimron",32.708333333,35.228888888
national_park,IL,"Israel","Gezer",31.859166666,34.919166666
botanical_garden,IL,"Israel","Haifa Zoo and",32.805794444,34.986130555
botanical_garden,IL,"Israel","Havat HaNoi arboretum",32.3429693,34.9154429
national_park,IL,"Israel","Hazan caves",31.51841,34.90221306
national_park,IL,"Israel","Hermon Stream Nature Reserve",33.245555555,35.688888888
national_park,IL,"Israel","Hurshat Tal",33.22048333,35.62934722
national_park,IL,"Israel","Hurvat Amudim",32.815214,35.409983
botanical_garden,IL,"Israel","Jerusalem",31.76873,35.200088
national_park,IL,"Israel","Jerusalem Walls",31.78243889,35.230975
national_park,IL,"Israel","Jotapata",32.501283,35.162496
national_park,IL,"Israel","Karraza, Khirbat",32.91137222,35.563775
national_park,IL,"Israel","Kula",32.035833333,34.956388888
national_park,IL,"Israel","Kursi",32.826086111,35.650377777
theme_park,IL,"Israel","Luna Gal",32.84768526,35.65119267
theme_park,IL,"Israel","Luna Park, Tel Aviv",32.106279,34.812026
national_park,IL,"Israel","Ma'ayan Harod",32.548333333,35.351111111
theme_park,IL,"Israel","Magic Kass",31.785755406,35.330475712
national_park,IL,"Israel","Mamshit",31.026111,35.063889
theme_park,IL,"Israel","Manara cliff",33.19575,35.558638888
theme_park,IL,"Israel","Memadion",32.10201678,34.82005119
national_park,IL,"Israel","Migdal Afek",32.08083333,34.95694444
theme_park,IL,"Israel","Miniland Luna Park",29.549444444,34.960833333
national_park,IL,"Israel","Mount Arbel",32.824166666,35.498611111
national_park,IL,"Israel","Mount Carmel",32.75544722,35.00235556
national_park,IL,"Israel","Mount Tzuba",31.78311111,35.12588056
national_park,IL,"Israel","Naẖal Ẕalmon",32.9056,35.3722
botanical_garden,IL,"Israel","National of Israel",31.793611111,35.244166666
botanical_garden,IL,"Israel","Nature gardens",32.04944444,34.77027778
national_park,IL,"Israel","Nitzana",30.875555555,34.434166666
botanical_garden,IL,"Israel","Oranim",32.711992,35.107961
national_park,IL,"Israel","Palmachim beach",31.930277777,34.700833333
national_park,IL,"Israel","Ramat Gan",32.049225,34.82580278
national_park,IL,"Israel","Ramon Colors",30.613536111,34.880038888
national_park,IL,"Israel","Saint Peter Church, Capernaum",32.88056,35.57537
national_park,IL,"Israel","Sepphoris",32.753055555,35.279166666
theme_park,IL,"Israel","Shefayim Water Park",32.21437,34.82057
botanical_garden,IL,"Israel","Shemurat Ilanot",32.291944444,34.892777777
national_park,IL,"Israel","Shivta",30.88,34.63
theme_park,IL,"Israel","Superland",31.97833333,34.74388889
national_park,IL,"Israel","Tabachnik Garden",31.791155555,35.241513888
national_park,IL,"Israel","Tel Ashdod",31.757777777,34.658611111
national_park,IL,"Israel","Tel Ashkelon",31.661666666,34.549722222
theme_park,IL,"Israel","Tel Aviv Dolphinarium",32.06733056,34.76182222
botanical_garden,IL,"Israel","Tel Aviv University",32.11375,34.80875
national_park,IL,"Israel","Tel Be'er Sheva",31.24482,34.84013
national_park,IL,"Israel","Tel Hazor",33.018333333,35.569166666
theme_park,IL,"Israel","Terminal Park Eilat",29.553598927,34.955608197
national_park,IL,"Israel","Ubeidiya",32.689722222,35.556388888
botanical_garden,IL,"Israel","Utopia park, Israel",32.351579,35.014819
theme_park,IL,"Israel","Waterland",29.517046561,34.925813829
botanical_garden,IL,"Israel","Wohl Rose Park",31.7792,35.2036
theme_park,IL,"Israel","Yamit 2000",32.002888888,34.793666666
national_park,IL,"Israel","Yarkon",32.113786,34.91865
national_park,IL,"Israel","Yehi'am Fortress",32.9941,35.2219
national_park,IL,"Israel","Yehudiya Forest Nature Reserve",32.939104,35.6897023
national_park,IT,"Italy","Abruzzo, Lazio and Molise",41.808388888,13.786472222
theme_park,IT,"Italy","Acqua Park Laguna Blu",39.39306,16.01977
theme_park,IT,"Italy","Acquaworld",45.5834,9.32884
botanical_garden,IT,"Italy","Alpi Orientali",46.0835,12.3002
botanical_garden,IT,"Italy","Alpinia",45.881451,8.500669
botanical_garden,IT,"Italy","Alpino Saussurea Alpine",45.82992,6.94955
national_park,IT,"Italy","Alta Murgia",40.99,16.37
national_park,IT,"Italy","Appennino Lucano - Val d'Agri - Lagonegrese",40.34,15.9
national_park,IT,"Italy","Appennino Tosco-Emiliano",44.31833333,10.24055556
botanical_garden,IT,"Italy","Apuan Alps Pellegrini - Ansaldi",44.05789722,10.19070278
theme_park,IT,"Italy","Aqualand del Vasto",42.15066483,14.69716198
theme_park,IT,"Italy","Aquapiper",41.99528,12.74392
botanical_garden,IT,"Italy","Arboreti di Vallombrosa",43.73112,11.55464
botanical_garden,IT,"Italy","Arboreto del Pilastro",44.507947061,11.38562728
botanical_garden,IT,"Italy","Arboretum Apenninicum",43.13181944,13.06383056
botanical_garden,IT,"Italy","Arboretum of Mondaino",43.85,12.66666667
botanical_garden,IT,"Italy","Arboretum Pascul",46.22388889,13.22555556
national_park,IT,"Italy","Arcipelago di La Maddalena",41.24580483,9.41185
national_park,IT,"Italy","Arcipelago Toscano",42.824947222,10.268736111
botanical_garden,IT,"Italy","Arco Arboretum",45.92234306,10.883620996
national_park,IT,"Italy","Asinara",41.058,8.276
national_park,IT,"Italy","Aspromonte",38.17,15.99
theme_park,IT,"Italy","Atlantica Water Park",44.210088,12.388898
botanical_garden,IT,"Italy","Bergamo Lorenzo Rota",45.70777778,9.65777778
botanical_garden,IT,"Italy","Brera",45.471024283,9.189242925
botanical_garden,IT,"Italy","Cagliari",39.2167,9.11667
botanical_garden,IT,"Italy","Campanula morettiana",46.187620103,12.040838599
botanical_garden,IT,"Italy","Campo Imperatore",42.443759,13.558272
theme_park,IT,"Italy","Canevaworld",45.47806,10.72639
botanical_garden,IT,"Italy","Caplez",44.942033,9.334154
theme_park,IT,"Italy","Caribe Bay",45.49405556,12.60109722
botanical_garden,IT,"Italy","Carsiana",45.7325,13.7397
botanical_garden,IT,"Italy","Casa della Meridiana",45.45588,9.19314
theme_park,IT,"Italy","Cavallino Matto",43.18138889,10.54861111
national_park,IT,"Italy","Cilento, Vallo di Diano and Alburni",40.2,15.2
theme_park,IT,"Italy","Cinecittà World",41.709,12.4467
national_park,IT,"Italy","Cinque Terre",44.1,9.75
national_park,IT,"Italy","Circeo",41.235,13.064
theme_park,IT,"Italy","Città della Domenica",43.113152777,12.343252777
theme_park,IT,"Italy","Città Satellite",45.591575,9.106876
botanical_garden,IT,"Italy","Città Studi",45.4744962,9.2355381
botanical_garden,IT,"Italy","Civico Ulisse Aldrovandi",44.6333,11.1833
botanical_garden,IT,"Italy","Clelia Durazzo Grimaldi",44.43055556,8.81694444
botanical_garden,IT,"Italy","Collepardo",41.76666667,13.36666667
botanical_garden,IT,"Italy","Comunale di Lucca",43.84144722,10.51143056
botanical_garden,IT,"Italy","Conservativo Carlo Spegazzini",45.66666667,12.25
botanical_garden,IT,"Italy","Conservativo Francesco Busnello",45.66666667,12.25
theme_park,IT,"Italy","Cowboyland",44.96863889,9.01316643
botanical_garden,IT,"Italy","Daniela Brescia",42.120429,14.026737
botanical_garden,IT,"Italy","Didattico Sperimentale dell'Università di Milano",45.4749,9.22642222
national_park,IT,"Italy","Dolomiti Bellunesi",46.1699261,12.0366466
botanical_garden,IT,"Italy","E Arboreto Appenninico del Parco Nazionale d'Abruzzo",41.806064,13.786861
theme_park,IT,"Italy","Edenlandia",40.822453,14.182595
botanical_garden,IT,"Italy","Educational arboretum",45.71552,11.40737
botanical_garden,IT,"Italy","Esperia",44.215923,10.721712
theme_park,IT,"Italy","Europark Idroscalo Milano",45.474805555,9.285105555
botanical_garden,IT,"Italy","Farnese Gardens",41.890222036,12.486291901
theme_park,IT,"Italy","Fiabilandia",44.035067,12.60988
botanical_garden,IT,"Italy","Florence",43.778888888,11.261388888
botanical_garden,IT,"Italy","Fondazione André Heller",45.620833333,10.561944444
botanical_garden,IT,"Italy","Forestale dell'Abetone",44.144688,10.663658
national_park,IT,"Italy","Foreste Casentinesi, Monte Falterona, Campigna",43.843333,11.791111
botanical_garden,IT,"Italy","Frignoli",44.23333333,10.13333333
botanical_garden,IT,"Italy","Friulano",46.06754,13.22217
theme_park,IT,"Italy","Gardaland",45.45722,10.71083
botanical_garden,IT,"Italy","Garden",40.75054517,14.491351486
botanical_garden,IT,"Italy","Gardens of Augustus",40.5475,14.243333333
national_park,IT,"Italy","Gargano",41.80611111,15.925
botanical_garden,IT,"Italy","Garlate Silk Museum",45.806385,9.403263
national_park,IT,"Italy","Gennargentu",39.98972222,9.32472222
botanical_garden,IT,"Italy","Giangio Lorenzoni",46.13722222,12.36055556
botanical_garden,IT,"Italy","Giardini Botanici dell'Isola Madre",45.9117,8.5382
botanical_garden,IT,"Italy","Giardini botanici Hanbury",43.782969444,7.554480555
botanical_garden,IT,"Italy","Giardini Botanici Villa Taranto",45.925,8.56
botanical_garden,IT,"Italy","Giardini Ravino",40.72726,13.8657
botanical_garden,IT,"Italy","Giardino Alpino Antonio Segni",46.38333333,12.05
botanical_garden,IT,"Italy","Giardino Alpino Dario Broglio del Monte Corno",45.807258,11.536849
botanical_garden,IT,"Italy","Giardino d'Europa De Gasperi",46.065138888,11.610083333
botanical_garden,IT,"Italy","Giardino degli Agrumi",43.884333333,10.671638888
botanical_garden,IT,"Italy","Giardino dei Semplici",42.36916667,14.14508333
botanical_garden,IT,"Italy","Giardino dei Semplici, Bagnacavallo",44.41666667,11.98333333
botanical_garden,IT,"Italy","Giardino dell'Iris",43.76281667,11.266875
botanical_garden,IT,"Italy","Giardino delle Erbe Augusto Rinaldi Ceroni",44.22939,11.624225
botanical_garden,IT,"Italy","Giardino delle Orchidee Spontanee del Mediterraneo",41.95,12.08333333
botanical_garden,IT,"Italy","Giardino delle rose",43.76305556,11.26277778
botanical_garden,IT,"Italy","Giardino di Flora Appenninica",41.845018,14.276585
botanical_garden,IT,"Italy","Giardino Montano dell' Orecchiella",44.18388889,10.37944444
botanical_garden,IT,"Italy","Giardino Montano Linasia",39.31666667,8.53333333
botanical_garden,IT,"Italy","Giardino Montano per la Conservazione della Biodiversità Ruggero Tomaselli",45.8683,8.76981
botanical_garden,IT,"Italy","Giardino Officinale di Marzana",45.5025,11.01388889
botanical_garden,IT,"Italy","Giardino Torrigiani",43.76572222,11.241675
botanical_garden,IT,"Italy","Giordano Emilio Ghirardi",45.638702763,10.611612865
botanical_garden,IT,"Italy","Gole del Sagittario",41.992293888,13.804163888
national_park,IT,"Italy","Gran Paradiso",45.502777777,7.31
national_park,IT,"Italy","Gran Sasso e Monti della Laga",42.4906519,13.4952371
botanical_garden,IT,"Italy","Grand Hotel Villa Serbelloni",45.9888,9.26118
botanical_garden,IT,"Italy","Hanbury",43.782967,7.554484
botanical_garden,IT,"Italy","Istituto ed",45.63333333,13.8
botanical_garden,IT,"Italy","Istituto Tecnico Agrario Statale Celso Ulpiani",42.854218,13.598093
botanical_garden,IT,"Italy","L'Hortus Camaldulensis di Napoli",40.85,14.2
theme_park,IT,"Italy","Legoland Water Park",45.455111111,10.711944444
theme_park,IT,"Italy","Leolandia",45.60574,9.53864
national_park,IT,"Italy","Lestra",41.293386,13.049503
botanical_garden,IT,"Italy","Limbara mediterranean arboretum",40.84972222,9.17527778
botanical_garden,IT,"Italy","Litoraneo di Porto Caleri",45.06666667,12.23333333
botanical_garden,IT,"Italy","Locatelli",45.501777,12.266054
theme_park,IT,"Italy","Lodisplash",45.280562,9.474619
botanical_garden,IT,"Italy","Loreto Grande",41.86622,13.624342
theme_park,IT,"Italy","Luneur Park",41.837351134,12.47611977
theme_park,IT,"Italy","MagicLand",41.76528611,12.95605833
national_park,IT,"Italy","Maiella",42.08194444,14.06
botanical_garden,IT,"Italy","Majella",42.046793,14.190686
botanical_garden,IT,"Italy","Malmerendi Museum of Natural Sciences",44.28333333,11.88333333
botanical_garden,IT,"Italy","Maria Ansaldi Pania di Corfino",44.17305556,10.33416667
national_park,IT,"Italy","Matese",41.3814,14.4069
botanical_garden,IT,"Italy","Mediterraneo",42.078122,14.752938
botanical_garden,IT,"Italy","Memorie Industriali park",45.44465,9.19185
theme_park,IT,"Italy","Mineral park of Gavorrano",42.9211,10.9072
botanical_garden,IT,"Italy","Minerva's Garden",40.68111,14.75372
theme_park,IT,"Italy","Miniera Di Bochey",45.718572,7.726665
theme_park,IT,"Italy","Miniere dei Piani Resinelli",45.900184563,9.391762681
theme_park,IT,"Italy","Miniere Turistiche del Lago di Como",45.983961716,9.405519996
theme_park,IT,"Italy","Mirabilandia",44.337222,12.263333
theme_park,IT,"Italy","Miragica",41.213013,16.551697
theme_park,IT,"Italy","Mola Casanova",43.295174,12.332403
botanical_garden,IT,"Italy","Montano di Pratorondanino",44.52824,8.75082
botanical_garden,IT,"Italy","Monte Baldo",45.69847,10.85835
botanical_garden,IT,"Italy","Montemarcello",44.06666667,9.95
theme_park,IT,"Italy","Movieland Studios",45.476976,10.723051
botanical_garden,IT,"Italy","Museo del Paesaggio del Lago di Como",45.9826,9.22226
botanical_garden,IT,"Italy","Museo e Arboreto Carlo Siemoni",43.71666667,11.76666667
botanical_garden,IT,"Italy","Naples",40.861359,14.262462
botanical_garden,IT,"Italy","Niso Fumagalli Rose Garden",45.59383,9.27235
botanical_garden,IT,"Italy","Nuova Gussonea",37.63333333,14.93333333
theme_park,IT,"Italy","Oltremare",43.9887,12.6453
theme_park,IT,"Italy","Ondaland",45.4793,8.42551
botanical_garden,IT,"Italy","Oropa",45.629856,7.975232
botanical_garden,IT,"Italy","Orto dei Semplici Elbano",42.81666667,10.4
botanical_garden,IT,"Italy","Padova",45.39953,11.880682
botanical_garden,IT,"Italy","Palazzo Rocca",44.316914,9.327213
botanical_garden,IT,"Italy","Palermo",38.1125,13.3725
botanical_garden,IT,"Italy","Pallanca exotic gardens",43.785925,7.686075
national_park,IT,"Italy","Pantelleria",36.790833333,11.993888888
botanical_garden,IT,"Italy","Paradisia Alpine",45.585,7.336944444
botanical_garden,IT,"Italy","Parchi di Nervi",44.3808,9.04611
botanical_garden,IT,"Italy","Parco Botanico Friulano Cormor",46.08361111,13.19027778
botanical_garden,IT,"Italy","Parco della biodiversità mediterranea",38.91848,16.5817
botanical_garden,IT,"Italy","Parco delle Cascine",43.78206667,11.21816944
theme_park,IT,"Italy","Parco minerario di Floristella-Grottacalda",37.384727,14.374572
botanical_garden,IT,"Italy","Parco Paleobotanico dell'Anglona",40.832288,8.885057
botanical_garden,IT,"Italy","Park Capponi",45.440588,9.185643
botanical_garden,IT,"Italy","Parma",44.795930555,10.327294444
botanical_garden,IT,"Italy","Passo Coe",45.91666667,11.18333333
theme_park,IT,"Italy","Peter Park",43.866888888,12.695333333
botanical_garden,IT,"Italy","Phenological garden Alessandro Marcello",45.66666667,12.25
botanical_garden,IT,"Italy","Pierina Scaramella",43.72746,12.63666
botanical_garden,IT,"Italy","Pietra Corva",44.83333333,9.33333333
botanical_garden,IT,"Italy","Pietro Castelli dell'Università di Messina",38.19241,15.54615
botanical_garden,IT,"Italy","Pinetum of Moncioni",43.4784,11.5087
botanical_garden,IT,"Italy","Pisa and Museum",43.71982,10.39619
national_park,IT,"Italy","Pollino",39.931111111,16.126111111
theme_park,IT,"Italy","Pombia Safari Park",45.65,8.63333
botanical_garden,IT,"Italy","Ponziano",40.9,12.96666667
botanical_garden,IT,"Italy","Portici",40.811780555,14.343938888
botanical_garden,IT,"Italy","Preistorico di Molina di Ledro",45.86666667,10.78333333
botanical_garden,IT,"Italy","Ravizza Park",45.44778889,9.192425
botanical_garden,IT,"Italy","Rea",45.03647,7.391
botanical_garden,IT,"Italy","Resistenza Park",45.44764167,9.18305278
botanical_garden,IT,"Italy","Rezia",46.46666667,10.36666667
botanical_garden,IT,"Italy","Riserva Lago di Penne",42.442079,13.903617
botanical_garden,IT,"Italy","Rome Rose Garden",41.885197063,12.483448224
botanical_garden,IT,"Italy","Roseto di San Giovanni",45.660722,13.804792
botanical_garden,IT,"Italy","Royal Gardens of Monza",45.593952,9.277098
botanical_garden,IT,"Italy","San Marco",45.756111111,11.186944444
botanical_garden,IT,"Italy","Santicelli",38.68333333,16.55
theme_park,IT,"Italy","Sardegna in Miniatura",39.702222222,8.979722222
botanical_garden,IT,"Italy","Savoy Castle Alpine",45.763888888,7.826666666
botanical_garden,IT,"Italy","Scuola Media Statale E.Toti di Musile di Piave",45.61666667,12.56666667
national_park,IT,"Italy","Sibillini Mountains",42.906,13.195
national_park,IT,"Italy","Sila",39.37611111,16.59194444
botanical_garden,IT,"Italy","Sorgenti del Cavuto",41.995541,13.803924
national_park,IT,"Italy","Stelvio",46.466,10.506
botanical_garden,IT,"Italy","Stigliano",42.11607,12.04019
botanical_garden,IT,"Italy","Tenuta di San Liberato, Bracciano",42.129369444,12.16445
botanical_garden,IT,"Italy","The Gardens of Trauttmansdorff Castle",46.66,11.185
botanical_garden,IT,"Italy","Trebbo Trebbi",45.53333333,10.23333333
botanical_garden,IT,"Italy","Tropicale dell'Istituto Agronomico per l'Oltremare",43.76861111,11.25694444
botanical_garden,IT,"Italy","Università dell'Aquila",42.342667,13.406185
botanical_garden,IT,"Italy","Università della Calabria",39.29527778,16.25361111
botanical_garden,IT,"Italy","Università della Tuscia",42.44222222,12.065
botanical_garden,IT,"Italy","Università di Bologna",44.500512844,11.353464558
botanical_garden,IT,"Italy","Università di Camerino",43.13565,13.068325
botanical_garden,IT,"Italy","Università di Catania",37.51573944,15.0835762
botanical_garden,IT,"Italy","Università di Modena e Reggio Emilia",44.6482,10.9331
botanical_garden,IT,"Italy","Università di Perugia",43.096981,12.396739
botanical_garden,IT,"Italy","Università di Roma La Sapienza",41.892296,12.465853
botanical_garden,IT,"Italy","Università di Sassari",40.72171667,8.54902778
botanical_garden,IT,"Italy","Università di Siena",43.313918,11.331362
botanical_garden,IT,"Italy","Università di Tor Vergata",41.85361111,12.60333333
botanical_garden,IT,"Italy","Università di Torino",45.05666667,7.68111111
botanical_garden,IT,"Italy","Università di Trieste",45.69444444,13.74722222
botanical_garden,IT,"Italy","Università Politecnica delle Marche",43.566247,13.431174
botanical_garden,IT,"Italy","University of Bari",41.10759,16.883073
botanical_garden,IT,"Italy","University of Ferrara",44.84227,11.622496
botanical_garden,IT,"Italy","University of Genoa",44.416374,8.927933
botanical_garden,IT,"Italy","University of Salento",40.3351,18.122661111
national_park,IT,"Italy","Val Grande",46.029167,8.459444
botanical_garden,IT,"Italy","Valbonella",43.86,11.78
botanical_garden,IT,"Italy","Valderia",44.27083333,7.20333333
national_park,IT,"Italy","Vesuvius",40.817,14.427
botanical_garden,IT,"Italy","Villa Adele Lake Como",45.955596547,9.273541708
botanical_garden,IT,"Italy","Villa Bertarelli",45.8179022,9.3711914
botanical_garden,IT,"Italy","Villa Beuca",44.386254,8.629814
botanical_garden,IT,"Italy","Villa Bricherasio",44.65,7.48333333
botanical_garden,IT,"Italy","Villa Carlia",45.982167,9.21488
botanical_garden,IT,"Italy","Villa Carlotta",45.9864,9.230838888
botanical_garden,IT,"Italy","Villa Cipressi",46.0093,9.28474
botanical_garden,IT,"Italy","Villa Commedia",45.957507177,9.301937712
botanical_garden,IT,"Italy","Villa De Ponti",45.80322,9.424303
botanical_garden,IT,"Italy","Villa dei Ligustri",42.432606,13.984333
botanical_garden,IT,"Italy","Villa duchessa di Galliera",44.43138889,8.74472222
botanical_garden,IT,"Italy","Villa La Gaeta",46.04064904,9.250897534
botanical_garden,IT,"Italy","Villa Meier",45.982220857,9.220333736
botanical_garden,IT,"Italy","Villa Melzi",45.97968,9.25399
botanical_garden,IT,"Italy","Villa Monastero",46.0076,9.288
botanical_garden,IT,"Italy","Villa Mylius-Vigoni",46.027532311,9.230033096
botanical_garden,IT,"Italy","Villa Piercy",40.350277777,8.88
botanical_garden,IT,"Italy","Villa Sola Busca, Tremezzo",45.982764091,9.214422297
botanical_garden,IT,"Italy","Villa Troubetzkoy",45.834413499,9.095408768
botanical_garden,IT,"Italy","Viotte di Monte Bondone",46.021381,11.038803
theme_park,IT,"Italy","Zoomarine",41.633611111,12.456666666
theme_park,IT,"Italy","Zoosafari Fasanolandia",40.8335,17.3386
botanical_garden,JM,"Jamaica","Bath",17.947404,-76.348696
national_park,JM,"Jamaica","Blue and John Crow Mountains",18.0775,-76.571111
theme_park,JM,"Jamaica","Dolphin Cove Jamaica",18.4171,-77.1304
botanical_garden,JM,"Jamaica","Hope",18.0225,-76.7493
botanical_garden,JM,"Jamaica","National Heroes Park",17.9825497,-76.7887259
theme_park,JP,"Japan","Adachigahara Furusatomura",37.593583333,140.463805555
theme_park,JP,"Japan","Adventure World",33.66775,135.375797
botanical_garden,JP,"Japan","Aichiken Forest Park",35.2352,137.052
botanical_garden,JP,"Japan","Aizumi Rose Garden",34.133333,134.5
theme_park,JP,"Japan","Akamatsu",33.23975,132.533694444
national_park,JP,"Japan","Akan Mashu",43.51666667,144.26666667
botanical_garden,JP,"Japan","Akao Herb & Rose Garden",35.079888888,139.072611111
botanical_garden,JP,"Japan","Akatsuka",35.780555555,139.644166666
botanical_garden,JP,"Japan","Akatsukayama Park",34.84725,137.357881
theme_park,JP,"Japan","Akita Furusato-mura",39.29335,140.546206
national_park,JP,"Japan","Amami Guntō",27.78,128.915
botanical_garden,JP,"Japan","Amami Islands",28.245555555,129.41
theme_park,JP,"Japan","Amami Park",28.416667,129.694444
theme_park,JP,"Japan","Amanohashidate View Land",35.5525,135.18175
botanical_garden,JP,"Japan","Aoi park",34.864444,136.983056
botanical_garden,JP,"Japan","Aoshima Subtropical",31.8025,131.47
theme_park,JP,"Japan","Arakawa",35.753611,139.758611
botanical_garden,JP,"Japan","Aramaki Rose Park",34.8118,135.386
theme_park,JP,"Japan","Arita Porcelain Park",33.165792,129.908266
botanical_garden,JP,"Japan","Aritaki Arboretum",35.9,139.789722222
theme_park,JP,"Japan","Asahikawa Ramen Village",43.781944444,142.414444444
botanical_garden,JP,"Japan","Ashigara Man'yō Park",35.323257,139.016823
national_park,JP,"Japan","Ashizuri-Uwakai",32.723888888,133.02
national_park,JP,"Japan","Aso Kujū",32.885,131.10416667
botanical_garden,JP,"Japan","Atagawa Tropical & Alligator Garden",34.816602,139.067895
theme_park,JP,"Japan","Awaji World Park Onokoro",34.416644,134.899831
theme_park,JP,"Japan","Ayashii Shōnen Shōjo Museum",34.891556,139.1167944
national_park,JP,"Japan","Bandai-Asahi",37.81666667,139.73333333
botanical_garden,JP,"Japan","Banshu Yamasaki Iris Garden",35.00886111,134.55736111
theme_park,JP,"Japan","Baruto-no-niwa",34.159027777,134.496555555
theme_park,JP,"Japan","Benyland",38.246666666,140.848611111
theme_park,JP,"Japan","Big Fun Heiwajima",35.584472,139.740722
theme_park,JP,"Japan","Biwako Wanwan Oukoku",35.123361,135.945889
theme_park,JP,"Japan","Brazilian Park Washuzan Highland",34.446111,133.797917
theme_park,JP,"Japan","Canadian World",43.566111111,142.239166666
botanical_garden,JP,"Japan","Center for Medicinal Plant Resources, Toyama Prefectural Institute for Phamaceutical Research",36.717055555,137.388166666
theme_park,JP,"Japan","Chausuyama Dinasour Park",36.589028,138.122806
botanical_garden,JP,"Japan","Chiba City Floral Museum",35.618222,140.064778
national_park,JP,"Japan","Chichibu Tama Kai",35.9,138.716666666
botanical_garden,JP,"Japan","Chikuma River Man'yō Park",36.478358,138.146314
national_park,JP,"Japan","Chūbu-Sangaku",36.758333333,137.791666666
theme_park,JP,"Japan","Country Farm Tokyo German Village",35.405556,140.059444
theme_park,JP,"Japan","Daiba 1-chōme Shōtengai",35.6292846,139.7762176
theme_park,JP,"Japan","Daikeien",35.763,139.969
theme_park,JP,"Japan","Dairy Farming Kingdom Oratche",35.10325,139.014777777
national_park,JP,"Japan","Daisen-Oki",35.45,133.766666666
national_park,JP,"Japan","Daisetsuzan",43.66027778,142.85805556
theme_park,JP,"Japan","Dazaifu",33.521139,130.536806
botanical_garden,JP,"Japan","Denpark",34.930217,137.060744
theme_park,JP,"Japan","Dondoko Forest",35.169826,137.093525
theme_park,JP,"Japan","Ecorin Mura",42.872222222,141.547222222
theme_park,JP,"Japan","Edo Wonderland Nikko Edomura",36.791,139.698
theme_park,JP,"Japan","Ehime Children's Castle",33.761917,132.797611
botanical_garden,JP,"Japan","Ehime Man'yō Garden",33.853759,132.77305
botanical_garden,JP,"Japan","Elega Garden",36.638565,136.968304
theme_park,JP,"Japan","Enakyo Wonderland",35.488119,137.405972
theme_park,JP,"Japan","Enchō-en",35.465888888,133.893
theme_park,JP,"Japan","Esashi-Fujiwara Heritage Park",39.194444,141.188889
botanical_garden,JP,"Japan","Experimental Station for Landscape Plants",35.662387,140.074739
botanical_garden,JP,"Japan","Experimental Station for Medicinal Plant Research",36.678611111,137.147777777
botanical_garden,JP,"Japan","Experimental Station for Medicinal Plant Studies, Faculty of Pharmaceutical Sciences, Hokkaido University",43.05,141.3333333
theme_park,JP,"Japan","Expoland",34.80555556,135.535
botanical_garden,JP,"Japan","Faculty of Agriculture, Iwate University",39.712607,141.139715
botanical_garden,JP,"Japan","Faculty of Science, Kanazawa University",36.54036111,136.70188889
theme_park,JP,"Japan","Flight of Dreams",34.855222,136.817167
botanical_garden,JP,"Japan","Florante Miyazaki",31.954458,131.465968
botanical_garden,JP,"Japan","Flower Park Kagoshima",31.16994444,130.58488889
botanical_garden,JP,"Japan","Fuji Bamboo Garden",35.16111111,138.88805556
theme_park,JP,"Japan","Fuji Subaru Land",35.457222222,138.758888888
national_park,JP,"Japan","Fuji-Hakone-Izu",34.666667,139
theme_park,JP,"Japan","Fuji-Q Highland",35.48749,138.78019
theme_park,JP,"Japan","Fujisan Jukū no Mori",35.296666666,138.868055555
botanical_garden,JP,"Japan","Fukuchiyama",35.311917,135.137
botanical_garden,JP,"Japan","Fukui",35.968944444,136.118833333
botanical_garden,JP,"Japan","Fukuoka Municipal Zoo and",33.572252777,130.390230555
botanical_garden,JP,"Japan","Fukuyama Rose Park",34.481111111,133.371666666
theme_park,JP,"Japan","Funabashi H. C. Andersen Park",35.759992,140.062939
theme_park,JP,"Japan","Fushimi Momoyama Castle Land",34.939472222,135.776805555
theme_park,JP,"Japan","Genroku Matsudo-mura",35.8008263,139.9332193
theme_park,JP,"Japan","Ghibli Park",35.172777777,137.089722222
theme_park,JP,"Japan","Gifu Seiryu-satoyama Koen",35.476444444,137.033472222
botanical_garden,JP,"Japan","Gōra Park",35.248611,139.045139
theme_park,JP,"Japan","Grimm forest",36.449027777,139.858722222
theme_park,JP,"Japan","Grinpa",35.294353,138.784508
theme_park,JP,"Japan","Gundam Factory Yokohama",35.446711,139.6540782
botanical_garden,JP,"Japan","Gunma Flower Park",36.4575,139.17583333
theme_park,JP,"Japan","Haikara't Yokocho",33.953083333,130.941222222
botanical_garden,JP,"Japan","Hakone of Wetlands",35.266175,139.00707778
national_park,JP,"Japan","Hakusan",36.155,136.78805556
theme_park,JP,"Japan","Hakusan Dinosaur Park Shiramine",36.203694444,136.625611111
botanical_garden,JP,"Japan","Hamamatsu Flower Park",34.758333,137.6375
botanical_garden,JP,"Japan","Hamamatsu fruit park",34.84,137.73305556
theme_park,JP,"Japan","Hamanako Palpal",34.763853,137.616708
botanical_garden,JP,"Japan","Hanaizumi Flower World",38.824166666,141.220277777
theme_park,JP,"Japan","Hanayashiki",35.715497222,139.794688888
botanical_garden,JP,"Japan","Handayama",34.69297222,133.93094444
theme_park,JP,"Japan","Harmonyland",33.401619,131.546569
botanical_garden,JP,"Japan","Hattori Ryokuchi Arboretum",34.77027778,135.49111111
botanical_garden,JP,"Japan","Health Sciences University of Hokkaido Department of Pharmaceutical Sciences Fuzoku Yakuyoushokubutsuen",43.23,141.55
theme_park,JP,"Japan","Heidi's Village",35.78080556,138.46494444
botanical_garden,JP,"Japan","Heidi's Village",35.78080556,138.46494444
theme_park,JP,"Japan","Heike no Sato",36.961444444,139.584944444
botanical_garden,JP,"Japan","Herbal Garden, Gifu Pharmaceutical University",35.48333333,136.75
national_park,JP,"Japan","Hidakasanmyaku-Erimo-Tokachi",42.388611111,142.951666666
botanical_garden,JP,"Japan","Higashitateyama Alpine",36.728611,138.521111
botanical_garden,JP,"Japan","Higashiyama Zoo and",35.15833333,136.97777778
theme_park,JP,"Japan","Hill of Youth",35.1755346,137.0892795
botanical_garden,JP,"Japan","Himeji City Tegarayama",34.819,134.6754
botanical_garden,JP,"Japan","Himi Seaside",36.8371,137.0041
theme_park,JP,"Japan","Hirakata Park",34.80577778,135.63813056
botanical_garden,JP,"Japan","Hirosaki Castle",40.60513,140.4662
botanical_garden,JP,"Japan","Hiroshima",34.39191667,132.34694444
theme_park,JP,"Japan","Hiroshima Dog Park",34.413611111,132.281388888
botanical_garden,JP,"Japan","Hiroshima Prefecture Tree Planting Center",34.436532,132.567863
botanical_garden,JP,"Japan","Hirugano",35.99875,136.8995
theme_park,JP,"Japan","Hiruzen Kōgen Center",35.290889,133.635336
theme_park,JP,"Japan","Hokkaido Green Land",43.165833333,141.78
botanical_garden,JP,"Japan","Hokkaido University",43.063892,141.3426479
botanical_garden,JP,"Japan","Horikiri Iris Garden",35.742361,139.825972
theme_park,JP,"Japan","Huis Ten Bosch",33.0865,129.786889
botanical_garden,JP,"Japan","Hyogo Prefectural Flower Center",34.90775,134.859306
botanical_garden,JP,"Japan","Ibaraki",36.474134,140.436623
botanical_garden,JP,"Japan","Ichikawa Zoological &",35.764778,139.965219
theme_park,JP,"Japan","Ichikura farm",33.881888888,133.183805555
theme_park,JP,"Japan","Ikoma Sanjō",34.679556,135.678861
theme_park,JP,"Japan","Ikuno Ginzan silver mine",35.171666666,134.819722222
theme_park,JP,"Japan","Immersive Fort Tokyo",35.625004993,139.779946078
theme_park,JP,"Japan","Inawashiro Midorinomura",37.560888888,140.074555555
botanical_garden,JP,"Japan","Innoshima Flower Center",34.345644286,133.152556229
botanical_garden,JP,"Japan","Institute for Nature Study",35.636007,139.721312
botanical_garden,JP,"Japan","Ippongi Park",36.754166666,138.376111111
national_park,JP,"Japan","Iriomote-Ishigaki",24.31666667,123.88333333
national_park,JP,"Japan","Ise-Shima",34.455,136.72583333
theme_park,JP,"Japan","Ishibe-shukuba-no-sato",35.003889,136.044722
theme_park,JP,"Japan","Ishigaki Yaima Village",24.404333,124.144361
botanical_garden,JP,"Japan","Ishikawa Forest Experiment Station",36.42916667,136.64277778
botanical_garden,JP,"Japan","Itabashi",35.79188889,139.66408333
theme_park,JP,"Japan","Italia Mura",35.09,136.88444444
botanical_garden,JP,"Japan","Iwaki Flower Center",37.033333,140.883333
theme_park,JP,"Japan","Iwaki Lalamew",36.944333,140.905472
botanical_garden,JP,"Japan","Izu Animal Kingdom",34.797083,139.039528
theme_park,JP,"Japan","Izu Granpal",34.905638888,139.121416666
botanical_garden,JP,"Japan","Izu Shaboten Zoo",34.9072,139.101
botanical_garden,JP,"Japan","Izu World Minna no Hawaiians",35.012306,138.941333
theme_park,JP,"Japan","J-World Tokyo",35.72861111,139.72
theme_park,JP,"Japan","Japan Cycle Sports Center",35.00997222,139.01041667
theme_park,JP,"Japan","Japan Monkey Park",35.391447,136.953908
botanical_garden,JP,"Japan","Jindai",35.67136,139.54591
botanical_garden,JP,"Japan","Josai International University Medicinal Plant Garden",35.9166,140.518
national_park,JP,"Japan","Jōshin'etsu-kōgen",36.625,138.625
theme_park,JP,"Japan","Joypolis",35.628508,139.775161
theme_park,JP,"Japan","JUNGLIA OKINAWA",26.642236111,127.973622222
botanical_garden,JP,"Japan","Kagoshima",31.57055556,130.56316667
theme_park,JP,"Japan","Kakegawa Kachoen",34.761194444,138.015055555
botanical_garden,JP,"Japan","Kakegawa Kachoen",34.761194444,138.015055555
botanical_garden,JP,"Japan","Kameido Umeyashiki",35.703342,139.820458
botanical_garden,JP,"Japan","Kamoso Iris Garden",34.827003061,137.965560103
botanical_garden,JP,"Japan","Kamoso Kachoen",34.827003061,137.965560103
botanical_garden,JP,"Japan","Kana Garden (Hiratsuka, Japan)",35.35855556,139.31180556
botanical_garden,JP,"Japan","Kanagawa Prefectural Ofuna",35.348036,139.520788
theme_park,JP,"Japan","Kanmon Strait Museum",33.944,130.956694
theme_park,JP,"Japan","Kansai Cycle Sports Center",34.413167,135.529806
theme_park,JP,"Japan","Kashii-Kaen",33.666889,130.434889
theme_park,JP,"Japan","Katsuyama Dinosaur Forest Park",36.083306,136.508972
botanical_garden,JP,"Japan","Kawaguchi Green Center",35.84583333,139.72638889
botanical_garden,JP,"Japan","Kawazu Bagatelle Park",34.752778,138.981944
botanical_garden,JP,"Japan","Keio Floral Garden Ange",35.645138888,139.535916666
botanical_garden,JP,"Japan","Keisei Rose Garden",35.730972,140.087528
theme_park,JP,"Japan","Kejonuma Leisure Land",38.632277777,140.966444444
botanical_garden,JP,"Japan","Kenmotsudai Arboretum",32.808739,130.704697
national_park,JP,"Japan","Kerama Shotō",26.2,127.3
theme_park,JP,"Japan","Kidzania Fukuoka",33.565,130.440277777
theme_park,JP,"Japan","KidZania Koshien",34.716861111,135.363861111
theme_park,JP,"Japan","Kidzania Tokyo",35.65583333,139.79194444
theme_park,JP,"Japan","Kijima Kōgen Park",33.2644,131.427
botanical_garden,JP,"Japan","Kioroshi Man'yō Park",35.835386,140.154709
national_park,JP,"Japan","Kirishima-Kinkōwan",31.2629,130.706
theme_park,JP,"Japan","Kiryū-ga-oka Park",36.42372222,139.341
theme_park,JP,"Japan","Kisarazu Ferris Wheel Park Kisarapia",35.438972222,139.932861111
botanical_garden,JP,"Japan","Kiseki No Hoshi Greenhouse",34.56177778,135.00841667
botanical_garden,JP,"Japan","Kitaharima - Yokamura park",35.077472,134.924694
botanical_garden,JP,"Japan","Kitayama",34.76475,135.31711111
botanical_garden,JP,"Japan","Kobe Animal Kingdom",34.65416667,135.22305556
theme_park,JP,"Japan","Kobe Anpanman Children's Museum & Mall",34.6786,135.185
botanical_garden,JP,"Japan","Kobe Municipal Arboretum",34.74111111,135.17805556
botanical_garden,JP,"Japan","Kobe Pharmaceutical University Medicinal",34.71666667,135.2833333
theme_park,JP,"Japan","Kobecity Agricultural Park",34.7325,135.040278
theme_park,JP,"Japan","Kodomonokuni",35.562325,139.491424
botanical_garden,JP,"Japan","Koishikawa",35.719183,139.745376
theme_park,JP,"Japan","Kōka Ninja Village",34.919667,136.207417
botanical_garden,JP,"Japan","Komachi Shakuyaku-en",39.065416666,140.46
theme_park,JP,"Japan","Kōriyama Culture Park",37.36669444,140.32886111
botanical_garden,JP,"Japan","Kosobe Conservatory",34.8595,135.625
botanical_garden,JP,"Japan","Kosuge Man'yō Park",35.757498,139.813555
botanical_garden,JP,"Japan","Kubota Palm Garden",33.6877,132.8037
theme_park,JP,"Japan","Kujukushima Pearl Sea Resort",33.16138889,129.67944444
botanical_garden,JP,"Japan","Kumamoto City Zoological and",32.77458333,130.74777778
botanical_garden,JP,"Japan","Kuragaike Park",35.098506,137.21685
theme_park,JP,"Japan","Kurashiki Tivoli Park",34.60338889,133.76436111
botanical_garden,JP,"Japan","Kushiro Fisherman's Wharf MOO",42.98175,144.3835
national_park,JP,"Japan","Kushiro-shitsugen",43.108,144.401
botanical_garden,JP,"Japan","Kyoto",35.04833333,135.76111111
botanical_garden,JP,"Japan","Kyoto Medicinal Plant Garden",35.048639,135.801361
theme_park,JP,"Japan","LAGUNA TEN BOSCH",34.807722,137.275833
theme_park,JP,"Japan","Lagunasia",34.808573,137.271986
theme_park,JP,"Japan","Legoland Discovery Center Osaka",34.655805555,135.430166666
theme_park,JP,"Japan","Legoland Discovery Center Tokyo",35.6288171,139.775669
theme_park,JP,"Japan","Legoland Japan Resort",35.0505,136.843611
theme_park,JP,"Japan","Lost River Delta",35.626666666,139.881388888
theme_park,JP,"Japan","Luna Park",36.3953,139.063069
botanical_garden,JP,"Japan","Makino",33.54666667,133.57777778
botanical_garden,JP,"Japan","Makino Memorial Garden",35.746388888,139.585555555
botanical_garden,JP,"Japan","Man'yō (Ichikawa)",35.75266944,139.95308056
botanical_garden,JP,"Japan","Man'yō (Kitakyūshū)",33.902313,130.798913
botanical_garden,JP,"Japan","Man'yō (Nara)",34.682305555,135.8445
botanical_garden,JP,"Japan","Man'yō (Shimotsuke)",36.3808,139.808201
botanical_garden,JP,"Japan","Man'yō (Tokorozawa)",35.798977,139.469723
botanical_garden,JP,"Japan","Man'yō (Ueda)",36.381466,138.268683
botanical_garden,JP,"Japan","Man'yō (Wakayama)",34.226536,135.229092
botanical_garden,JP,"Japan","Man'yō Forest",34.4961,135.822123
botanical_garden,JP,"Japan","Man'yō Garden, Nara Prefecture Complex of Man'yō Culture",34.477679,135.823453
botanical_garden,JP,"Japan","Man'yō no Michi (Yahiko)",37.706602,138.826113
botanical_garden,JP,"Japan","Man'yō no Mori (Inami)",34.749162,134.921667
botanical_garden,JP,"Japan","Man'yō no Mori (Shūnan)",34.050174,131.817671
botanical_garden,JP,"Japan","Man'yō Park (Hachiōji)",35.646933,139.30488
botanical_garden,JP,"Japan","Man'yō Park (Iki)",33.751083,129.761243
botanical_garden,JP,"Japan","Man'yō Park (Yugawara)",35.144972222,139.071611111
botanical_garden,JP,"Japan","Man'yō-no-Mori Funaokayama",35.105269,136.163886
botanical_garden,JP,"Japan","Man'yō・Medicinal Plants Garden",35.780243,139.64364
botanical_garden,JP,"Japan","Manabe Garden",42.88441667,143.20408333
botanical_garden,JP,"Japan","Manriki Park",35.69138889,138.68111111
theme_park,JP,"Japan","Marble Village Lockheart Castle",36.630833,138.988056
theme_park,JP,"Japan","Marina Hop",34.360389,132.415
theme_park,JP,"Japan","Marine Spa Atami",35.090935,139.07475
botanical_garden,JP,"Japan","Matsue Vogel Park",35.47625,132.94402778
botanical_garden,JP,"Japan","Maya Shizen Kansatsu-en",34.735,135.205833
botanical_garden,JP,"Japan","Medical Plant Garden of Hoshi University",35.6,139.733333
botanical_garden,JP,"Japan","Medicinal Plant Garden of Josai University",35.931277777,139.344277777
botanical_garden,JP,"Japan","Medicinal Plant Garden, Faculty of Pharmaceutical Sciences, Fukuoka University",33.548849,130.362438
botanical_garden,JP,"Japan","Medicinal Plant Garden, Kitasato University",35.406389,139.394167
botanical_garden,JP,"Japan","Medicinal Plant Garden, Osaka Medical and Pharmaceutical University",34.863694444,135.577027777
botanical_garden,JP,"Japan","Medicinal Plant Garden, School of Pharmaceutical Sciences, University of Shizuoka",34.993472222,138.449027777
botanical_garden,JP,"Japan","Medicinal Plant Garden, School of Pharmacy, Nihon University",35.728467,140.050345
theme_park,JP,"Japan","Mega Web",35.626806,139.782528
theme_park,JP,"Japan","Meruhenmura",33.131111111,129.973777777
theme_park,JP,"Japan","Metsä",35.8725,139.329333333
botanical_garden,JP,"Japan","Michinoku Mano-Manyo",37.694406,140.962617
theme_park,JP,"Japan","Mihama Town Resort American Village",26.316183,127.756668
national_park,JP,"Japan","Minami Alps",35.752222222,137.673055555
theme_park,JP,"Japan","Minetopia Besshi",33.901444444,133.3095
theme_park,JP,"Japan","Mirage Land",36.8,137.385833333
theme_park,JP,"Japan","Miroku no sato",34.42058333,133.3059444
theme_park,JP,"Japan","Misaki Park",34.32804167,135.16116111
botanical_garden,JP,"Japan","Misato town lavender field",39.454548744,140.619157539
botanical_garden,JP,"Japan","Mito Botanical Park",36.34027778,140.42138889
theme_park,JP,"Japan","Miyagi Zao Fox Village",38.040994,140.530308
botanical_garden,JP,"Japan","Miyajima Natural",34.28316667,132.28822222
botanical_garden,JP,"Japan","Miyakojima City Tropical Plant Garden",24.80138889,125.31527778
botanical_garden,JP,"Japan","Mizunomori Water",35.074078,135.940458
theme_park,JP,"Japan","Mobility Resort Motegi",36.533611,140.2275
theme_park,JP,"Japan","Mononoke Village",35.176388888,137.093333333
botanical_garden,JP,"Japan","Morino Medicinal Herb Garden",34.478055555,135.932777777
theme_park,JP,"Japan","Morioka Handi-Works Square",39.693013888,141.024396944
theme_park,JP,"Japan","Mosaic Garden",34.678556,135.184944
theme_park,JP,"Japan","Mother Farm",35.246027777,139.934833333
botanical_garden,JP,"Japan","Mt. Futagami Man'yō",36.785968,137.015529
botanical_garden,JP,"Japan","Mukaishima Orchid Center",34.37575,133.20630556
theme_park,JP,"Japan","Mukōgaoka-Yūen",35.608889,139.571944
botanical_garden,JP,"Japan","Mukōjima-Hyakkaen Garden",35.724194,139.815444
botanical_garden,JP,"Japan","Musashi Kokubunji Man'yō Garden",35.693548,139.4721
theme_park,JP,"Japan","Musashinomura",36.137417,139.550444
national_park,JP,"Japan","Myōkō-Togakushi Renzan",36.625,138.625
botanical_garden,JP,"Japan","Nabana no Sato",35.081111,136.703556
botanical_garden,JP,"Japan","Nagai",34.61055556,135.52166667
botanical_garden,JP,"Japan","Nagai Ayame Park",38.1152906,140.0308847
botanical_garden,JP,"Japan","Nagakubo Park Urban Greenery",35.33302778,139.46663889
theme_park,JP,"Japan","Nagasaki Holland Village",32.997006,129.757467
botanical_garden,JP,"Japan","Nagasaki Subtropical",32.593106,129.804734
theme_park,JP,"Japan","Nagashima Spa Land",35.029698,136.730014
theme_park,JP,"Japan","Nagoya Port Sea Train Land",35.093578,136.878206
botanical_garden,JP,"Japan","Nambo Paradise",34.939722222,139.821666666
theme_park,JP,"Japan","Namco Namja Town",35.72861111,139.72
botanical_garden,JP,"Japan","Nanto City Floral Park",36.590564,136.913291
theme_park,JP,"Japan","Nara Dreamland",34.7,135.82416667
theme_park,JP,"Japan","NASPA Cosmos Garden",36.927717,138.813228
theme_park,JP,"Japan","Nasu Alpaca Farm",37.12285,140.05555
theme_park,JP,"Japan","Nasu Animal Kingdom",37.128889,140.036944
botanical_garden,JP,"Japan","Natural and Cultural Gardens",34.81275,135.52616667
botanical_garden,JP,"Japan","Neo Park Okinawa",26.61069444,127.99147222
theme_park,JP,"Japan","NEW REOMA WORLD",34.211983,133.878431
theme_park,JP,"Japan","Nihon Taishomura",35.30488889,137.39036111
botanical_garden,JP,"Japan","Niigata Prefectural",37.76086111,139.11311111
theme_park,JP,"Japan","Nijigen no Mori",34.5749029,135.0020789
botanical_garden,JP,"Japan","Nikko",36.75,139.6
national_park,JP,"Japan","Nikkō",36.97861111,139.395
theme_park,JP,"Japan","Ninja Kingdom Ise",34.498314,136.777703
botanical_garden,JP,"Japan","Nishida Park Man'yō",34.743318,135.335825
botanical_garden,JP,"Japan","Nobeoka",32.583333,131.666667
theme_park,JP,"Japan","Noboribetsu Date Jidaimura",42.463889,141.160667
botanical_garden,JP,"Japan","Nogyo Bunka-en",35.115442,136.812531
botanical_garden,JP,"Japan","Northern Wild Plants Garden",43.791816,142.308063
botanical_garden,JP,"Japan","Noto Orchid Land",37.0431,136.967517
botanical_garden,JP,"Japan","Nunobiki Herb Garden",34.71527778,135.19222222
national_park,JP,"Japan","Ogasawara",26.8667,142.183
botanical_garden,JP,"Japan","Ohu University School of Pharmaceutical Sciences Yakuyoushokubutsuen",37.41925,140.375472222
theme_park,JP,"Japan","Oiso Long Beach",35.30166667,139.28333333
theme_park,JP,"Japan","Okayama Agriculture Park German Forest Kronenberg",34.866722222,134.013472222
theme_park,JP,"Japan","Okinawa Fruits Land",26.617777777,127.969111111
theme_park,JP,"Japan","Okonomi-mura",34.391309,132.461928
botanical_garden,JP,"Japan","Omoro",26.69105556,127.87752778
theme_park,JP,"Japan","Orbi Yokohama",35.45725,139.632194444
botanical_garden,JP,"Japan","Osaka Metropolitan University",34.76361111,135.68166667
botanical_garden,JP,"Japan","Osaka Prefectural Flowers Garden",34.43427778,135.55355556
theme_park,JP,"Japan","Oshino Shinobi no Sato",35.457194444,138.818194444
botanical_garden,JP,"Japan","Oyaku-en",37.49138889,139.94338889
national_park,JP,"Japan","Oze",36.927222222,139.316111111
theme_park,JP,"Japan","Parque España-Shima Spain Village",34.361806,136.844278
theme_park,JP,"Japan","PokéPark Kanto",35.625745812,139.520425973
theme_park,JP,"Japan","Porto Europa",34.154167,135.176917
theme_park,JP,"Japan","Rainbow Pool",35.7064052,139.3908724
theme_park,JP,"Japan","Rakutenchi",33.275167,131.481333
national_park,JP,"Japan","Rikuchu Kaigan",39.4989,141.904
national_park,JP,"Japan","Rishiri-Rebun-Sarobetsu",45.1939,141.258
theme_park,JP,"Japan","Roadside station Ai-land Yubetsu",44.13075,143.719222222
theme_park,JP,"Japan","Roadside station Koube Fruit Flower Park Oosawa",34.845722222,135.19175
botanical_garden,JP,"Japan","Rokko Alpine",34.7625,135.24166667
botanical_garden,JP,"Japan","Rose Garden",34.81278333,135.53222222
botanical_garden,JP,"Japan","RSK Rose Garden",34.647027777,133.834138888
theme_park,JP,"Japan","Rusutsu Resort",42.74968,140.90329
theme_park,JP,"Japan","Ryukyu Mura",26.429467873,127.775258065
theme_park,JP,"Japan","Sado Nishimikawa Gold Park",37.898055555,138.296388888
national_park,JP,"Japan","Saikai",32.66972222,128.62722222
botanical_garden,JP,"Japan","Sakai National Park Kujukushima Zoo &",33.151227,129.689513
botanical_garden,JP,"Japan","Sakuya Konohana Kan",34.71,135.57361111
botanical_garden,JP,"Japan","Samuel Cocking Garden",35.29972222,139.47833333
national_park,JP,"Japan","Sanin Kaigan",35.649573257,134.602446356
botanical_garden,JP,"Japan","Sano Botanical Park",33.19225,131.726499
national_park,JP,"Japan","Sanriku Fukko",39.071944444,141.716944444
theme_park,JP,"Japan","Sanrio Puroland",35.62444444,139.42916667
botanical_garden,JP,"Japan","Sasayama Tamamizu lily garden",35.082944,135.216806
botanical_garden,JP,"Japan","Sata physic gardens",31.091944,130.690778
botanical_garden,JP,"Japan","Satsukiyama Ryokuchi Urban Greenery",34.82975,135.43225
theme_park,JP,"Japan","Sawayama Yuen",35.274555555,136.269083333
theme_park,JP,"Japan","Seibu-en",35.768306,139.442194
botanical_garden,JP,"Japan","Seinan Gakuin University Biblical",33.58333333,130.4
theme_park,JP,"Japan","Seishu-no-sato",34.281194444,135.441138888
botanical_garden,JP,"Japan","Sendai City Agriculture & Horticulture Center",38.237336,140.966947
botanical_garden,JP,"Japan","Sendai Wild Plants Garden",38.2391,140.874
national_park,JP,"Japan","Setonaikai",34.16666667,133.33333333
theme_park,JP,"Japan","SHIROI KOIBITO PARK",43.088611111,141.271666666
theme_park,JP,"Japan","Shibamasa World",36.250756,136.176156
botanical_garden,JP,"Japan","Shibuya City FUREAI",35.653333333,139.707777777
theme_park,JP,"Japan","Shikoku Mura",34.34555556,134.10888889
national_park,JP,"Japan","Shikotsu-Tōya",42.666666666,141
botanical_garden,JP,"Japan","Shimane Prefectural Man'yō Park",34.67918,131.813389
botanical_garden,JP,"Japan","Shimizu Park",35.959842,139.849864
botanical_garden,JP,"Japan","Shimokamo",34.6493,138.863
theme_park,JP,"Japan","Shin-Yokohama Raumen Museum",35.509874,139.614537
botanical_garden,JP,"Japan","Shinjuku Gyoen",35.687169444,139.710644444
theme_park,JP,"Japan","Shippō Art Village",35.183669,136.799253
theme_park,JP,"Japan","Shirahama Energy Land",33.680444444,135.346361111
theme_park,JP,"Japan","Shirakobato Aquatic Park",35.913889,139.748472
botanical_garden,JP,"Japan","Shiranoe",33.936630069,131.001522626
botanical_garden,JP,"Japan","Shiraragahama Man'yō Park",32.736793,128.695165
national_park,JP,"Japan","Shiretoko",44.161944,145.235556
theme_park,JP,"Japan","Shitamachi Museum",35.7102,139.7726
botanical_garden,JP,"Japan","Shitogo Gajumaru Banyan Park",30.448373,130.520362
botanical_garden,JP,"Japan","Shōwa Man'yō Forest",38.470333333,140.879416666
botanical_garden,JP,"Japan","Showa Pharmaceutical University Medicinal Plant Garden",35.548611,139.446667
theme_park,JP,"Japan","Showa Retro Packaging Museum",35.788694,139.260472
theme_park,JP,"Japan","Shuzenji Niji no Sato",34.974569,138.910924
theme_park,JP,"Japan","Small Worlds",35.638130979,139.7883269
botanical_garden,JP,"Japan","Southeast",26.3767,127.8067
theme_park,JP,"Japan","Spa Resort Hawaiians",36.993634,140.81652
theme_park,JP,"Japan","Space World",33.87352,130.81215
botanical_garden,JP,"Japan","Subtropical",24.342777777,123.933611111
botanical_garden,JP,"Japan","Suginami City Kōyō Junior High School Man'yō",35.673639,139.634023
botanical_garden,JP,"Japan","Suigō Itako Iris Garden",35.9376,140.547
botanical_garden,JP,"Japan","Suigō Sawara Ayame Park",35.9166,140.518
botanical_garden,JP,"Japan","Sukagawa Peony Garden",37.273333,140.389444
theme_park,JP,"Japan","Sumaura Sanjo",34.641833,135.092806
theme_park,JP,"Japan","Suntopia World",37.764916666,139.252833333
theme_park,JP,"Japan","Taiji Whale Museum",33.601917,135.945806
theme_park,JP,"Japan","Taikō-no-Yu",34.797597,135.252042
botanical_garden,JP,"Japan","Taishō-en",35.124555555,138.7985
botanical_garden,JP,"Japan","Tajima Plateau",35.4214,134.572
theme_park,JP,"Japan","Takakanonuma Greenland",37.805,140.519166666
theme_park,JP,"Japan","Takamori Spring Tunnel Park",32.813555555,131.122694444
botanical_garden,JP,"Japan","Takaoka Manyō Historical Museum",36.795594,137.046103
theme_park,JP,"Japan","Takeshima Fantasy Museum",34.814694444,137.238944444
botanical_garden,JP,"Japan","Tama Forest Science Garden",35.646,139.279
theme_park,JP,"Japan","Tama Tech",35.641778,139.391313
botanical_garden,JP,"Japan","Tanegashima Division, Research Center for Medicinal Plant Resources",30.541888888,130.954305555
theme_park,JP,"Japan","Tedori Fish Land",36.459083,136.50925
botanical_garden,JP,"Japan","Teikyo University Medicinal",35.558333,139.395278
botanical_garden,JP,"Japan","Temiya Park",43.214917,141.00225
botanical_garden,JP,"Japan","Tennōji Park",34.65,135.51
theme_park,JP,"Japan","The Hirosawa City",36.293541666,140.019566666
botanical_garden,JP,"Japan","The Treasure Garden",36.227167,139.534722
theme_park,JP,"Japan","Tobu Super Pool",36.0255522,139.7041779
theme_park,JP,"Japan","Tobu Zoo",36.020083,139.719722
botanical_garden,JP,"Japan","Tochigi Flower Center",36.310459,139.633342
theme_park,JP,"Japan","Tochinoki Family Land",36.512389,139.858528
theme_park,JP,"Japan","Toei Kyoto Studio Park",35.016389,135.708333
botanical_garden,JP,"Japan","Togakushi Forest",36.751972222,138.077027777
botanical_garden,JP,"Japan","Togokusan Fruits Park",35.25163889,137.04827778
botanical_garden,JP,"Japan","Toho University Faculty of Pharmaceutical Sciences Medicinal",35.6925,140.048888888
botanical_garden,JP,"Japan","Tohoku University",38.2333,140
botanical_garden,JP,"Japan","Tōka-en",35.985078,139.773479
theme_park,JP,"Japan","Tokachi Hills",42.863333333,143.243333333
botanical_garden,JP,"Japan","Tokorozawa Lily Garden",35.773217,139.417222
botanical_garden,JP,"Japan","Tokushima",34.015444,134.518722
theme_park,JP,"Japan","Tokushima Family Land",34.013333333,134.518888888
theme_park,JP,"Japan","Tokyo Disney Resort",35.629722222,139.882777777
theme_park,JP,"Japan","Tokyo Disneyland",35.632777777,139.880555555
theme_park,JP,"Japan","Tokyo DisneySea",35.626667,139.888056
theme_park,JP,"Japan","Tokyo Dome City",35.7056,139.752
theme_park,JP,"Japan","Tokyo Dome City Attractions",35.7053,139.754
botanical_garden,JP,"Japan","Tokyo Metropolitan Medicinal Plants Garden",35.71666667,139.4333333
theme_park,JP,"Japan","Tokyo One Piece Tower",35.658611111,139.745555555
theme_park,JP,"Japan","Tokyo Ramen Kokugikan Mai",35.628120462,139.773731765
theme_park,JP,"Japan","Tokyo Summerland",35.717417,139.277389
botanical_garden,JP,"Japan","Tokyo University of Agriculture",35.4244,139.346
botanical_garden,JP,"Japan","Tonami Tulip Gallery",36.64116667,136.96488889
theme_park,JP,"Japan","Torokko Okoku Bifuka",44.5475,142.569833
botanical_garden,JP,"Japan","Tosa Toyonaga Man'yō",33.793093,133.769197
theme_park,JP,"Japan","Toshimaen",35.745,139.64527778
botanical_garden,JP,"Japan","Tottori Hanakairo-Flower Park",35.348055555,133.423472222
national_park,JP,"Japan","Towada-Hachimantai",40.3333,140.833
botanical_garden,JP,"Japan","Toyama",36.661916666,137.181722222
botanical_garden,JP,"Japan","Toyohashi Zoo and Botanical Park",34.721111,137.431944
botanical_garden,JP,"Japan","Tropical & Subtropical Arboretum",26.6811,127.881
theme_park,JP,"Japan","Tsugaru-han Neputa Village",40.611325,140.469748
botanical_garden,JP,"Japan","Tsukuba",36.1014,140.112
theme_park,JP,"Japan","Tsukuba Wanwan Land",36.203667,140.075194
theme_park,JP,"Japan","Twenty Four Eyes Movie Studio",34.44541667,134.28518056
botanical_garden,JP,"Japan","Ube Tokiwa Museum",33.94855556,131.28175
botanical_garden,JP,"Japan","Ueno Farm",43.808333333,142.48575
theme_park,JP,"Japan","Ueno German Culture Village",24.719336111,125.322647222
botanical_garden,JP,"Japan","Uji City Botanical Park",34.870944444,135.795666666
theme_park,JP,"Japan","Ultraman Stadium",36.459083,136.50925
theme_park,JP,"Japan","Universal Studios Japan",34.6647,135.433
national_park,JP,"Japan","Unzen-Amakusa",32.75,130.267
botanical_garden,JP,"Japan","Ushimado Olive Garden",34.625694444,134.15625
theme_park,JP,"Japan","Valley of Witches",35.173888888,137.091111111
theme_park,JP,"Japan","Village of Four Seasons",37.71269444,140.36347222
theme_park,JP,"Japan","Wakasa Takahama Eldoland",35.489917,135.589333
botanical_garden,JP,"Japan","Wakayama Experimental Station of Medicinal Plants",33.926666666,135.193527777
botanical_garden,JP,"Japan","Wakayama Prefecture Botanical Park Ryokka Center",34.2858,135.327
theme_park,JP,"Japan","Wakura Shōwa Museum and Toy museum",37.079888888,136.919777777
theme_park,JP,"Japan","Western Village",36.772972,139.710083
botanical_garden,JP,"Japan","Yadoriki Robai Park",35.396333,139.140583
national_park,JP,"Japan","Yakushima",30.337306,130.503833
botanical_garden,JP,"Japan","Yakushima Botanical Research Park",30.251764,130.593371
botanical_garden,JP,"Japan","Yamagata Wild Flower Park",38.25,140.35
botanical_garden,JP,"Japan","Yamashina Botanical Research Institute",34.9719,135.819
botanical_garden,JP,"Japan","Yanagida Botanical Park",37.335389,137.137222
national_park,JP,"Japan","Yanbaru",26.75,128.25
botanical_garden,JP,"Japan","Yatsu Rose Garden",35.680861,140.005556
theme_park,JP,"Japan","Yatsu Yūen",35.680861,140.005556
botanical_garden,JP,"Japan","Yatsu Yūen",35.680861,140.005556
theme_park,JP,"Japan","Yokohama Cosmo World",35.455203,139.636681
theme_park,JP,"Japan","Yokohama Dreamland",35.383,139.495
theme_park,JP,"Japan","Yokohama Hakkeijima Sea Paradise",35.337441666,139.647333333
botanical_garden,JP,"Japan","Yokohama Municipal Children's",35.4333,139.577
botanical_garden,JP,"Japan","Yokosuka Shōbu-en",35.25655,139.64031
theme_park,JP,"Japan","Yomiuriland",35.6258,139.519
national_park,JP,"Japan","Yoshino-Kumano",33.799,135.94
botanical_garden,JP,"Japan","Yubu Island",24.345,123.935
theme_park,JP,"Japan","Yufuin Floral Village",33.267425,131.365513888
botanical_garden,JP,"Japan","Yumenoshima Tropical Greenhouse Dome",35.6513,139.829
theme_park,JP,"Japan","Yunokuni no mori",36.3244,136.437
national_park,JE,"Jersey","Jersey",49.217463,-2.21752167
botanical_garden,KZ,"Kazakhstan","Almaty",43.225,76.915
botanical_garden,KZ,"Kazakhstan","Altay",50.327032,83.548011
national_park,KZ,"Kazakhstan","Altyn-Emel",44,78.8
national_park,KZ,"Kazakhstan","Bayanaul",50.8,75.6
botanical_garden,KZ,"Kazakhstan","Botanical Garden",51.106,71.416
national_park,KZ,"Kazakhstan","Buiratau",51.33333334,73.33333334
national_park,KZ,"Kazakhstan","Burabay",53.08333334,70.30000001
national_park,KZ,"Kazakhstan","Charyn",43.35015,79.06963
botanical_garden,KZ,"Kazakhstan","Esik arboretum",43.451875,77.449944
national_park,KZ,"Kazakhstan","Ile-Alatau",43.066666666,77.166666666
botanical_garden,KZ,"Kazakhstan","Ily",44.826535,76.244259
national_park,KZ,"Kazakhstan","Karkaraly",49.41666667,75.41666667
national_park,KZ,"Kazakhstan","Katon-Karagay",49.3,86.6
national_park,KZ,"Kazakhstan","Kokshetau",52.886535,68.46817
national_park,KZ,"Kazakhstan","Kölsay Lakes",42.933333333,78.4
botanical_garden,KZ,"Kazakhstan","Mangyshlak experimental",43.650547,51.160927
botanical_garden,KZ,"Kazakhstan","Northern",54.864922,69.169513
national_park,KZ,"Kazakhstan","Sayram-Ugam",41.95,70.05
botanical_garden,KZ,"Kazakhstan","Shchuchinsk arboretum",52.950414,70.219689
botanical_garden,KZ,"Kazakhstan","Shymkent State Dendrological Park",42.370301,69.617081
national_park,KZ,"Kazakhstan","Tarbagatai",47.283,81.833
national_park,KZ,"Kazakhstan","Ulytau",48.6356,66.9026
botanical_garden,KZ,"Kazakhstan","Zheskazgan",47.762176,67.781117
national_park,KZ,"Kazakhstan","Zhongar-Alatau",45.255555,80.776978
national_park,KE,"Kenya","Aberdare",-0.38,36.69916667
national_park,KE,"Kenya","Amboseli",-2.65,37.25
national_park,KE,"Kenya","Arabuko Sokoke",-3.26666667,39.81666667
national_park,KE,"Kenya","Buffalo Springs National Reserve",0.548333333,37.595
national_park,KE,"Kenya","Chyulu Hills",-2.6,37.85
national_park,KE,"Kenya","Fort Jesus Museum",-4.071166666,39.682055555
national_park,KE,"Kenya","Hell's Gate",-0.875404,36.319114
national_park,KE,"Kenya","Kisite-Mpunguti Marine",-4.71388889,39.36222222
national_park,KE,"Kenya","Kora",-0.20861111,38.73611111
national_park,KE,"Kenya","Lake Nakuru",-0.36666667,36.08333333
national_park,KE,"Kenya","Malindi Marine",-3.25560536,40.14333944
national_park,KE,"Kenya","Malka Mari",4.18499,40.7712
national_park,KE,"Kenya","Marsabit",2.38305556,37.98305556
national_park,KE,"Kenya","Marsabit National Reserve",2.38305556,37.98305556
national_park,KE,"Kenya","Meru",-0.09361111,38.20805556
national_park,KE,"Kenya","Mombasa Marine National Park and Reserve",-4.06666667,39.78333333
national_park,KE,"Kenya","Mount Elgons",1.08333,34.6167
national_park,KE,"Kenya","Mount Kenya",-0.123888888,37.336666666
national_park,KE,"Kenya","Mount Longonot",-0.915278,36.4569
national_park,KE,"Kenya","Nairobi",-1.373333333,36.858888888
botanical_garden,KE,"Kenya","Nairobi",-1.27429983,36.81309983
botanical_garden,KE,"Kenya","Nairobi Arboretum",-1.27429983,36.81309983
national_park,KE,"Kenya","Ruma",-0.61666667,34.31666667
national_park,KE,"Kenya","Saadani",-6,38.75
national_park,KE,"Kenya","Saiwa Swamp",1.1,35.11666667
national_park,KE,"Kenya","Shaba National Reserve",0.65,37.83333333
national_park,KE,"Kenya","Sibiloi",3.960555555,36.3425
national_park,KE,"Kenya","Tsavo East",-2.778611111,38.771666666
national_park,KE,"Kenya","Tsavo West",-3.31666667,38.13333333
national_park,KE,"Kenya","Watamu Marine",-3.36777778,40.01638889
national_park,XK,"Kosovo","Bjeshkët e Nemuna",42.66666667,20.16666667
national_park,XK,"Kosovo","Sharr Mountains",42.202471944,20.924644444
theme_park,KW,"Kuwait","Kuwait Entertainment City",29.348,47.8166
national_park,KG,"Kyrgyzstan","Ala-Archa",42.547516,74.484558
national_park,KG,"Kyrgyzstan","Besh-Tash State Nature Park",42.2878,72.3027
botanical_garden,KG,"Kyrgyzstan","Bishkek",42.83,74.637
national_park,KG,"Kyrgyzstan","Chong-Kemin State Nature Park",42.8035,76.5884
national_park,KG,"Kyrgyzstan","Kara-Buura State Nature Park",42.366666666,71.016666666
botanical_garden,KG,"Kyrgyzstan","Kyrgyz National University",42.88587,74.588585
national_park,KG,"Kyrgyzstan","Naryn Nature Reserve",41.430665,76.5863353
national_park,KG,"Kyrgyzstan","State Nature National Park Kara-Shoro",41.97442,75.76478
theme_park,LV,"Latvia","Amusement theme park ABpark",56.784163447,25.017992809
national_park,LV,"Latvia","Gauja",57.41666667,25.41666667
botanical_garden,LV,"Latvia","Kalsnava Arboretum",56.68680556,25.95927778
national_park,LV,"Latvia","Ķemeri",56.9517,23.5125
theme_park,LV,"Latvia","Lidolande",56.926884324,24.159597333
theme_park,LV,"Latvia","Livu Akvaparks",56.974168,23.860229
botanical_garden,LV,"Latvia","National of Latvia",56.8654,24.3551
national_park,LV,"Latvia","Rāzna",56.26666667,27.5
national_park,LV,"Latvia","Slītere",57.62416667,22.29444444
national_park,LV,"Latvia","Špakovska parks",56.81861111,24.60555556
botanical_garden,LV,"Latvia","University of Latvia",56.9502,24.0599
botanical_garden,LS,"Lesotho","Katse",-29.33472,28.48142
national_park,LS,"Lesotho","Sehlabathebe",-29.9,29.11666667
national_park,LS,"Lesotho","Ts'ehlanyane",-28.924,28.458
national_park,LR,"Liberia","Cape Mount Nature Conservation Unit",6.80663518,-11.37337442
national_park,LR,"Liberia","Grebo-Krahn",5.5,-7.6
national_park,LR,"Liberia","Lofa-Mano",7.46666666,-10.58333333
national_park,LR,"Liberia","Sapo",5.36985,-8.50503
national_park,LY,"Libya","Abughilan",32.265,13.03
national_park,LY,"Libya","Algharabolli",32.784,13.783
national_park,LY,"Libya","El Naggaza",32.779,13.879
national_park,LY,"Libya","El-Kouf",32.74333333,21.205
national_park,LY,"Libya","Rajma",32.084812,12.5323347
national_park,LY,"Libya","Surman",32.718311,12.559407
national_park,LT,"Lithuania","Aukštaitija",55.3711,26.0067
national_park,LT,"Lithuania","Curonian Spit",55.481,21.097
botanical_garden,LT,"Lithuania","Degaičiai Park",55.997178,22.293852
theme_park,LT,"Lithuania","Dolphinarium in Klaipėda",55.718055555,21.100833333
theme_park,LT,"Lithuania","Druskininkai Aquapark",54.0228217,23.9721076
botanical_garden,LT,"Lithuania","Dubrava arboretum",54.856749,24.051491
national_park,LT,"Lithuania","Dzūkija",54.08194444,24.37666667
botanical_garden,LT,"Lithuania","Klaipėda University",55.750556,21.134167
theme_park,LT,"Lithuania","Pasakų Park",54.6793,25.2013
botanical_garden,LT,"Lithuania","Šiauliai University",55.932777777,23.283055555
botanical_garden,LT,"Lithuania","Skinderiškis Dendrological Park",55.31694444,23.65277778
national_park,LT,"Lithuania","Trakai Historical",54.639,24.9361
theme_park,LT,"Lithuania","Vichy Water Park",54.7161,25.2767
botanical_garden,LT,"Lithuania","Vilnius University",54.73583333,25.40277778
botanical_garden,LT,"Lithuania","Vytautas Magnus University",54.87055556,23.91111111
national_park,LT,"Lithuania","Žemaitija",56.044,21.889
botanical_garden,LU,"Luxembourg","Arboretum Kirchberg",49.62989,6.16179
theme_park,LU,"Luxembourg","Parc Merveilleux",49.511473,6.120715
botanical_garden,LU,"Luxembourg","Parc Tony Neuman Luxembourg",49.62059,6.11078
botanical_garden,LU,"Luxembourg","Park Klosegrënnchen",49.6325,6.178917
national_park,MG,"Madagascar","Amber Mountain",-12.595,49.155
botanical_garden,MG,"Madagascar","Arboretum d'Antsokay",-23.41322,43.75544
botanical_garden,MG,"Madagascar","Botanical and Zoological Garden of Tsimbazaza",-18.93,47.5261
national_park,MG,"Madagascar","Isalo",-22.4351,45.2884
national_park,MG,"Madagascar","Kirindy Mitea",-20.8103,44.1422
botanical_garden,MG,"Madagascar","Lemurs' Park",-18.9524,47.3575
national_park,MG,"Madagascar","Marojejy",-14.435,49.706
national_park,MG,"Madagascar","Masoala",-15.65,50.183333333
national_park,MG,"Madagascar","Nosy Hara",-12.23769,49.01357
national_park,MG,"Madagascar","Nosy Tanikely",-13.482780555,48.236419444
national_park,MG,"Madagascar","Nosy Ve-Androka",-25.666666666,45
national_park,MG,"Madagascar","Ranomafana",-21.216944444,47.455
botanical_garden,MG,"Madagascar","Reniala reservation",-23.123056,43.619444
national_park,MG,"Madagascar","Sahamalaza",-13.95,47.65
national_park,MG,"Madagascar","Tsingy de Namoroka",-16.4667,45.3333
national_park,MW,"Malawi","Kasungu",-13,33.166666666
national_park,MW,"Malawi","Lake Malawi",-14.033333333,34.883333333
national_park,MW,"Malawi","Lengwe",-16.25,34.5
national_park,MW,"Malawi","Liwonde",-14.833333333,35.333333333
national_park,MW,"Malawi","Nyika",-10.666666666,33.833333333
theme_park,MY,"Malaysia","A' Famosa Resort",2.40505278,102.22051111
theme_park,MY,"Malaysia","Angry Birds Activity Park",1.463694444,103.762805555
theme_park,MY,"Malaysia","Austin Heights Water and",1.561416666,103.774972222
national_park,MY,"Malaysia","Bako",1.716667,110.466667
national_park,MY,"Malaysia","Batang Ai",1.13333333,111.88333333
national_park,MY,"Malaysia","Belum Temenggor Forest Reserve",5.67,101.38
theme_park,MY,"Malaysia","Berjaya Times Square",3.14222222,101.71055556
national_park,MY,"Malaysia","Crocker Range",5.583333333,116.083333333
theme_park,MY,"Malaysia","Danga Bay",1.477277777,103.723444444
theme_park,MY,"Malaysia","Desaru Coast Adventure Waterpark",1.54025,104.262583333
theme_park,MY,"Malaysia","Diamond Hill Water Park",2.041611111,103.364388888
theme_park,MY,"Malaysia","Dinosaur Alive Water",1.48525,103.762305555
theme_park,MY,"Malaysia","Donhu Jurassic Garden",2.080194444,102.567722222
national_park,MY,"Malaysia","Endau-Rompin",2.43892,103.273
theme_park,MY,"Malaysia","Forest City Water Park",1.333194444,103.591583333
theme_park,MY,"Malaysia","Genting Outdoor",3.422611111,101.795666694
theme_park,MY,"Malaysia","Genting SkyWorlds",3.422611111,101.795666666
national_park,MY,"Malaysia","Gunung Gading",1.690549,109.84583
national_park,MY,"Malaysia","Gunung Ledang",2.3417,102.6179
national_park,MY,"Malaysia","Gunung Mulu",4.0425,114.8125
theme_park,MY,"Malaysia","I-City",3.065954,101.483355
national_park,MY,"Malaysia","Kinabalu Park",6.15,116.65
national_park,MY,"Malaysia","Kinabatangan Wildlife Sanctuary",5.626139,118.572611
theme_park,MY,"Malaysia","KSL Dinosaur Alive Water",1.485527777,103.762361111
botanical_garden,MY,"Malaysia","Kuala Lumpur Orchid Garden",3.143542,101.687608
national_park,MY,"Malaysia","Kubah",1.597611111,110.194416666
national_park,MY,"Malaysia","Kuching Wetlands",1.68333333,110.25
theme_park,MY,"Malaysia","La Stella Water",1.566138888,103.720805555
national_park,MY,"Malaysia","Lambir Hills",4.213,114.03
theme_park,MY,"Malaysia","Legoland Malaysia",1.425,103.62722222
national_park,MY,"Malaysia","Loagan Bunut",3.77,114.22
theme_park,MY,"Malaysia","Lost World of Tambun",4.62580556,101.15516667
national_park,MY,"Malaysia","Maludam",1.549,111.092
national_park,MY,"Malaysia","Miri-Sibuti Coral Reef",4.31667,113.85
theme_park,MY,"Malaysia","Mount Lambak Water Park",2.025222222,103.344638888
theme_park,MY,"Malaysia","MSekin Wonderland Water",3.506799154,101.093491342
botanical_garden,MY,"Malaysia","National Shah Alam",3.0961469,101.5110537
national_park,MY,"Malaysia","Penang",5.4607,100.2039
botanical_garden,MY,"Malaysia","Penang",5.43995833,100.28833333
national_park,MY,"Malaysia","Pulau Tiga",5.716666666,115.65
national_park,MY,"Malaysia","Pulong Tau",3.593,115.33
botanical_garden,MY,"Malaysia","Putrajaya",2.9475,101.69647222
botanical_garden,MY,"Malaysia","Rimba Ilmu",3.13107,101.658
national_park,MY,"Malaysia","Similajau",3.424,113.233
theme_park,MY,"Malaysia","Skytropolis Indoor",3.424694444,101.795194444
theme_park,MY,"Malaysia","SplashMania Waterpark",2.888833333,101.616416666
theme_park,MY,"Malaysia","Sunway Lagoon",3.06921,101.607
theme_park,MY,"Malaysia","Surf Beach",3.0717,101.6089
national_park,MY,"Malaysia","Tanjung Datu",2.058083333,109.641444444
national_park,MY,"Malaysia","Tanjung Piai",1.2683,103.5101
national_park,MY,"Malaysia","Tawau Hills",4.4,117.9
theme_park,MY,"Malaysia","Tiram Indoor Water Park",1.608416666,103.820361111
botanical_garden,MY,"Malaysia","Tropical Spice Garden",5.463376,100.229248
theme_park,MY,"Malaysia","TS Wonderland Waterpark",1.486305555,103.924916666
national_park,MY,"Malaysia","Tunku Abdul Rahman",5.96667,116
national_park,MY,"Malaysia","Turtle Islands",6.14944,118.054
theme_park,MY,"Malaysia","Wet World Batu Pahat Village Resort",1.881638888,102.945333333
theme_park,MY,"Malaysia","X Park Sunway Iskandar",1.395305555,103.625277777
botanical_garden,MY,"Malaysia","Zaharah",1.457944444,103.755416666
national_park,ML,"Mali","Bafing",13.8,-10.81666667
national_park,ML,"Mali","Boucle du Baoulé",14.0833,-8.8833
national_park,ML,"Mali","Kouroufing",12.83333333,-10.41666667
national_park,ML,"Mali","Wongo",12.897,-10.76
botanical_garden,MT,"Malta","Argotti",35.8925,14.502222
theme_park,MT,"Malta","Malta National Aquarium",35.958333333,14.422777777
theme_park,MT,"Malta","Playmobil FunPark Malta",35.81388889,14.50638889
national_park,MR,"Mauritania","Banc d'Arguin",20.234722222,-16.108888888
national_park,MR,"Mauritania","Diawling",16.4167,-16.35
national_park,MU,"Mauritius","Black River Gorges",-20.416666666,57.416666666
national_park,MU,"Mauritius","Bras d'Eau",-20.1441,57.7216
theme_park,MU,"Mauritius","Casela World of Adventures",-20.290196,57.411991
botanical_garden,MU,"Mauritius","Curepipe",-20.3291,57.5244
botanical_garden,MU,"Mauritius","Sir Seewoosagur Ramgoolam",-20.108152777,57.577252777
botanical_garden,MX,"Mexico","Acapulco",16.82796,-99.84742
national_park,MX,"Mexico","Archipiélago de Espíritu Santo",24.532688,-110.329062
national_park,MX,"Mexico","Arrecife Alacranes",22.474538,-89.69506
national_park,MX,"Mexico","Arrecife de Puerto Morelos",20.90444444,-86.825
national_park,MX,"Mexico","Arrecifes de Cozumel",20.29361111,-87.02472222
national_park,MX,"Mexico","Arrecifes de Xcalak",18.340043,-87.802329
theme_park,MX,"Mexico","Aztlán Parque Urbano",19.41603,-99.19549
national_park,MX,"Mexico","Bahía de Loreto",25.86416667,-111.1216667
national_park,MX,"Mexico","Basaseachic Falls",28.13305556,-108.25
national_park,MX,"Mexico","Benito Juárez",17.16805556,-96.73888889
national_park,MX,"Mexico","Bosencheve",19.4155,-100.109
national_park,MX,"Mexico","Cabo Pulmo",23.446666666,-109.406666666
national_park,MX,"Mexico","Cañón del Río Blanco",18.8104,-97.2221
national_park,MX,"Mexico","Cerro de Garnica",19.6688,-100.817
national_park,MX,"Mexico","Cerro de la Estrella",19.3419,-99.0894
national_park,MX,"Mexico","Cerro de las Campanas",20.5934,-100.41
botanical_garden,MX,"Mexico","Clavijero",19.513116496,-96.94667069
national_park,MX,"Mexico","Cofre de Perote",19.48461,-97.15235
national_park,MX,"Mexico","Constitution 1857",32.01157,-116.08154
botanical_garden,MX,"Mexico","Cosmovitral",19.29354,-99.65371
national_park,MX,"Mexico","Costa Occidental de Isla Mujeres, Punta Cancún y Punta Nizuc",21.18055556,-86.75833333
national_park,MX,"Mexico","Cumbres de Majalca",28.804166666,-106.485
national_park,MX,"Mexico","Cumbres de Monterrey",25.23,-100.18
national_park,MX,"Mexico","Cumbres del Ajusco",19.21512,-99.25639
national_park,MX,"Mexico","Desierto de los Leones",19.316355,-99.306046
national_park,MX,"Mexico","Desierto del Carmen",18.908412,-99.551624
national_park,MX,"Mexico","Dzibilchantún",21.091567,-89.595308
theme_park,MX,"Mexico","Ecomundo Park",17.486458055,-92.018053888
theme_park,MX,"Mexico","El Bosque de las Truchas",20.21644,-98.55547
national_park,MX,"Mexico","El Chico",20.20722222,-98.73111111
national_park,MX,"Mexico","El Cimatario",20.531155,-100.35934
national_park,MX,"Mexico","El Potosí",21.90361111,-100.3380556
national_park,MX,"Mexico","El Sabinal",26.0175,-99.74861
national_park,MX,"Mexico","El Tepeyac",19.503055555,-99.106666666
national_park,MX,"Mexico","El Tepozteco",19.0009,-99.1012
national_park,MX,"Mexico","El Veladero",16.90194444,-99.905
botanical_garden,MX,"Mexico","Faustino Miranda",16.758,-93.107
botanical_garden,MX,"Mexico","Francisco J. Clavijero",19.512222222,-96.943888888
national_park,MX,"Mexico","Fuentes Brotantes de Tlalpan",19.2831,-99.1831
national_park,MX,"Mexico","General Juan N. Álvarez",17.59083333,-99.16805556
national_park,MX,"Mexico","Gogorrón",21.8029,-100.931
national_park,MX,"Mexico","Grutas de Cacahuamilpa",18.669619444,-99.509911111
national_park,MX,"Mexico","Huatulco",15.714,-96.195
botanical_garden,MX,"Mexico","Ignacio Rodríguez Alconedo",19.0014,-98.2008
national_park,MX,"Mexico","Insurgente José María Morelos",19.6253,-100.998
national_park,MX,"Mexico","Isla Contoy",21.48888889,-86.79166667
national_park,MX,"Mexico","Isla Isabel",21.848848,-105.884063
national_park,MX,"Mexico","Islas Marietas",20.69883,-105.58514
national_park,MX,"Mexico","Iztaccíhuatl–Popocatépetl",19.13681,-98.65499
theme_park,MX,"Mexico","Iztapasauria",19.344166666,-99.048055555
botanical_garden,MX,"Mexico","Jardín Etnobotánico de Oaxaca",17.066564,-96.722522
theme_park,MX,"Mexico","La Feria Chapultepec Mágico",19.415611111,-99.195777777
national_park,MX,"Mexico","La Malinche",19.212039,-98.04333
national_park,MX,"Mexico","La Marquesa",19.28333333,-99.35
theme_park,MX,"Mexico","LabnaHa",20.284433954,-87.389113502
national_park,MX,"Mexico","Lago de Camécuaro",19.902778,-102.210833
national_park,MX,"Mexico","Lagunas de Chacahua",15.96710278,-97.68683056
national_park,MX,"Mexico","Lagunas de Montebello",16.0775,-91.680555555
national_park,MX,"Mexico","Lagunas de Zempoala",19.05587,-99.3201
national_park,MX,"Mexico","Lomas de Padierna",19.3301,-99.2256
national_park,MX,"Mexico","Los Mármoles",20.9797,-99.3103
national_park,MX,"Mexico","Los Novillos",29.257972,-100.964583
national_park,MX,"Mexico","Los Remedios",19.47132,-99.25544
national_park,MX,"Mexico","Maderas del Carmen",29.14924,-102.6735
national_park,MX,"Mexico","Molino de Flores Nezahualcóyotl",19.514,-98.839
national_park,MX,"Mexico","Nevado de Colima",19.46666667,-103.55
national_park,MX,"Mexico","Palenque",17.484166666,-92.046388888
national_park,MX,"Mexico","Pico de Orizaba",18.9417,-97.2083
national_park,MX,"Mexico","Rayón",19.800158,-100.184401
botanical_garden,MX,"Mexico","Regional Roger Orellana",21.0276894,-89.6420461
theme_park,MX,"Mexico","Reino Aventura",19.295,-99.209
national_park,MX,"Mexico","Revillagigedo",18.821388888,-112.763888888
botanical_garden,MX,"Mexico","Rey Netzahualcoyotl",21.911804838,-102.320345067
national_park,MX,"Mexico","Sacromonte",19.12887,-98.774848
national_park,MX,"Mexico","San Lorenzo Marine Archipelago",28.7725,-112.9975
theme_park,MX,"Mexico","Selva Mágica",20.72373,-103.31211
national_park,MX,"Mexico","Sierra de Órganos",23.74944444,-103.7641667
national_park,MX,"Mexico","Sierra de San Pedro Mártir",30.905277777,-115.501111111
theme_park,MX,"Mexico","Six Flags México",19.295,-99.209
national_park,MX,"Mexico","Sumidero Canyon",16.83194444,-93.09388889
botanical_garden,MX,"Mexico","Texcotzingo",19.49708333,-98.81833333
national_park,MX,"Mexico","Tula",20.065689,-99.33719
national_park,MX,"Mexico","Tulum",20.215847,-87.43099
botanical_garden,MX,"Mexico","UNAM",19.3123,-99.196130555
botanical_garden,MX,"Mexico","Vallarta",20.4658,-105.293
national_park,MX,"Mexico","Veracruzano Coral Reef System",19.18,-95.79
national_park,MX,"Mexico","Viveros de Coyoacán",19.35417,-99.17222
theme_park,MX,"Mexico","Xcaret",20.57805556,-87.11916667
theme_park,MX,"Mexico","Xel-Ha Park",20.3173,-87.3568
botanical_garden,MD,"Moldova, Republic of","Chișinău",46.97583333,28.88333333
botanical_garden,MD,"Moldova, Republic of","Dendrological Garden in Chișinău",47.033405,28.807665
botanical_garden,MD,"Moldova, Republic of","Dendrological Garden in Tiraspol",46.830255,29.644681
botanical_garden,MD,"Moldova, Republic of","Mansion of Meleghi in Temeleuți",47.97837821,28.494009042
national_park,MD,"Moldova, Republic of","Orhei",47.3,28.966666666
national_park,MD,"Moldova, Republic of","Rașcov",48.01666667,28.71666667
botanical_garden,MC,"Monaco","Jardin Exotique de Monaco",43.731511,7.413778
botanical_garden,MC,"Monaco","Princess Grace Rose Garden",43.72721667,7.41928611
theme_park,MN,"Mongolia","13th Century Complex",47.573361111,107.794527777
national_park,MN,"Mongolia","Altai Tavan Bogd",48.55,88.616666666
national_park,MN,"Mongolia","Bulgan Gol-Ikh Ongog",46.1,91.16
national_park,MN,"Mongolia","Gobi Gurvansaikhan",43.802727777,101.589663888
national_park,MN,"Mongolia","Gorkhi-Terelj",48.150202777,107.576005555
national_park,MN,"Mongolia","Har Us Nuur",48.3,92.74
national_park,MN,"Mongolia","Ikh Bogd Uul",45,100.3
national_park,MN,"Mongolia","Khan-Khokhi Khyargas Mountain",49.42,94.79
national_park,MN,"Mongolia","Khangai Nuruu",47.2,101.4
national_park,MN,"Mongolia","Khar Us Nuur",48.03333333,92.28333333
national_park,MN,"Mongolia","Khorgo-Terkhiin Tsagaan Nuur",48.17083333,99.72222222
national_park,MN,"Mongolia","Khustain Nuruu",47.7,105.9
national_park,MN,"Mongolia","Khuvsgul",51.1,100.5
national_park,MN,"Mongolia","Munkhkhairkhan",47,92.5
theme_park,MN,"Mongolia","National",47.909861111,106.921916666
national_park,MN,"Mongolia","National Garden Park",47.900277777,106.943333333
national_park,MN,"Mongolia","Numrug",46.880416666,119.548694444
national_park,MN,"Mongolia","Onon-Balj",49.246666666,111.758055555
national_park,MN,"Mongolia","Tarvagatai Nuruu",48,97.5
national_park,MN,"Mongolia","Tsambagarav Uul",48.671,90.96
national_park,MN,"Mongolia","Ulaagchinii Khar Nuur",48.37,95.62
national_park,ME,"Montenegro","Biogradska Gora",42.89805556,19.60194444
national_park,ME,"Montenegro","Durmitor",43.153198375,19.036873092
national_park,ME,"Montenegro","Lovćen",42.405,18.81833
national_park,ME,"Montenegro","Prokletije",42.531666666,19.913888888
national_park,ME,"Montenegro","Skadar Lake",42.24,19.209722222
national_park,MA,"Morocco","Al Hoceima",35.180277777,-4.121583333
botanical_garden,MA,"Morocco","Bouknadel Gardens",34.0952155,-6.7665506
botanical_garden,MA,"Morocco","Crocoparc Agadir",30.388333333,-9.483611111
national_park,MA,"Morocco","Haut Atlas Oriental",32.25,-5.41666667
national_park,MA,"Morocco","Ifrane",33.431755555,-5.130161111
national_park,MA,"Morocco","Iriqui",29.84164898,-6.51725292
national_park,MA,"Morocco","Khenifiss",27.972,-12.37
national_park,MA,"Morocco","Khenifra",32.9333,-5.66667
national_park,MA,"Morocco","National parc of Dakhla",22.304388888,-14.8585
theme_park,MA,"Morocco","Oasiria",31.58093,-8.015181
botanical_garden,MA,"Morocco","Rabat",34.008263,-6.845872
national_park,MA,"Morocco","Souss-Massa",30.075,-9.67
national_park,MA,"Morocco","Talassemtane",35.2253,-5.14059
national_park,MA,"Morocco","Tazekka",34.0827,-4.14624
national_park,MA,"Morocco","Toubkal",31.0833,-7.83333
national_park,MZ,"Mozambique","Banhine",-22.748599,32.80848
national_park,MZ,"Mozambique","Bazaruto",-21.665724,35.465927
national_park,MZ,"Mozambique","Gorongosa",-18.690277777,34.313611111
national_park,MZ,"Mozambique","Limpopo",-23.86666667,32.13333333
national_park,MZ,"Mozambique","Magoe",-15.985356,31.897693
national_park,MZ,"Mozambique","Maputo",-26.5,32.8
national_park,MZ,"Mozambique","Quirimbas",-12.127746,40.422048
national_park,MZ,"Mozambique","Zinave",-21.5773,33.5279
national_park,MM,"Myanmar","Alaungdaw Kathapa",23.6,95.53333333
national_park,MM,"Myanmar","Emawbum",26.286666666,98.545277777
national_park,MM,"Myanmar","Hlawga",17.00472222,96.11222222
theme_park,MM,"Myanmar","Ice Wonderland",16.7955,96.1666
national_park,MM,"Myanmar","Khakaborazi",28.135,97.87
national_park,MM,"Myanmar","Lampi Island Marine",10.83333333,98.25
national_park,MM,"Myanmar","Lenya",11.45,99.3
national_park,MM,"Myanmar","Loimwe",21.18333333,99.93333333
national_park,MM,"Myanmar","Mount Victoria",21.23333333,93.9
botanical_garden,MM,"Myanmar","National Kandawgyi",21.996027777,96.46775
national_park,MM,"Myanmar","Popa Mountain",20.91666667,95.25
national_park,MM,"Myanmar","Tanintharyi",12.6833,99.0667
national_park,NA,"Namibia","Dorob",-22.81669444,14.61181667
national_park,NA,"Namibia","Etosha",-18.785278,16.263889
national_park,NA,"Namibia","Mangetti",-18.707,19.127
national_park,NA,"Namibia","Namib-Naukluft",-24.54638889,15.32972222
botanical_garden,NA,"Namibia","National of Namibia",-22.57166667,17.09472222
national_park,NA,"Namibia","Nkasa Rupara",-18.4,23.65
national_park,NA,"Namibia","Skeleton Coast",-19.19,12.72
national_park,NP,"Nepal","Banke",28.1911,81.9128
national_park,NP,"Nepal","Bardiya",28.47,81.47
national_park,NP,"Nepal","Chhayanath",29.75,82.55
national_park,NP,"Nepal","Chitwan",27.5,84.333333
theme_park,NP,"Nepal","Gopal Fun Park",26.4603683,87.3076172
national_park,NP,"Nepal","Khaptad",29.27,80.99
national_park,NP,"Nepal","Langtang",28.1738,85.5531
national_park,NP,"Nepal","Makalu Barun",27.75693134,87.11362679
national_park,NP,"Nepal","Parsa",27.46666667,84.33333333
national_park,NP,"Nepal","Rara",29.491666666,82.072222222
national_park,NP,"Nepal","Sagarmatha",27.891069,86.693033
national_park,NP,"Nepal","Shey Phoksundo",29.3581,82.8456
national_park,NP,"Nepal","Shivapuri Nagarjun",27.795,85.39
national_park,NP,"Nepal","Shuklaphanta",28.8402,80.229
national_park,NZ,"New Zealand","Abel Tasman",-40.900027777,172.9715
national_park,NZ,"New Zealand","Aoraki / Mount Cook",-43.7333,170.1
national_park,NZ,"New Zealand","Arthur's Pass",-42.889666666,171.721416666
botanical_garden,NZ,"New Zealand","Auckland",-37.013,174.908
botanical_garden,NZ,"New Zealand","Auckland Domain Wintergardens",-36.860253,174.77409
botanical_garden,NZ,"New Zealand","Awa Awa Rata Reserve",-43.561735,171.533575
botanical_garden,NZ,"New Zealand","Bason",-39.9303,175.048
botanical_garden,NZ,"New Zealand","Belmont Rose Gardens",-36.807528,174.790335
botanical_garden,NZ,"New Zealand","Christchurch",-43.530417,172.621153
theme_park,NZ,"New Zealand","Crystal Mountain",-36.8743,174.5909
botanical_garden,NZ,"New Zealand","Dunedin",-45.8577,170.521
botanical_garden,NZ,"New Zealand","Eastwoodhill Arboretum",-38.562222222,177.720555555
national_park,NZ,"New Zealand","Egmont",-39.266666666,174.1
national_park,NZ,"New Zealand","Fiordland",-45.386,167.347
theme_park,NZ,"New Zealand","Footrot Flats Fun Park",-36.845,174.654
botanical_garden,NZ,"New Zealand","Frimley Park Rose Garden",-39.622081158,176.83072265
botanical_garden,NZ,"New Zealand","Gisborne",-38.6569,178.021
botanical_garden,NZ,"New Zealand","Hackfalls Arboretum",-38.7699,177.5408
botanical_garden,NZ,"New Zealand","Hamilton Gardens",-37.8046,175.304
national_park,NZ,"New Zealand","Kahurangi",-41.13,172.61
botanical_garden,NZ,"New Zealand","Knottingley Park",-44.74788889,171.05513333
botanical_garden,NZ,"New Zealand","Massey University Arboretum and Gardens",-40.38555,175.61774
botanical_garden,NZ,"New Zealand","Milnthorpe Park and Arboretum",-40.714111,172.680069
botanical_garden,NZ,"New Zealand","Moturau Moana",-46.889,168.134
national_park,NZ,"New Zealand","Mount Aspiring",-44.382777777,168.732777777
national_park,NZ,"New Zealand","Nelson Lakes",-42.042,172.608
botanical_garden,NZ,"New Zealand","Oamaru Public Gardens",-45.0978365,170.9556532
botanical_garden,NZ,"New Zealand","Ōtari-Wilton's Bush",-41.2673,174.759
national_park,NZ,"New Zealand","Paparoa",-42.0833,171.5
botanical_garden,NZ,"New Zealand","Parnell Rose Gardens",-36.8507,174.786
botanical_garden,NZ,"New Zealand","Percy Scenic Reserve",-41.2125,174.875
botanical_garden,NZ,"New Zealand","Potters Park",-36.787146,174.771136
botanical_garden,NZ,"New Zealand","Pukeiti Garden",-39.2006,173.98
botanical_garden,NZ,"New Zealand","Pukekura Park",-39.0644,174.079
botanical_garden,NZ,"New Zealand","Queen's Park, Invercargill",-46.4016,168.356
botanical_garden,NZ,"New Zealand","Queens Gardens",-41.273615,173.2903621
botanical_garden,NZ,"New Zealand","Queenstown Gardens",-45.0377,168.66
theme_park,NZ,"New Zealand","Rainbow's End",-36.994,174.884
national_park,NZ,"New Zealand","Rakiura",-46.976,167.814
botanical_garden,NZ,"New Zealand","Rose Garden",-39.633989,176.845438
theme_park,NZ,"New Zealand","Splash Planet",-39.644041,176.863649
theme_park,NZ,"New Zealand","Te Puna Creative Hub",-36.882105,174.629665
national_park,NZ,"New Zealand","Te Urewera",-38.539,177.029
botanical_garden,NZ,"New Zealand","Timaru",-44.4084751,171.249372
national_park,NZ,"New Zealand","Tongariro",-39.2,175.583333
botanical_garden,NZ,"New Zealand","University of Auckland Gardens",-36.851861,174.77057
botanical_garden,NZ,"New Zealand","Waipahihi",-38.710705,176.10318
botanical_garden,NZ,"New Zealand","Waitakaruru Arboretum",-37.7755,175.469
botanical_garden,NZ,"New Zealand","Wellington",-41.2829,174.766
national_park,NZ,"New Zealand","Westland Tai Poutini",-43.567,170.083
national_park,NZ,"New Zealand","Whanganui",-39.583333333,175.083333333
national_park,NI,"Nicaragua","Masaya Volcano",11.98333333,-86.15
national_park,NI,"Nicaragua","Saslaya",13.760474,-84.977735
national_park,NI,"Nicaragua","Volcán Maderas",11.4452535,-85.5078535
national_park,NI,"Nicaragua","Volcán Mombacho",11.8375791,-85.9508923
national_park,NE,"Niger","W",12.350047268,2.354983783
national_park,NE,"Niger","W National Park of Niger",12.04074,3.03423
theme_park,NG,"Nigeria","AKWA WONDERLAND",6.232134113,7.120662112
theme_park,NG,"Nigeria","Apapa",6.44377145,3.36650039
theme_park,NG,"Nigeria","Arts and Crafts Children Club",6.523509,3.32263
national_park,NG,"Nigeria","Chad Basin",11.5,13
theme_park,NG,"Nigeria","Consolidated Hall Ilupeju",6.5511546,3.3675687
national_park,NG,"Nigeria","Cross River",5.41666667,8.58333333
theme_park,NG,"Nigeria","Dreamworld Africana",6.4589849,3.6015207
theme_park,NG,"Nigeria","Exceptional Parties",6.498389,3.350058
theme_park,NG,"Nigeria","Fantasy Land",6.458588,3.432697
theme_park,NG,"Nigeria","Funtopia hills",6.476497453,3.760912968
theme_park,NG,"Nigeria","Garden City",4.828253,6.997575
national_park,NG,"Nigeria","Gashaka Gumti",7.35,11.52
national_park,NG,"Nigeria","Gashaka-Gumti",7.548714,11.616664
theme_park,NG,"Nigeria","Giant Affairs Limited",6.5012071,3.3523342
theme_park,NG,"Nigeria","Hi-Impact Cruise (Office)",6.5498929,3.3619848
theme_park,NG,"Nigeria","Hi-Impact Planet",6.726808,3.418761
theme_park,NG,"Nigeria","Hilma Water Fountain and Swimming Pool Company",6.4656731,3.4252325
national_park,NG,"Nigeria","Kainji",10.3684,4.554719444
national_park,NG,"Nigeria","Kamuku",10.75,6.5
theme_park,NG,"Nigeria","Magic Land Abuja",9.043226,7.452256
theme_park,NG,"Nigeria","Mickey's World Fun Park",7.773302,4.542627
theme_park,NG,"Nigeria","Midas",6.485523,3.363596
theme_park,NG,"Nigeria","Oaksland Park",6.455383174,7.50319428
national_park,NG,"Nigeria","Okeluse Forest Reserve",6.787679889,5.586862886
national_park,NG,"Nigeria","Okomu",6.33333,5.26667
national_park,NG,"Nigeria","Old Oyo",8.66666667,3.98333333
national_park,NG,"Nigeria","Oluwa Forest Reserve",6.823,4.674
national_park,NG,"Nigeria","Omo forest reserve",6.987871091,4.349014343
theme_park,NG,"Nigeria","Play Zone Amusement Parks",6.490089,3.357299
theme_park,NG,"Nigeria","Roey",4.838871991,6.995433798
theme_park,NG,"Nigeria","Rojenny Tourist Village",6.094841488,6.811255027
theme_park,NG,"Nigeria","Rosellas Amusement parks",6.5665042,3.25223
theme_park,NG,"Nigeria","Solomon Lar",9.871856,8.858274
theme_park,NG,"Nigeria","Stanley Waters",6.4993381,3.1842154
theme_park,NG,"Nigeria","Tinapa Water Park",5.052098,8.313257
theme_park,NG,"Nigeria","Trans Wonderland",7.3775,3.947
theme_park,NG,"Nigeria","Wonderland amusement park and resort, Abuja.",9.043113587,7.452076555
theme_park,NG,"Nigeria","World Class and Unique",6.516849,3.325696
national_park,NG,"Nigeria","Yankari",9.3,10.5
botanical_garden,KP,"North Korea","Central",39.06816,125.81704
theme_park,KP,"North Korea","Kaeson Youth Park",39.04787,125.757
theme_park,KP,"North Korea","Mangyongdae Funfair",39.00705833,125.65117778
theme_park,KP,"North Korea","Munsu Funfair",39.04022222,125.78173056
theme_park,KP,"North Korea","Munsu Water Park",39.0396197,125.7811832
theme_park,KP,"North Korea","Pyongyang Folklore Park",39.06,125.825
theme_park,KP,"North Korea","Rungna Dolphinarium",39.038725324,125.764404808
theme_park,KP,"North Korea","Rungna People's Pleasure Ground",39.040511068,125.765757699
theme_park,KP,"North Korea","Taesongsan Funfair",39.07444444,125.8283333
botanical_garden,NO,"Norway","Agder Natural History Museum and",58.158861,8.003657
national_park,NO,"Norway","Anárjohka",68.82916,24.64309
national_park,NO,"Norway","Ånderdalen",69.2,17.266666666
botanical_garden,NO,"Norway","Arctic-alpine",69.6768,18.9763
botanical_garden,NO,"Norway","Bergen Arboretum and Botanical Garden, Milde",60.257136,5.270272
botanical_garden,NO,"Norway","Bergen Museum Garden",60.38758889,5.32258611
national_park,NO,"Norway","Blåfjella–Skjækerfjella",64.2168,13.10929
national_park,NO,"Norway","Børgefjell",65.1833,13.9
national_park,NO,"Norway","Breheimen",61.8,7.833333333
national_park,NO,"Norway","Dovre",62.083333333,9.533333333
national_park,NO,"Norway","Dovrefjell–Sunndalsfjella",62.396666666,9.173055555
national_park,NO,"Norway","Færder",59.15,10.51
national_park,NO,"Norway","Femundsmarka",62.216666666,12.116666666
national_park,NO,"Norway","Folgefonna",60,6.333055555
national_park,NO,"Norway","Forlandet",78.55,11.116667
national_park,NO,"Norway","Forollhogna",62.633333333,10.666666666
theme_park,NO,"Norway","Fron badeland",61.576305555,9.861583333
national_park,NO,"Norway","Fulufjellet",61.4,12.78333333
botanical_garden,NO,"Norway","Gran prestegårdshage",60.368,10.524
national_park,NO,"Norway","Gressåmoen",64.25,13.16666667
national_park,NO,"Norway","Gutulia",62.016666666,12.166666666
national_park,NO,"Norway","Hallingskarvet",60.6,7.7
national_park,NO,"Norway","Hardangervidda",60.133333333,7.5
theme_park,NO,"Norway","Hunderfossen Familiepark",61.22423889,10.42825833
national_park,NO,"Norway","Indre Wijdefjorden",79.083333,16.1
national_park,NO,"Norway","Jomfruland",58.865,9.596111111
national_park,NO,"Norway","Jostedalsbreen",61.683333333,6.983333333
national_park,NO,"Norway","Jotunheimen",61.5,8.366666666
national_park,NO,"Norway","Junkerdal",66.883333333,15.8
theme_park,NO,"Norway","Kongeparken",58.77861111,5.84055556
botanical_garden,NO,"Norway","Kongsvoll Alpine Garden",62.301777777,9.604972222
theme_park,NO,"Norway","Kristiansand Zoo and",58.18506,8.141406
national_park,NO,"Norway","Láhko",66.84166667,14.23333333
national_park,NO,"Norway","Langsua",61.27833333,9.51333333
national_park,NO,"Norway","Lierne",64.3,13.9
theme_park,NO,"Norway","Lilleputthammer",61.2388,10.4391
national_park,NO,"Norway","Lofotodden",68.016974444,13.023133333
national_park,NO,"Norway","Lomsdal–Visten",65.57436506,12.7935791
theme_park,NO,"Norway","Moldebadet",62.733844,7.1437618
national_park,NO,"Norway","Møysalen",68.516666666,15.5
botanical_garden,NO,"Norway","Natural History Museum in Oslo",59.91983913,10.77168703
national_park,NO,"Norway","Nordenskiöld Land",77.866667,15.316667
national_park,NO,"Norway","Nordre Isfjorden",78.4,14.383333
national_park,NO,"Norway","Nordvest-Spitsbergen",79.583333,11.5
national_park,NO,"Norway","Ormtjernkampen",61.2,9.8
botanical_garden,NO,"Norway","Oslo",59.917462,10.770024
theme_park,NO,"Norway","Østfoldbadet",59.5835,11.1681
national_park,NO,"Norway","Østmarka",59.83,10.96
national_park,NO,"Norway","Øvre Dividal",68.633333333,19.866666666
national_park,NO,"Norway","Øvre Pasvik",69.09351,28.95053
theme_park,NO,"Norway","Pirbadet",63.4405,10.4004
national_park,NO,"Norway","Raet",58.432231,8.800049
national_park,NO,"Norway","Rago",67.433333333,15.983333333
national_park,NO,"Norway","Reinheimen",62.16666667,7.9
national_park,NO,"Norway","Reisa",69.2,21.966666666
botanical_garden,NO,"Norway","Ringve",63.4483,10.4523
botanical_garden,NO,"Norway","Rogaland Arboretum",58.811319378,5.814546346
national_park,NO,"Norway","Rohkunborri",68.56666667,19.31666667
national_park,NO,"Norway","Rondane",61.833333333,9.833333333
national_park,NO,"Norway","Saltfjellet–Svartisen",66.6,14.183333333
national_park,NO,"Norway","Sassen – Bünsow Land",78.383333,17.25
national_park,NO,"Norway","Seiland",70.383333333,23.166666666
national_park,NO,"Norway","Sjunkhatten",67.42436395,15.06225586
national_park,NO,"Norway","Skarvan and Roltdalen",63.216666666,11.416666666
national_park,NO,"Norway","Sør-Spitsbergen",77.15,16.28333333
national_park,NO,"Norway","Stabbursdalen",69.983333333,24.483333333
botanical_garden,NO,"Norway","Tromsø University Museum",69.634858333,18.912572222
theme_park,NO,"Norway","Tusenfryd",59.748226,10.777019
botanical_garden,NO,"Norway","University Museum of Bergen",60.387622222,5.321580555
botanical_garden,NO,"Norway","University Museum of Bergen, Department of Natural History",60.38764194,5.32156694
national_park,NO,"Norway","Van Mijenfjorden",77.86666667,15.31666667
national_park,NO,"Norway","Varangerhalvøya",70.333333333,29.633333333
theme_park,NO,"Norway","Viking Valley",60.87926,6.84216
national_park,NO,"Norway","Ytre Hvaler",59.01666667,10.8
national_park,OM,"Oman","Al Saleel",22.363,59.197
theme_park,PK,"Pakistan","Askari",24.89454,67.06406
national_park,PK,"Pakistan","Ayub",33.570833333,73.080555555
theme_park,PK,"Pakistan","Ayub",33.570833333,73.080555555
national_park,PK,"Pakistan","Ayubia",34.062777777,73.427777777
botanical_garden,PK,"Pakistan","Bagh-e-Jinnah",31.553727,74.331304
national_park,PK,"Pakistan","Broghil Valley",36.16666667,73.38333333
national_park,PK,"Pakistan","Central Karakoram",35.88333333,76.51666667
national_park,PK,"Pakistan","Chinji",33.01024167,72.49193889
national_park,PK,"Pakistan","Chitral Gol",35.93333333,71.66666667
national_park,PK,"Pakistan","Deosai",35.01893,75.414393
national_park,PK,"Pakistan","Deva Vatala",32.892583,74.303172
national_park,PK,"Pakistan","Fairy Meadows",35.3843527,74.5410769
national_park,PK,"Pakistan","Gumot",35.006944444,74.200277777
national_park,PK,"Pakistan","Gurez",34.73,74.785
national_park,PK,"Pakistan","Hazarganji-Chiltan",30.22,66.73
botanical_garden,PK,"Pakistan","Herbarium and Botanical Garden, Shah Abdul Latif University",24.87694444,69.24111111
national_park,PK,"Pakistan","Himalaya",34.79,75.08
national_park,PK,"Pakistan","Hingol",25.6,65.66666667
theme_park,PK,"Pakistan","Jungle World",33.565979,73.085324
national_park,PK,"Pakistan","K2",35.788171,76.182888
national_park,PK,"Pakistan","Kala Chitta",33.6641149,72.2948942
national_park,PK,"Pakistan","Khunjerab",36.95,75.08333333
national_park,PK,"Pakistan","Kirthar",25.7,67.58333333
national_park,PK,"Pakistan","Kund Park",33.928352,72.234718
national_park,PK,"Pakistan","Lal Suhanra",29.31666667,71.91666667
national_park,PK,"Pakistan","Lulusar-Dudipatsar",35.083333333,73.933333333
national_park,PK,"Pakistan","Machiara",34.5608638,73.6089563
national_park,PK,"Pakistan","Mahseer",33.555272,73.91599
national_park,PK,"Pakistan","Manglot",36.16666667,73.38333333
national_park,PK,"Pakistan","Margala Hills",33.750277777,73.043888888
national_park,PK,"Pakistan","Murree Kotli Sattian Kahuta",33.7082814,73.5207613
national_park,PK,"Pakistan","Musk Deer",34.731456,74.786682
national_park,PK,"Pakistan","Panjal Mastan",34.0574,73.7381
national_park,PK,"Pakistan","Pir Lasura",33.639204,73.846664
national_park,PK,"Pakistan","Qurumber",36.863141,73.781038
botanical_garden,PK,"Pakistan","Rani Bagh, Hyderabad",25.38223,68.34305
national_park,PK,"Pakistan","Saiful Muluk",34.86666667,73.68333333
national_park,PK,"Pakistan","Shandur",36.093333333,72.553611111
national_park,PK,"Pakistan","Sheikh Buddin",32.299861111,70.826972222
theme_park,PK,"Pakistan","Sozo Water Park",31.594167,74.486389
national_park,PK,"Pakistan","Takatu",30.349444444,67.0325
national_park,PK,"Pakistan","Toli Pir",33.886111111,73.917777777
national_park,PK,"Pakistan","Tolipir",34.1209,73.633118
national_park,PA,"Panama","Altos de Campana",8.7137229,-79.9528451
national_park,PA,"Panama","Camino de Cruces",9.0311,-79.5939
national_park,PA,"Panama","Cerro Hoya",7.28333333,-80.7
national_park,PA,"Panama","Chagres",9.4,-79.5
national_park,PA,"Panama","Coiba",7.48,-81.79
national_park,PA,"Panama","Darién",7.73611111,-77.54722222
national_park,PA,"Panama","General Division Omar Torrijos Herrera",8.644,-80.7061
national_park,PA,"Panama","Gulf of Chiriquí National Marine Park",8.1130935,-82.3035906
national_park,PA,"Panama","Sarigua",8.0238,-80.4684
national_park,PA,"Panama","Soberanía",9.0742977,-79.6598053
national_park,PA,"Panama","Volcán Barú",8.80777778,-82.54277778
botanical_garden,PG,"Papua New Guinea","Lae",-6.719509,146.995362
botanical_garden,PG,"Papua New Guinea","National Capital",-9.4655,147.1969
botanical_garden,PY,"Paraguay","And Zoo of Asunción",-25.24741,-57.57076
national_park,PY,"Paraguay","Caazapá",-26.073539,-55.8114612
national_park,PY,"Paraguay","Cerro Cora",-22.65,-56.183333333
national_park,PY,"Paraguay","Defensores del Chaco",-20.2281,-60.2
national_park,PY,"Paraguay","Estero Milagro",-23.566666666,-57.366666666
national_park,PY,"Paraguay","Médanos del Chaco",-20.371948,-61.8113
national_park,PY,"Paraguay","Nacunday",-26.04861111,-54.67083333
national_park,PY,"Paraguay","Tinfunqué",-24.00493,-60.2473
national_park,PY,"Paraguay","Vapor Cué",-25.225,-56.79166667
national_park,PY,"Paraguay","Ybycuí",-26.0954456,-56.8387127
national_park,PY,"Paraguay","Ypoá",-25.9114,-57.4289
theme_park,CN,"People's Republic of China","Baiyin Huoyanshan National Mine Park",36.65032,104.22717
theme_park,CN,"People's Republic of China","Beijing Shijingshan",39.9109,116.2028
national_park,CN,"People's Republic of China","Benxi Shuidong",41.298016805,124.099666305
botanical_garden,CN,"People's Republic of China","Cangshan",25.65045,100.18919
national_park,CN,"People's Republic of China","Chaibuxi Grand Canyon Scenic Spot",30.220067,110.909119
theme_park,CN,"People's Republic of China","Chang Sha Sea World",28.235184,113.05011
theme_park,CN,"People's Republic of China","Changchun Movie Wonderland",43.769548,125.440846
theme_park,CN,"People's Republic of China","Changying Global 100 Fantasty Park",19.9808,110.1947
national_park,CN,"People's Republic of China","Chengjiang Fossil Site",24.668888888,102.977222222
theme_park,CN,"People's Republic of China","Chimelong Paradise",23.004355,113.326913
theme_park,CN,"People's Republic of China","Chimelong Spaceship",22.097175133,113.535962767
theme_park,CN,"People's Republic of China","Chimelong Waterpark",23,113.32
theme_park,CN,"People's Republic of China","China Dinosaurs Park",31.82616667,119.99761111
theme_park,CN,"People's Republic of China","China Harbin Ice And Snow World",45.777949,126.556376
botanical_garden,CN,"People's Republic of China","China National",39.992788888,116.209338888
botanical_garden,CN,"People's Republic of China","China National (North Garden)",39.992789,116.20934
botanical_garden,CN,"People's Republic of China","China National (South Garden)",39.990017,116.207867
theme_park,CN,"People's Republic of China","Dalian Discovery Kingdom",39.081665,121.999269
national_park,CN,"People's Republic of China","Dalian Yinshitan Forest",38.91666667,121.63333333
botanical_garden,CN,"People's Republic of China","Dekyi Lingka",29.649805555,91.101966861
botanical_garden,CN,"People's Republic of China","Fairylake",22.57111111,114.16416667
theme_park,CN,"People's Republic of China","Fantawild Dino Kingdom",29.401987636,104.826638314
theme_park,CN,"People's Republic of China","Fantawild Oriental Heritage Mianyang",31.73099249,104.704683716
theme_park,CN,"People's Republic of China","Foreigners' Street",29.613,106.598
national_park,CN,"People's Republic of China","Geleshan National Forest Park",29.567777777,106.4275
theme_park,CN,"People's Republic of China","Grand World Scenic Park",23.148716,113.419697
botanical_garden,CN,"People's Republic of China","Guangdong Tree Park",23.196671,113.367866
theme_park,CN,"People's Republic of China","Guangzhou Space Wonders",23.15082,113.40557
theme_park,CN,"People's Republic of China","Hainan Ocean Paradise",18.445722222,110.043805555
botanical_garden,CN,"People's Republic of China","Hangzhou",30.2552,120.123
theme_park,CN,"People's Republic of China","Hangzhou Songcheng",30.172135286,120.094449828
theme_park,CN,"People's Republic of China","Happy Valley Beijing",39.866418,116.488627
theme_park,CN,"People's Republic of China","Happy Valley Chengdu",30.723521,104.032824
theme_park,CN,"People's Republic of China","Happy Valley Chongqing",29.684553,106.508221
theme_park,CN,"People's Republic of China","Happy Valley Shanghai",31.098319,121.213778
theme_park,CN,"People's Republic of China","Happy Valley Shenzhen",22.541574,113.973949
theme_park,CN,"People's Republic of China","Happy Valley Tianjin",39.188304,117.460858
theme_park,CN,"People's Republic of China","Happy Valley Wuhan",30.591944,114.387222
theme_park,CN,"People's Republic of China","Hong Kong Aviation Discovery Centre",22.3172,113.9376
theme_park,CN,"People's Republic of China","Hong Kong Disneyland",22.313333333,114.043333333
botanical_garden,CN,"People's Republic of China","Hong Kong Zoological and",22.277777777,114.156388888
botanical_garden,CN,"People's Republic of China","Huajiachi Botanical Garden, Zhejiang University",30.2659,120.159
national_park,CN,"People's Republic of China","Huanghe Shilin National Geopark",36.883333333,104.316666666
national_park,CN,"People's Republic of China","Hubei Shennongjia",31.29,110.19
botanical_garden,CN,"People's Republic of China","Hunan Forest",28.1075,113.025833333
theme_park,CN,"People's Republic of China","Jinjiang Action Park",31.14111111,121.40361111
national_park,CN,"People's Republic of China","Jiuzhaigou Valley",33.2,103.9
botanical_garden,CN,"People's Republic of China","Kadoorie Farm and",22.4335,114.118
theme_park,CN,"People's Republic of China","Knight Valley",22.612888888,114.297777777
theme_park,CN,"People's Republic of China","Lai Chi Kok",22.3426,114.137
botanical_garden,CN,"People's Republic of China","Lanzhou",36.118124,103.701345
theme_park,CN,"People's Republic of China","Legoland Discovery Centre Hong Kong",22.2942763,114.1729476
theme_park,CN,"People's Republic of China","Legoland Shanghai",30.88694,121.09418
theme_park,CN,"People's Republic of China","Li'an Ocean Harbor",18.483,110.081
national_park,CN,"People's Republic of China","Longshan National Forest Park",27.523295,111.826871
national_park,CN,"People's Republic of China","Luo shan",37.454001,120.463185
botanical_garden,CN,"People's Republic of China","Lushan",29.5833,115.983
theme_park,CN,"People's Republic of China","Macau Fisherman's Wharf",22.19145278,113.55660833
national_park,CN,"People's Republic of China","Maijishan",34.35,106
theme_park,CN,"People's Republic of China","Millennium City Park",34.80986,114.3342
theme_park,CN,"People's Republic of China","Ming Yuen",22.31613,114.17111
theme_park,CN,"People's Republic of China","Minsk World",22.553772,114.237009
national_park,CN,"People's Republic of China","Mount Qixian Hot Springs National Forest Park",18.701666666,109.691944444
theme_park,CN,"People's Republic of China","Nan Hu",23.2225,113.32847
theme_park,CN,"People's Republic of China","Nanchang Sunac Land",28.579528,115.781833
botanical_garden,CN,"People's Republic of China","Nanjing Botanical Garden, Memorial Sun Yat-Sen",32.057222222,118.830833333
theme_park,CN,"People's Republic of China","Noah's Ark (Hong Kong)",22.34819444,114.06155556
theme_park,CN,"People's Republic of China","Ocean Flower Island Fairyland Ocean Park",19.66504,109.17737
theme_park,CN,"People's Republic of China","Ocean Park Hong Kong",22.245861111,114.175916666
national_park,CN,"People's Republic of China","Pudacuo",27.825,99.99527778
national_park,CN,"People's Republic of China","Qianjiangyuan National Forest Park",29.390431,118.211033
national_park,CN,"People's Republic of China","Qianshan",41.02638889,123.13611111
national_park,CN,"People's Republic of China","Qingdao Zhushan",35.963777777,120.087138888
national_park,CN,"People's Republic of China","Qingjiang Gallery",30.470533,111.146513
national_park,CN,"People's Republic of China","Qomolangma",28.1,86.8
theme_park,CN,"People's Republic of China","Romon U-Park",29.799412,121.544202
botanical_garden,CN,"People's Republic of China","Ruili",24.073593,97.820831
botanical_garden,CN,"People's Republic of China","Shanghai",31.14777778,121.43805556
botanical_garden,CN,"People's Republic of China","Shanghai Chenshan",31.07638889,121.17833333
theme_park,CN,"People's Republic of China","Shanghai Disneyland Park",31.144,121.657
theme_park,CN,"People's Republic of China","Shanghai Haichang Ocean Park",30.915361111,121.902388888
botanical_garden,CN,"People's Republic of China","Shenyang",41.85861111,123.64388889
botanical_garden,CN,"People's Republic of China","Shing Mun Arboretum",22.405431,114.156948
national_park,CN,"People's Republic of China","Shunan Zhuhai",28.43166667,105.03416667
theme_park,CN,"People's Republic of China","Six Flags Zhejiang",30.547777777,120.985277777
theme_park,CN,"People's Republic of China","Snoopy World",22.3819,114.1893
botanical_garden,CN,"People's Republic of China","South China Botanical Garden, Chinese Academy of Sciences",23.1868,113.364
botanical_garden,CN,"People's Republic of China","South Mountain",29.5553,106.631
botanical_garden,CN,"People's Republic of China","The Plum Garden",31.553127,120.216816
national_park,CN,"People's Republic of China","Tian Hua Shan",41.06953,124.5763
theme_park,CN,"People's Republic of China","Tianjin TEDA Aircraft Carrier",39.155278055,117.808333055
theme_park,CN,"People's Republic of China","Tongguan Kiln Culture",28.413093514,112.831883676
botanical_garden,CN,"People's Republic of China","Tropical Flowers and Plant Garden",22.007300345,100.785851537
botanical_garden,CN,"People's Republic of China","Turpan Eremophytes Botanical Garden, CAS",42.859355855,89.188242866
theme_park,CN,"People's Republic of China","Universal Beijing Resort",39.854,116.6752
theme_park,CN,"People's Republic of China","Universal Studios Beijing",39.85632,116.67886
botanical_garden,CN,"People's Republic of China","Urumqi",43.887980555,87.548752777
theme_park,CN,"People's Republic of China","Victory Kingdom",39.3941,117.01
theme_park,CN,"People's Republic of China","Water World, Ocean Park Hong Kong",22.236486111,114.168075
theme_park,CN,"People's Republic of China","Waterlands Resort",22.73,113.77
national_park,CN,"People's Republic of China","West Mountain National Park (Guangxi)",23.401111111,110.06
theme_park,CN,"People's Republic of China","Window of the World",28.2389,113.055
theme_park,CN,"People's Republic of China","Wonderland",40.233,116.164
botanical_garden,CN,"People's Republic of China","World Horti-Expo Garden",25.071566666,102.759377777
theme_park,CN,"People's Republic of China","World Joyland",31.8133,119.989
botanical_garden,CN,"People's Republic of China","Wuhan",30.5444,114.412
national_park,CN,"People's Republic of China","Wuyishan",27.65694444,117.95083333
botanical_garden,CN,"People's Republic of China","Xi'an",34.210814573,109.024709687
botanical_garden,CN,"People's Republic of China","Xiamen",24.4534366,118.0908321
national_park,CN,"People's Republic of China","Xianju",28.692222,120.611389
national_park,CN,"People's Republic of China","Xingcheng Haibin",40.66666667,120.83333333
national_park,CN,"People's Republic of China","Xishan Forest Park",24.958674368,102.635098137
botanical_garden,CN,"People's Republic of China","Xishuangbanna",21.873654,101.322832
botanical_garden,CN,"People's Republic of China","Xishuangbanna South Medicine",22.002488888,100.788861111
botanical_garden,CN,"People's Republic of China","Xishuangbanna Tropical Flowers and Plants Garden",22.0142,100.78516
botanical_garden,CN,"People's Republic of China","Yunluo",23.163741,113.28911
botanical_garden,CN,"People's Republic of China","Yunxi",23.184373,113.27709
botanical_garden,CN,"People's Republic of China","Zhan Garden",32.0224,118.78
national_park,CN,"People's Republic of China","Zhangjiajie National Forest Park",29.3274,110.416
theme_park,CN,"People's Republic of China","Zhuhai Chimelong Ocean Kingdom",22.1001,113.53
national_park,PE,"Peru","Alto Purús",-10.82,-71.64
national_park,PE,"Peru","Amotape Hills",-4.14778,-80.58996
national_park,PE,"Peru","Bahuaja-Sonene",-13.26666667,-69.45
national_park,PE,"Peru","Calipuy National Reserve",-8.569,-78.325
national_park,PE,"Peru","Cordillera Azul",-7.75,-75.94
national_park,PE,"Peru","Cutervo",-6.201944444,-78.788333333
national_park,PE,"Peru","Güeppí Reserved Zone",-0.48,-74.91
national_park,PE,"Peru","Huascarán",-9.4,-77.4
national_park,PE,"Peru","Ichigkat muja – Cordillera del Condor",-3.39277778,-78.11361111
botanical_garden,PE,"Peru","Lima",-12.0558434,-77.0226722
national_park,PE,"Peru","Manu",-12.14,-71.66
national_park,PE,"Peru","Otishi",-11.66666667,-73.08333333
botanical_garden,PE,"Peru","Parque de las Leyendas",-12.06731383,-77.086669
botanical_garden,PE,"Peru","Plantas Medicinales de Lima",-12.073611111,-77.041388888
national_park,PE,"Peru","Río Abiseo",-7.75,-77.25
national_park,PE,"Peru","Sierra del Divisor",-7.27527778,-74.07361111
national_park,PE,"Peru","Tingo María",-9.377,-75.998
national_park,PE,"Peru","Yaguas",-2.916667,-71.521213
national_park,PE,"Peru","Yanachaga–Chemillén",-10.404166666,-75.310555555
theme_park,PH,"Philippines","Anjo World",10.24932,123.80007
national_park,PH,"Philippines","Aurora Memorial",15.66666667,121.33333333
botanical_garden,PH,"Philippines","Baguio",16.414562166,120.613192067
national_park,PH,"Philippines","Balbalasang-Balbalan",17.45,121.1
national_park,PH,"Philippines","Bangan Hill",16.416667,121.316667
national_park,PH,"Philippines","Basilan",6.5907,122.06102
national_park,PH,"Philippines","Bataan",14.68333333,120.41666667
national_park,PH,"Philippines","Biak-na-Bato",15.1201,121.084
national_park,PH,"Philippines","Bulabog Putian",11.0399,122.661
national_park,PH,"Philippines","Caramoan",13.8,123.88333333
national_park,PH,"Philippines","Cassamata Hill",17.5912,120.621
theme_park,PH,"Philippines","Enchanted Kingdom",14.2819473,121.0953936
national_park,PH,"Philippines","Fuyot Springs",17.1776,121.964
national_park,PH,"Philippines","Guadalupe Mabugnao Mainit Hot Spring",10.1336,123.6
national_park,PH,"Philippines","Hundred Islands",16.2,120.033333333
national_park,PH,"Philippines","Kalbario-Patapat",18.53333333,120.91666667
theme_park,PH,"Philippines","KidZania Manila",14.55348,121.05454
national_park,PH,"Philippines","Kuapnit Balinsasayao",10.6347,124.927
national_park,PH,"Philippines","Lake Butig",7.98333333,124.48333333
national_park,PH,"Philippines","Lake Naujan",13.16666667,121.16666667
national_park,PH,"Philippines","Libmanan Caves",13.683333,122.983333
national_park,PH,"Philippines","MacArthur Landing Memorial",11.172222222,125.012222222
national_park,PH,"Philippines","Mado Hot Spring",7.26666667,124.35
theme_park,PH,"Philippines","Magikland",10.78035,122.97252
botanical_garden,PH,"Philippines","Manila Zoological and",14.56472,120.98861
national_park,PH,"Philippines","Mayon Volcano Natural Park",13.25666667,123.685
national_park,PH,"Philippines","Mount Arayat",15.2,120.742
national_park,PH,"Philippines","Mount Balatukan Range Natural Park",8.798861111,124.939194444
national_park,PH,"Philippines","Mount Dajo",5.966666666,121.1
national_park,PH,"Philippines","Mount Data",16.87753,120.84098
national_park,PH,"Philippines","Mount Pulag",16.58333333,120.99805556
national_park,PH,"Philippines","Mounts Banahaw–San Cristobal Protected Landscape",14.05361111,121.48583333
national_park,PH,"Philippines","Mounts Iglit–Baco",12.9,121.21666667
national_park,PH,"Philippines","Mounts-Palay-Palay-Mataas-Na-Gulod",14.25,120.66666667
theme_park,PH,"Philippines","Nayong Pilipino Clark",15.203,120.53
national_park,PH,"Philippines","Northern Luzon Heroes Hill",17.4793,120.46
theme_park,PH,"Philippines","Old Nayong Pilipino",14.514444444,121.008333333
national_park,PH,"Philippines","Pagsanjan Gorge",14.26680556,121.46369444
national_park,PH,"Philippines","Pantuwaraya Lake",7.98333333,124.48333333
theme_park,PH,"Philippines","Paskuhan Village",15.050388888,120.692666666
national_park,PH,"Philippines","Puerto Princesa Subterranean River",10.166666666,118.916666666
national_park,PH,"Philippines","Quezon Protected Landscape",14.03333333,121.75
national_park,PH,"Philippines","Rungkunan",7.98333333,124.68333333
national_park,PH,"Philippines","Sacred Mountain",8.02121,124.29633
national_park,PH,"Philippines","Salikata",7.95,124.6
national_park,PH,"Philippines","Sohoton Natural Bridge",11.3605,125.164
national_park,PH,"Philippines","St. Paul Subterranean River",10.19237,118.92717
theme_park,PH,"Philippines","Star City, Manila",14.556,120.986
national_park,PH,"Philippines","Tirad Pass",17.0414,120.633
botanical_garden,PH,"Philippines","University of the Philippines Arboretum",14.66,121.05166667
botanical_garden,PL,"Poland","11 listopada 23",50.839236761,15.529963374
theme_park,PL,"Poland","Adventure World Warsaw",52.143523,20.582407
theme_park,PL,"Poland","Africarium",51.104678673,17.074387675
botanical_garden,PL,"Poland","Alpinarium in Toruń",53.008611,18.601111
theme_park,PL,"Poland","Aquadrom",50.2417,18.8437
theme_park,PL,"Poland","Aquapark Cracow",50.089166666,19.982777777
theme_park,PL,"Poland","Aquapark Fala Łódź",51.7642,19.4213
theme_park,PL,"Poland","Aquapark H2Ostróg",50.0980533,18.2199325
theme_park,PL,"Poland","Aquapark Reda",54.594684,18.366117
theme_park,PL,"Poland","Aquapark Sopot",54.45998,18.5576981
theme_park,PL,"Poland","Aquapark Tarnowskie Góry",50.438583333,18.837416666
theme_park,PL,"Poland","Aquapark Wrocław",51.090833,17.0325
botanical_garden,PL,"Poland","Arboretum (Zielonka)",52.97725,17.186694444
botanical_garden,PL,"Poland","Arboretum Bolestraszyce",49.8172,22.8619
botanical_garden,PL,"Poland","Arboretum in Glinna",53.2973,14.7207
botanical_garden,PL,"Poland","Arboretum in Karnieszewice",54.269353,16.327503
botanical_garden,PL,"Poland","Arboretum Kudypy",53.7689,20.3811
botanical_garden,PL,"Poland","Arboretum Park Gródek",50.2264889,19.3149047
botanical_garden,PL,"Poland","Arboretum Rogow",51.825833,19.888889
botanical_garden,PL,"Poland","Arboretum Wirty",53.9,18.38333333
national_park,PL,"Poland","Babia Góra",49.587777777,19.539722222
national_park,PL,"Poland","Białowieża",52.766666666,23.866666666
theme_park,PL,"Poland","Bibel garden in Muszyna",49.35875,20.901638888
national_park,PL,"Poland","Biebrza",53.4666,22.6613
national_park,PL,"Poland","Bieszczady",49.1125,22.664722222
national_park,PL,"Poland","Bory Tucholskie",53.8,17.56
botanical_garden,PL,"Poland","Casimir the Great University, Bydgoszcz",53.1308,18.0175
botanical_garden,PL,"Poland","Dendrological Garden in Przelewice",53.10694444,15.08222222
national_park,PL,"Poland","Drawa",53.1,15.933333333
theme_park,PL,"Poland","Dzielnica Filmowa in Zalesie Górne",52.03131,21.04523
theme_park,PL,"Poland","Energylandia",50,19.409
botanical_garden,PL,"Poland","Exotarium Sosnowiec",50.283078,19.104877
botanical_garden,PL,"Poland","Forest 'Marszewo'",54.5194,18.4164
botanical_garden,PL,"Poland","Forest arboretum in Stradomia Dolna",51.266389,17.677222
botanical_garden,PL,"Poland","Garden of Medicinal Plants, Jagiellonian University",50.01,19.99
theme_park,PL,"Poland","GEOsfera Jaworzno",50.2272347,19.2740733
botanical_garden,PL,"Poland","GEOsfera Jaworzno",50.2272347,19.2740733
national_park,PL,"Poland","Gorce",49.558333333,20.1625
theme_park,PL,"Poland","Hossoland",53.950483201,15.387346618
botanical_garden,PL,"Poland","In Brynek",50.514180555,18.741486111
botanical_garden,PL,"Poland","In Gdańsk Oliwa",54.4107,18.5624
botanical_garden,PL,"Poland","In Łódź",51.756388888,19.406666666
botanical_garden,PL,"Poland","In Lublin",51.2638,22.5138
botanical_garden,PL,"Poland","In Poznań",52.4201,16.88088
botanical_garden,PL,"Poland","In Zielona Góra",51.9198,15.5017
botanical_garden,PL,"Poland","Jagiellonian University",50.062916666,19.957916666
theme_park,PL,"Poland","JuraPark Solec Kujawski",53.08054,18.23231
national_park,PL,"Poland","Kampinos",52.31666667,20.56666667
national_park,PL,"Poland","Karkonosze",50.76666667,15.65
botanical_garden,PL,"Poland","Kórnik Arboretum",52.24416667,17.09083333
theme_park,PL,"Poland","Lunapark, Łódź",51.76993889,19.41125278
national_park,PL,"Poland","Magura",49.51666667,21.51666667
theme_park,PL,"Poland","Majaland Gdańsk",54.408814,18.473627
theme_park,PL,"Poland","Majaland Kownaty",52.35,15.081543
theme_park,PL,"Poland","Majaland Warszawa",52.182528,21.283876
theme_park,PL,"Poland","Mandoria",51.649692,19.484513
theme_park,PL,"Poland","Medieval settlement in Racibórz",50.0957489,18.2629006
botanical_garden,PL,"Poland","Moravian Gate Arboretum",50.0972,18.2647
botanical_garden,PL,"Poland","Mountain in Zakopane",49.2994,19.9496
national_park,PL,"Poland","Narew",53.073333,22.89
botanical_garden,PL,"Poland","Ogrod Botaniczny Instytut Hodowli i Aklimatyzacji Roslin",53.1739,18.0461
botanical_garden,PL,"Poland","Ogród Dendrologiczny Uniwersytetu Przyrodniczego w Poznaniu",52.4258,16.8944
national_park,PL,"Poland","Ojców",50.206667,19.829167
botanical_garden,PL,"Poland","Orle",54.043278,18.208306
theme_park,PL,"Poland","Park Krasnala",51.7997261,15.7232622
theme_park,PL,"Poland","Park of Poland",51.987666666,20.458916666
national_park,PL,"Poland","Pieniny",49.416667,20.366667
national_park,PL,"Poland","Polesie",51.416388888,23.173333333
botanical_garden,PL,"Poland","Polish Academy of Sciences Center for Biological Diversity Conservation in Powsin",52.1047,21.095
theme_park,PL,"Poland","Power Park Łeba",54.76767,17.5934569
theme_park,PL,"Poland","Railway Park in Ogrodzieniec",50.461139,19.494528
botanical_garden,PL,"Poland","Rosarium in Silesian Park",50.2803,18.9881
botanical_garden,PL,"Poland","Rose collection of Warsaw University",52.217472222,21.027730555
botanical_garden,PL,"Poland","Różanka Rose Garden",53.4469,14.5247
national_park,PL,"Poland","Roztocze",50.616667,22.966667
theme_park,PL,"Poland","Sea Park Sarbsk",54.7380167,17.6497856
theme_park,PL,"Poland","Silesian",50.273763,18.990555
national_park,PL,"Poland","Słowiński",54.703202777,17.3069
botanical_garden,PL,"Poland","Stefan Kownas Arboretum",53.4474,14.5351
national_park,PL,"Poland","Stołowe Mountains",50.4683308,16.3675697
national_park,PL,"Poland","Świętokrzyski",50.87638889,20.97777778
national_park,PL,"Poland","Tatra",49.25,19.933333
theme_park,PL,"Poland","Twinpigs",50.050475,18.7149536
national_park,PL,"Poland","Ujście Warty",52.5772,14.7258
botanical_garden,PL,"Poland","Warsaw University",52.217823,21.027403
theme_park,PL,"Poland","Water Factory",53.444693,14.566883
theme_park,PL,"Poland","Water Park Częstochowa",50.8263961,19.1200403
national_park,PL,"Poland","Wielkopolska",52.275555555,16.815833333
national_park,PL,"Poland","Wigry",54,23.05
botanical_garden,PL,"Poland","Wojsławice Arboretum",50.71666667,16.83333333
national_park,PL,"Poland","Wolin",53.9426344,14.5075161
botanical_garden,PL,"Poland","Wrocław University",51.116111111,17.0475
botanical_garden,PL,"Poland","Zaczarowany Ogród",50.1010569,18.2669111
botanical_garden,PT,"Portugal","Da Ajuda",38.706206,-9.200806
botanical_garden,PT,"Portugal","Do Porto",41.153335,-8.643079
botanical_garden,PT,"Portugal","Faial",38.5507,-28.6395
botanical_garden,PT,"Portugal","Jardim António Borges",37.743949,-25.676041
botanical_garden,PT,"Portugal","Lisboa",38.7181,-9.14895
theme_park,PT,"Portugal","Luna Park Cais 8",32.64647658,-16.905632111
botanical_garden,PT,"Portugal","Madeira",32.66222222,-16.89583333
botanical_garden,PT,"Portugal","Mata Jardim José do Canto",37.750144444,-25.330802777
botanical_garden,PT,"Portugal","Monte Palace Tropical Garden",32.673888888,-16.902222222
theme_park,PT,"Portugal","Parque dos Dinossauros da Lourinhã",39.278539,-9.293474
theme_park,PT,"Portugal","Parque Mayer",38.719324,-9.146378
theme_park,PT,"Portugal","Parque Temático da Madeira",32.80263,-16.8855
botanical_garden,PT,"Portugal","Parque Terra Nostra",37.771388888,-25.314722222
national_park,PT,"Portugal","Peneda-Gerês",41.830713,-8.23867
theme_park,PT,"Portugal","Portugal dos Pequenitos",40.2023,-8.4344
botanical_garden,PT,"Portugal","Rose garden of Serralves",41.159137,-8.658112
botanical_garden,PT,"Portugal","Tropical",38.699322,-9.202488
botanical_garden,PT,"Portugal","University of Coimbra",40.205609,-8.42274
theme_park,PT,"Portugal","Zoomarine",37.126807581,-8.314214335
theme_park,QA,"Qatar","Desert Falls Water &",24.8495,50.8621
theme_park,QA,"Qatar","Meryal",25.430661,51.530872
national_park,QA,"Qatar","Umm Tais",26.15,51.283
national_park,CG,"Republic of the Congo","Conkouati-Douli",-3.905,11.47
national_park,CG,"Republic of the Congo","Nouabalé-Ndoki",2.442777777,16.554166666
national_park,CG,"Republic of the Congo","Ntokou-Pikounda",0.35,16.55
national_park,CG,"Republic of the Congo","Odzala",0.8,14.9
national_park,CG,"Republic of the Congo","Ogooué-Leketi",2,13.61667
theme_park,GM,"Republic of The Gambia","Dream Park",13.44650021,-16.71916767
national_park,GM,"Republic of The Gambia","Kiang West",13.38333333,-15.91666667
national_park,GM,"Republic of The Gambia","Niumi",13.56666667,-16.5
national_park,GM,"Republic of The Gambia","River Gambia",13.63888889,-14.95944444
botanical_garden,GM,"Republic of The Gambia","The",13.478388888,-16.6755
theme_park,RO,"Romania","Arsenal Aventura & Aqua Park",45.8318,23.1638
botanical_garden,RO,"Romania","Bazoș Dendrological Park",45.75527778,21.42611111
botanical_garden,RO,"Romania","Botanical Park, Timișoara",45.76,21.22472222
botanical_garden,RO,"Romania","Bucharest",44.4379,26.06364722
national_park,RO,"Romania","Buila-Vânturarița",45.24,24.096
national_park,RO,"Romania","Călimani",47.127,25.168
national_park,RO,"Romania","Ceahlău",46.9563,25.939
national_park,RO,"Romania","Cheile Bicazului-Hășmaș",46.81198,25.81894
national_park,RO,"Romania","Cheile Nerei-Beușnița",44.951194,21.8882
botanical_garden,RO,"Romania","Cluj-Napoca",46.7603,23.5867
national_park,RO,"Romania","Cozia",45.367,24.265
botanical_garden,RO,"Romania","Craiova",44.3243259,23.7866594
national_park,RO,"Romania","Defileul Jiului",45.272,23.368
national_park,RO,"Romania","Domogled-Valea Cernei",45.093,22.624
botanical_garden,RO,"Romania","Galati",45.424064916,28.031124374
botanical_garden,RO,"Romania","Iași",47.18715,27.55655833
botanical_garden,RO,"Romania","Jibou",47.25,23.25
national_park,RO,"Romania","Munții Măcinului",45.166667,28.3
national_park,RO,"Romania","Piatra Craiului",45.526944444,25.211666666
national_park,RO,"Romania","Retezat",45.333333333,22.833333333
national_park,RO,"Romania","Rodna",47.54,24.735
botanical_garden,RO,"Romania","Roses Park, Timișoara",45.75,21.231111
national_park,RO,"Romania","Semenic-Cheile Carașului",45.142,21.977
botanical_garden,RO,"Romania","Simeria arboretum",45.861238,23.014996
theme_park,RO,"Romania","Therme București",44.60567,26.08583
botanical_garden,RU,"Russian Federation","(PetrSU)",61.842369,34.381168
national_park,RU,"Russian Federation","Alaniya",42.90000001,43.73333334
national_park,RU,"Russian Federation","Alkhanay",50.83333334,113.4166667
theme_park,RU,"Russian Federation","Andersengrad",59.895,29.088611111
national_park,RU,"Russian Federation","Anyuysky",49.440555555,136.556944444
botanical_garden,RU,"Russian Federation","Aptekarsky Ogorod",55.77756527,37.63520629
botanical_garden,RU,"Russian Federation","Arboretum of Belgorod State University",50.592664,36.543188
botanical_garden,RU,"Russian Federation","Arboretum of VSAU",51.710722,39.227969
botanical_garden,RU,"Russian Federation","Arboretum of VSFTU",51.7113154,39.2277521
botanical_garden,RU,"Russian Federation","Baltic Federal University Kant",54.737222222,20.517777777
national_park,RU,"Russian Federation","Bashkiria",53.016666666,56.683333333
national_park,RU,"Russian Federation","Beringia",64.36666667,-173.3
national_park,RU,"Russian Federation","Bikin",46.63333333,136.58333333
botanical_garden,RU,"Russian Federation","Biryulyovskiy Arboretum",55.596944444,37.679444444
theme_park,RU,"Russian Federation","Bogatyrskaya Sloboda",53.338419,49.246638
national_park,RU,"Russian Federation","Buzuluksky Bor",53.004166666,52.115277777
botanical_garden,RU,"Russian Federation","Central Siberian",55.020861,82.916415
national_park,RU,"Russian Federation","Chavash Varmane Bor",54.75,47.13333333
botanical_garden,RU,"Russian Federation","Cheboksary",56.087062,47.254456
botanical_garden,RU,"Russian Federation","Chelyabinsk State University",55.1768,61.3206
theme_park,RU,"Russian Federation","Cinema October",58.003888888,56.246944444
national_park,RU,"Russian Federation","Curonian Spit",55.14,20.8
botanical_garden,RU,"Russian Federation","Dendrarium of the Sukachyov Institute",55.986,92.7655
theme_park,RU,"Russian Federation","Divo-Ostrov",59.972818,30.25338
theme_park,RU,"Russian Federation","Dolphinarium",43.590375,39.715458
theme_park,RU,"Russian Federation","Dolphinarium in Lazorevskoe",43.918993,39.318426
theme_park,RU,"Russian Federation","Dolphinarium in Naberezhnye Chelny",55.674722222,52.298888888
theme_park,RU,"Russian Federation","Dolphinarium in Rostov-on-Don",47.208401,39.62593
theme_park,RU,"Russian Federation","Dream Island",55.6944,37.6758
botanical_garden,RU,"Russian Federation","Ekaterinino Arboretum",53.003293,40.828546
botanical_garden,RU,"Russian Federation","Federal Research Center N.I. Vavilov All-Russian Institute of Plant Genetic Resources",59.931944,30.308611
botanical_garden,RU,"Russian Federation","First Moscow State Medical University named after Sechenov",55.746928,37.530171
theme_park,RU,"Russian Federation","Funland Park",53.517861111,49.269472222
theme_park,RU,"Russian Federation","Gagarin Park",59.867763178,30.335124197
theme_park,RU,"Russian Federation","Gelendzhik Oceanarium",44.563619,38.077255
theme_park,RU,"Russian Federation","Gorky Park",55.73135347,37.60463662
botanical_garden,RU,"Russian Federation","Gorno-Altaysky",51.605,85.651944444
botanical_garden,RU,"Russian Federation","Grozdov",53.24556,34.36139
national_park,RU,"Russian Federation","Gydansky",72.142098,77.851156
botanical_garden,RU,"Russian Federation","In Solovki",65.052927777,35.665627777
botanical_garden,RU,"Russian Federation","Institute of the Far Eastern Branch of the Russian Academy of Sciences",43.21772,131.98747
botanical_garden,RU,"Russian Federation","Irkutsk State University",52.261944444,104.248333333
botanical_garden,RU,"Russian Federation","Ivanovo State University",57.034342918,41.008905538
theme_park,RU,"Russian Federation","Izmailovo Kremlin",55.79472222,37.75027778
national_park,RU,"Russian Federation","Kalevalsky",64.991666666,30.2125
theme_park,RU,"Russian Federation","Kara-Dag dolphinarium",44.911944444,35.201666666
national_park,RU,"Russian Federation","Kenozyorsky",62.05,38.1
botanical_garden,RU,"Russian Federation","Khabarovsk arboretum",48.46444,135.08667
national_park,RU,"Russian Federation","Khibiny",67.7252,33.4738
national_park,RU,"Russian Federation","Khvalynsky",52.3525,47.638888888
theme_park,RU,"Russian Federation","Kinoteatr Mir",57.978333333,56.188888888
theme_park,RU,"Russian Federation","Kinoteatr Rossiya",58.005555555,56.209722222
national_park,RU,"Russian Federation","Kislovodsk",43.895495,42.726307
national_park,RU,"Russian Federation","Kodar",56.85,117.566667
national_park,RU,"Russian Federation","Koygorodsky",59.8,49.8
theme_park,RU,"Russian Federation","Krasnogorsk children park",55.828472,37.319386
national_park,RU,"Russian Federation","Krasnoyarsk Stolby",55.883333333,92.766666666
national_park,RU,"Russian Federation","Kytalyk",70.85,147.85
national_park,RU,"Russian Federation","Ladoga Skerries",61.6,30.83
national_park,RU,"Russian Federation","Land of the Leopard",43.183333333,131.483333333
botanical_garden,RU,"Russian Federation","Lobachevsky State University of Nizhny Novgorod",56.25484,44.00767
national_park,RU,"Russian Federation","Losiny Ostrov",55.86361111,37.7775
national_park,RU,"Russian Federation","Mariy Chodra",56.15,48.36666667
botanical_garden,RU,"Russian Federation","Meschersky Arboretum",52.968048,37.901303
national_park,RU,"Russian Federation","Meshchyora",55.561111111,40.253888888
national_park,RU,"Russian Federation","Meshchyorsky",55.133333333,40.166666666
botanical_garden,RU,"Russian Federation","Moscow State University",55.7075,37.527222222
botanical_garden,RU,"Russian Federation","Mountain",42.98778,47.48983
theme_park,RU,"Russian Federation","Murmansk Oceanarium",68.99461,33.08997
botanical_garden,RU,"Russian Federation","N.A. Avrorin Polar-Alpine Botanic Garden-Institute",67.652067,33.6667174
botanical_garden,RU,"Russian Federation","N.V. Tsitsin Main",55.839166666,37.600833333
botanical_garden,RU,"Russian Federation","Named after Boris Keller",51.7120599,39.2244315
botanical_garden,RU,"Russian Federation","Named after I.S. Kosenko",45.033,38.967
botanical_garden,RU,"Russian Federation","Named after Rostovtsev",55.834263,37.54502
botanical_garden,RU,"Russian Federation","Named Ivan Sprygin",53.186633333,45.003127777
national_park,RU,"Russian Federation","National Nature Park Charming Harbor",45.5,32.7
national_park,RU,"Russian Federation","Nechkinsky",56.683333333,53.783333333
theme_park,RU,"Russian Federation","Ocean Park, Krasnodar",45.029444444,39.046111111
theme_park,RU,"Russian Federation","Oceanarium in Saint Petersburg",59.9191,30.3389
theme_park,RU,"Russian Federation","Oceanarium of Vladivostok",43.12124167,131.8761389
theme_park,RU,"Russian Federation","Okeanarium in Lazorevskoe",43.917459,39.318673
national_park,RU,"Russian Federation","Onezhskoye Pomorye",64.78333333,37.3
national_park,RU,"Russian Federation","Orlovskoye Polesye",53.2833,35.3
national_park,RU,"Russian Federation","Paanajärvi",66.2842,30.1397
botanical_garden,RU,"Russian Federation","Park of Saint Petersburg State Forestry Academy",59.992457,30.343419
botanical_garden,RU,"Russian Federation","Park-arboretum of Saint Petersburg",59.97004,30.32339
theme_park,RU,"Russian Federation","Patriot park",41.939595,48.377812
botanical_garden,RU,"Russian Federation","Pereslavl arboretum named after S. F. Kharitonov",56.71388889,38.83111111
botanical_garden,RU,"Russian Federation","Perm State University",57.951111111,56.340833333
botanical_garden,RU,"Russian Federation","Peter the Great",59.97009,30.32709
national_park,RU,"Russian Federation","Pleshcheyevo Ozero",56.7625,38.727777777
national_park,RU,"Russian Federation","Pribaikalsky",51.8531,104.882
national_park,RU,"Russian Federation","Prielbrusye",43.38444,42.495
theme_park,RU,"Russian Federation","Primorsky Aquarium",43.013888888,131.93
national_park,RU,"Russian Federation","Pripyshminskiye Bory",56.9798,63.8855
botanical_garden,RU,"Russian Federation","Pyatigorsk State Pharmaceutical Academy",44.04814,42.98212
theme_park,RU,"Russian Federation","Riviera (hotel, Kazan)",55.815474,49.129829
national_park,RU,"Russian Federation","Russian Arctic",75.7,60.9
national_park,RU,"Russian Federation","Russky Sever",59.95638889,38.5675
botanical_garden,RU,"Russian Federation","Saint Petersburg State University",59.941519,30.296984
national_park,RU,"Russian Federation","Salair",53.5,86.4
botanical_garden,RU,"Russian Federation","Samara State University",53.216667,50.179167
national_park,RU,"Russian Federation","Samarskaya Luka",53.3075,49.83027778
national_park,RU,"Russian Federation","Samursky",41.85,48.5
national_park,RU,"Russian Federation","Saylyugemsky",50.007927,87.032594
national_park,RU,"Russian Federation","Sebezhsky",56.1599,28.4212
national_park,RU,"Russian Federation","Sengileevskie Mountains",54,48.6
national_park,RU,"Russian Federation","Sengiley mountains",53.996666666,48.631111111
national_park,RU,"Russian Federation","Shantar Islands",55,137.5
national_park,RU,"Russian Federation","Shorian",52.58333333,88.33333333
national_park,RU,"Russian Federation","Shushensky Bor",53.3,91.96666667
botanical_garden,RU,"Russian Federation","Siberian",56.466388888,84.945833333
botanical_garden,RU,"Russian Federation","Simferopol",44.943197,34.130449
national_park,RU,"Russian Federation","Smolny",54.81,45.4
national_park,RU,"Russian Federation","Sochi",43.467777777,39.935555555
botanical_garden,RU,"Russian Federation","Sochi Arboretum",43.571141,39.742609
theme_park,RU,"Russian Federation","Sochi Park",43.404536,39.964354
botanical_garden,RU,"Russian Federation","South Siberian",53.266666666,83.666666666
botanical_garden,RU,"Russian Federation","South Ural Botanical Garden-Institute",54.727707,56.012964
botanical_garden,RU,"Russian Federation","Southern Federal University's",47.230572,39.659632
botanical_garden,RU,"Russian Federation","Syktyvkar State University",61.64505,50.74947
national_park,RU,"Russian Federation","Taganai",55.2597,59.7925
national_park,RU,"Russian Federation","Tokinsko-Stanovoy",55.6,130.1
theme_park,RU,"Russian Federation","Transvaal Park",55.598055555,37.529444444
botanical_garden,RU,"Russian Federation","Tula Exotarium",54.2087,37.6196
national_park,RU,"Russian Federation","Tunkinsky",51.68333333,102.13333333
national_park,RU,"Russian Federation","Tübän Kama",55.80111111,52.32333333
botanical_garden,RU,"Russian Federation","Tver State University",56.869444444,35.916666666
national_park,RU,"Russian Federation","Udegeyskaya Legenda",45.81666667,135.41666667
national_park,RU,"Russian Federation","Ugra",54.02,35.34
theme_park,RU,"Russian Federation","Universal Studios Moscow",55.577775,37.593176
botanical_garden,RU,"Russian Federation","Urals Branch of the Russian Academy of Sciences",56.795012,60.601
theme_park,RU,"Russian Federation","Utrish Dolphinarium",44.760277777,37.387222222
national_park,RU,"Russian Federation","Valdaysky",57.62778,33.06528
botanical_garden,RU,"Russian Federation","VILAR",55.564372,37.591623
botanical_garden,RU,"Russian Federation","Vladikavkaz Arboretum",42.97762,44.66508
national_park,RU,"Russian Federation","Vodlozersky",62.51,36.52
botanical_garden,RU,"Russian Federation","Volga State University of Technology",56.624194444,47.959547222
botanical_garden,RU,"Russian Federation","Volgodonsk Arboretum",47.513888888,42.133611111
theme_park,RU,"Russian Federation","Voronezhsky tsentralny park",51.6979512,39.2185736
botanical_garden,RU,"Russian Federation","Yekaterinburg Dendrarium",56.829407,60.603487
botanical_garden,RU,"Russian Federation","Yekaterinburg Dendrarium on 8 March Street",56.829407,60.603487
national_park,RU,"Russian Federation","Yugyd Va",64.4631,59.0123
national_park,RU,"Russian Federation","Zavidovo",56.413055555,35.933055555
national_park,RU,"Russian Federation","Zigalga",54.5919,58.5233
national_park,RU,"Russian Federation","Zov Tigra",43.583333333,134.266666666
national_park,RU,"Russian Federation","Zyuratkul",54.8489,58.9406
national_park,RU,"Russian Federation","Национальный парк Смоленское Поозерье",55.5418,31.962
national_park,RW,"Rwanda","Akagera",-1.633333333,30.783333333
botanical_garden,RW,"Rwanda","Arboretum of Ruhande",-2.614,29.753
national_park,RW,"Rwanda","Nyungwe Forest",-2.5282157,29.2758463
national_park,RW,"Rwanda","Volcanoes",-1.4675,29.4925
national_park,KN,"Saint Kitts and Nevis","Brimstone Hill Fortress",17.347,-62.836
botanical_garden,LC,"Saint Lucia","St. Lucia",13.8525,-61.0483
botanical_garden,VC,"Saint Vincent and the Grenadines","St. Vincent",13.166666666,-61.233333333
national_park,WS,"Samoa","Lake Lanoto'o",-13.9,-171.833333333
national_park,WS,"Samoa","O Le Pupu-Puʿe",-13.980449,-171.726025
botanical_garden,ST,"Sao Tome and Principe","Do Bom Sucesso",0.288969,6.612257
theme_park,SA,"Saudi Arabia","Al Hokair Land",24.765166666,46.73725
theme_park,SA,"Saudi Arabia","Al-Shallal",21.5676572,39.1114354
national_park,SA,"Saudi Arabia","Asir",18.310203,42.352294
theme_park,SA,"Saudi Arabia","Beast Land",24.7783152,46.6093588
botanical_garden,SA,"Saudi Arabia","King Abdullah International Gardens",25.08,46.45
theme_park,SA,"Saudi Arabia","Qiddiya",24.570208,46.28327
theme_park,SA,"Saudi Arabia","Six Flags Qiddiya City",24.587990838,46.337734904
national_park,SN,"Senegal","Basse Casamance",12.379444444,-16.563888888
national_park,SN,"Senegal","Djoudj National Bird Sanctuary",16.358494949,-16.27410156
national_park,SN,"Senegal","Îles des Madeleines",14.65,-17.47
national_park,SN,"Senegal","Langue de Barbarie",15.845277777,-16.525277777
national_park,SN,"Senegal","Niokolo-Koba",13.074166666,-12.722222222
national_park,SN,"Senegal","Saloum Delta",13.805659775,-16.757232934
national_park,RS,"Serbia","Đerdap",44.666666666,22.516666666
national_park,RS,"Serbia","Fruška Gora",45.166667,19.666667
botanical_garden,RS,"Serbia","Jevremovac",44.81527778,20.47388889
national_park,RS,"Serbia","Kopaonik",43.28527779,20.81250001
botanical_garden,RS,"Serbia","Kragujevac",44.023611111,20.886666666
national_park,RS,"Serbia","Kučaj-Beljanica",44.096389,21.802222
national_park,RS,"Serbia","Prokletije",42.5327,20.1402
national_park,RS,"Serbia","Stara Planina",43.36147222,22.68611111
national_park,RS,"Serbia","Tara",43.9067,19.305
botanical_garden,RS,"Serbia","Vida Jocić park in Valjevo",44.269388888,19.879472222
national_park,SC,"Seychelles","Baie Ternay Marine",-4.63869,55.3744
national_park,SC,"Seychelles","Morne Seychellois",-4.64674,55.42008
national_park,SC,"Seychelles","National Park",-4.32,55.87
national_park,SC,"Seychelles","Praslin",-4.33333,55.7333
national_park,SC,"Seychelles","Sainte Anne Marine",-4.621111111,55.500277777
botanical_garden,SC,"Seychelles","Victoria",-4.631,55.4512
national_park,SL,"Sierra Leone","Gola",7.5,-10.983333333
national_park,SL,"Sierra Leone","Kuru Hills",9.876675,-12.285455555
national_park,SL,"Sierra Leone","Outamba-Kilimi",9.77194444,-12.02611111
theme_park,SG,"Singapore","Big Splash, Singapore",1.297152,103.899695
theme_park,SG,"Singapore","Escape",1.37972,103.955
theme_park,SG,"Singapore","Gay World",1.310583333,103.87375
theme_park,SG,"Singapore","Great World",1.29375,103.831944444
theme_park,SG,"Singapore","Haw Par Villa",1.284166666,103.782222222
theme_park,SG,"Singapore","Imbiah Lookout",1.256,103.815
theme_park,SG,"Singapore","MegaZip",1.256430555,103.815530555
theme_park,SG,"Singapore","New World",1.310277777,103.857916666
theme_park,SG,"Singapore","NTUC Downtown East",1.37639,103.954
botanical_garden,SG,"Singapore","Singapore",1.3151,103.8162
theme_park,SG,"Singapore","Snow City",1.335166666,103.735194444
theme_park,SG,"Singapore","Tang Dynasty City",1.326472222,103.726111111
theme_park,SG,"Singapore","Universal Studios Singapore",1.255,103.821666666
theme_park,SG,"Singapore","Wild Wild Wet",1.37722,103.954
theme_park,SK,"Slovakia","Aquapark Senec",48.220972,17.415743
theme_park,SK,"Slovakia","Aquapark Tatralandia",49.105996,19.570427
botanical_garden,SK,"Slovakia","Arborétum Borová hora",48.5983333,19.1383333
botanical_garden,SK,"Slovakia","Arboretum Mlynany",48.3197222,18.3688889
botanical_garden,SK,"Slovakia","Comenius University",48.14833333,17.10722222
national_park,SK,"Slovakia","Low Tatras",48.92555556,19.6325
national_park,SK,"Slovakia","Malá Fatra",49.21388889,19.08083333
national_park,SK,"Slovakia","Muránska planina",48.78333333,20.03333333
national_park,SK,"Slovakia","Pieniny",49.4,20.456944444
theme_park,SK,"Slovakia","Plaza Beach Resort",48.98237,21.27177
national_park,SK,"Slovakia","Poloniny",49.07138889,22.53361111
national_park,SK,"Slovakia","Slovak Karst",48.579,20.544
national_park,SK,"Slovakia","Slovak Paradise",48.90833333,20.4
national_park,SK,"Slovakia","Tatra",49.18027778,19.91944444
botanical_garden,SK,"Slovakia","UPJŠ Košice",48.73573,21.23839
national_park,SK,"Slovakia","Veľká Fatra",49.01666667,19.11666667
theme_park,SK,"Slovakia","Waterpark Besenova",49.099864,19.445628
botanical_garden,SI,"Slovenia","Debeli Rtič Arboretum",45.587033333,13.710180555
botanical_garden,SI,"Slovenia","Juliana Alpine",46.399024,13.745513
botanical_garden,SI,"Slovenia","Ljubljana",46.040173027,14.514429395
botanical_garden,SI,"Slovenia","Sežana botanical park",45.710540484,13.87505529
national_park,SI,"Slovenia","Triglav",46.3831,13.8497
botanical_garden,SI,"Slovenia","Volčji Potok Arboretum",46.188363247,14.613445365
national_park,SB,"Solomon Islands","Queen Elizabeth",-9.492777777,159.964444444
national_park,SO,"Somalia","Hargeisa",10,44.5
national_park,SO,"Somalia","Jilib",3.783333,47.116667
national_park,SO,"Somalia","Kismayo",-0.35817283,42.54536538
national_park,SO,"Somalia","Lag Badana-Bushbush",-1.39,41.59
national_park,ZA,"South Africa","Addo Elephant",-33.4461,25.7458
national_park,ZA,"South Africa","Agulhas",-34.82722222,20.00666667
national_park,ZA,"South Africa","Augrabies Falls",-28.591111,20.338333
national_park,ZA,"South Africa","Bontebok",-34.0667,20.45
national_park,ZA,"South Africa","Camdeboo",-32.25,24.5
botanical_garden,ZA,"South Africa","Durban",-29.8467,31.0067
botanical_garden,ZA,"South Africa","Free State National",-29.05222222,26.21083333
national_park,ZA,"South Africa","Garden Route",-34,23.25
botanical_garden,ZA,"South Africa","Garden Route",-33.94722222,22.46333333
theme_park,ZA,"South Africa","Gold Reef City",-26.23611111,28.01222222
national_park,ZA,"South Africa","Golden Gate Highlands",-28.5244,28.6208
national_park,ZA,"South Africa","Grassland",-30.7637,28.1044
national_park,ZA,"South Africa","Greater Kruger",-24.011388888,31.485277777
botanical_garden,ZA,"South Africa","Hantam National",-31.39722222,19.17
botanical_garden,ZA,"South Africa","Harold Porter National",-34.35166667,18.92694444
botanical_garden,ZA,"South Africa","Johannesburg",-26.15,28
national_park,ZA,"South Africa","Karoo",-32.2622,22.3091
botanical_garden,ZA,"South Africa","Karoo Desert National",-33.61611111,19.45083333
botanical_garden,ZA,"South Africa","Kirstenbosch National",-33.9875,18.4325
national_park,ZA,"South Africa","Kruger",-24.011389,31.485278
botanical_garden,ZA,"South Africa","KwaZulu-Natal National",-29.6078,30.3467
botanical_garden,ZA,"South Africa","Kwelera National",-32.90807,28.0662
botanical_garden,ZA,"South Africa","Lowveld National",-25.44444444,30.96611111
botanical_garden,ZA,"South Africa","Makana",-33.3156,26.5209
botanical_garden,ZA,"South Africa","Manie van der Schijff",-25.75194444,28.22888889
national_park,ZA,"South Africa","Mapungubwe",-22.2281,29.2126
national_park,ZA,"South Africa","Marakele",-24.3833,27.6167
national_park,ZA,"South Africa","Meerkat",-30.667,21.445
national_park,ZA,"South Africa","Mokala",-29.1667,24.35
national_park,ZA,"South Africa","Mountain Zebra",-32.25318,25.45297
national_park,ZA,"South Africa","Namaqua",-30.0433,17.5861
botanical_garden,ZA,"South Africa","North-West University",-26.68194722,27.09533056
botanical_garden,ZA,"South Africa","Pretoria National",-25.7386,28.2733
national_park,ZA,"South Africa","QwaQwa",-28.4889,28.7436
theme_park,ZA,"South Africa","Ratanga Junction",-33.898545,18.506205
national_park,ZA,"South Africa","Sodwana Bay",-27.5383,32.6651
botanical_garden,ZA,"South Africa","Stellenbosch University",-33.9361,18.8653
national_park,ZA,"South Africa","Table Mountain",-33.9667,18.425
national_park,ZA,"South Africa","Tankwa Karoo",-32.25,19.75
botanical_garden,ZA,"South Africa","Thohoyandou National",-22.9625,30.465
national_park,ZA,"South Africa","Tokai Park",-34.054675,18.431933
national_park,ZA,"South Africa","Tsitsikamma",-34.021669444,23.895561111
botanical_garden,ZA,"South Africa","University of KwaZulu-Natal",-29.625,30.4039
theme_park,ZA,"South Africa","UShaka Marine World",-29.86666667,31.04333333
botanical_garden,ZA,"South Africa","Walter Sisulu National",-26.087,27.84
national_park,ZA,"South Africa","West Coast",-33.12611111,18.04472222
national_park,ZA,"South Africa","Wilderness",-33.9899,22.6088
theme_park,KR,"South Korea","9.81 Park Jeju",33.39,126.3646
botanical_garden,KR,"South Korea","Ansan",37.314486,126.860833
theme_park,KR,"South Korea","Asan Spavis",36.8778,126.9742
theme_park,KR,"South Korea","Bucheon Fantastic Studio",37.508028,126.744056
national_park,KR,"South Korea","Bukhansan",37.675,126.982
botanical_garden,KR,"South Korea","Byeokchoji Culture Arboretum",37.800731,126.875341
national_park,KR,"South Korea","Byeonsan-bando",35.644,126.586
theme_park,KR,"South Korea","Caribbean Bay",37.29694444,127.20055556
national_park,KR,"South Korea","Chiaksan",37.33,128.047
botanical_garden,KR,"South Korea","Chollipo",36.798956,126.149509
national_park,KR,"South Korea","Dadohaehaesang",34.191,126.7
national_park,KR,"South Korea","Deogyusan",35.864,127.744
theme_park,KR,"South Korea","Deokpyeong Dinosaur Arboretum",37.232319,127.337228
botanical_garden,KR,"South Korea","Deokpyeong Dinosaur Arboretum",37.232319,127.337228
theme_park,KR,"South Korea","Dongchon",35.88281,128.650621
theme_park,KR,"South Korea","E WORLD",35.853304,128.564378
theme_park,KR,"South Korea","Ecoland",33.447126,126.667617
theme_park,KR,"South Korea","Everland",37.29517778,127.20445278
botanical_garden,KR,"South Korea","Gangneung Solhyang Arboretum",37.694863888,128.859086111
national_park,KR,"South Korea","Gayasan",35.816666666,128.116666666
botanical_garden,KR,"South Korea","Geumgang",35.2215,129.0751
theme_park,KR,"South Korea","Geumo Land",36.113,128.316
national_park,KR,"South Korea","Gyeongju",35.8675,129.2225
theme_park,KR,"South Korea","Gyeongju World",35.8355876,129.2806942
national_park,KR,"South Korea","Gyeryongsan",36.361,127.211
national_park,KR,"South Korea","Hallasan",33.36666667,126.53333333
botanical_garden,KR,"South Korea","Hallim Park",33.388888888,126.241666666
national_park,KR,"South Korea","Hallyeohaesang",34.75888889,127.97583333
theme_park,KR,"South Korea","Hallyuwood",37.65,126.8
botanical_garden,KR,"South Korea","Hanbat Arboretum",36.369853,127.388203
botanical_garden,KR,"South Korea","Hongneung Arboretum",37.59306,127.04372
botanical_garden,KR,"South Korea","Hwanghaksan Arboretum",37.277366666,127.647811111
theme_park,KR,"South Korea","Icheon Agricultural",37.179657495,127.445322949
theme_park,KR,"South Korea","Imsil Cheese",35.632777777,127.301388888
botanical_garden,KR,"South Korea","Jade Garden",37.8325,127.5423
theme_park,KR,"South Korea","Jeju Shinhwa World",33.30645,126.3162
national_park,KR,"South Korea","Jirisan",35.29,127.632
national_park,KR,"South Korea","Juwangsan",36.38833333,129.16666667
botanical_garden,KR,"South Korea","Korea National Arboretum",37.754188,127.165276
theme_park,KR,"South Korea","Legoland Korea Resort",37.8839056,127.6947192
theme_park,KR,"South Korea","Lotte World",37.51119444,127.09811111
theme_park,KR,"South Korea","Lotte World Adventure Busan",35.196388888,129.215
theme_park,KR,"South Korea","Miryang Twin Tunnel",35.4664,128.7877
national_park,KR,"South Korea","Mudeungsan",35.144,126.989
botanical_garden,KR,"South Korea","Mulhyanggi Arboretum",37.167114,127.06002
botanical_garden,KR,"South Korea","Murungdowon Arboretum",37.503266666,126.817741666
national_park,KR,"South Korea","Naejangsan",35.432,126.896
botanical_garden,KR,"South Korea","Namsan Outdoor",37.542902809,126.993667924
national_park,KR,"South Korea","Odaesan",37.79527778,128.54305556
theme_park,KR,"South Korea","Okpo Land",34.893638888,128.700416666
botanical_garden,KR,"South Korea","Purpose Arboretum",37.419847222,126.827327777
botanical_garden,KR,"South Korea","Samcheok Rose Park",37.433284,129.177337
botanical_garden,KR,"South Korea","Samseon Mountain Arboretum",36.93,126.656944444
botanical_garden,KR,"South Korea","Sani Garden",34.70906,126.386477
botanical_garden,KR,"South Korea","Sejong National Arboretum",36.494757,127.282967
national_park,KR,"South Korea","Seoraksan",38.125,128.416
botanical_garden,KR,"South Korea","Seoul Botanic Park",37.572341,126.834475
theme_park,KR,"South Korea","Seoul Land",37.43421389,127.019975
national_park,KR,"South Korea","Sobaeksan",36.965,128.507
theme_park,KR,"South Korea","Sol Beach Samcheok Ocean Play",37.471424,129.164133
national_park,KR,"South Korea","Songnisan",36.53333333,127.9
theme_park,KR,"South Korea","Songwol-dong Fairy Tale Village",37.4777,126.6208
theme_park,KR,"South Korea","Starlight Garden Space",37.242107,127.392694
national_park,KR,"South Korea","Taeanhaean",36.7872,126.144
national_park,KR,"South Korea","Taebaeksan",37.1181,128.9156
botanical_garden,KR,"South Korea","Wando Arboretum",34.353888888,126.663888888
national_park,KR,"South Korea","Wolchulsan",34.744,126.675
botanical_garden,KR,"South Korea","Wonju Herb Farm",37.3085,127.9237
national_park,KR,"South Korea","Woraksan",36.835,128.198
botanical_garden,KR,"South Korea","Yeomiji",33.2518,126.415
theme_park,KR,"South Korea","Yongin Agricultural",37.1719031,127.2976314
theme_park,KR,"South Korea","Yongma Land",37.594357213,127.105538442
national_park,SS,"South Sudan","Bandingilo",5.43277778,32.2775
national_park,SS,"South Sudan","Boma",6.489,33.914
national_park,SS,"South Sudan","Lantoto",4.5,29.9
national_park,SS,"South Sudan","Nimule",3.7026,31.9476
national_park,SS,"South Sudan","Shambe",6.98,30.58
national_park,SS,"South Sudan","Southern",6.55,28.28333333
national_park,ES,"Spain","Aigüestortes i Estany de Sant Maurici",42.57722222,0.94777778
botanical_garden,ES,"Spain","Albardinal",36.849458333,-2.043416666
theme_park,ES,"Spain","Angry Birds Activity Park",27.78902,-15.70999
theme_park,ES,"Spain","Aqualand Costa Adeje",28.079388888,-16.727861111
theme_park,ES,"Spain","Aqualand Maspalomas",27.77901,-15.60453
theme_park,ES,"Spain","Aqualandia",38.5451,-0.0924
theme_park,ES,"Spain","Aqualeón",41.2460631,1.4966619
theme_park,ES,"Spain","Aquapark of Cerceda",42.176888888,-8.47
theme_park,ES,"Spain","Aquarama",40.04799,0.05139
theme_park,ES,"Spain","Aquarama Barcelona",41.385119973,2.189060877
botanical_garden,ES,"Spain","Arboreto Giner de los Ríos",40.88875,-3.887417
botanical_garden,ES,"Spain","Arboreto mediterráneo Dehesa del Batán",40.471297,-3.379362
botanical_garden,ES,"Spain","Arboretum La Alfaguara",37.26002,-3.53065
botanical_garden,ES,"Spain","Arboretum, Leioa-Erandio Campus",43.328703,-2.968388
botanical_garden,ES,"Spain","Atlantic",43.521502,-5.615784
national_park,ES,"Spain","Atlantic Islands of Galicia",42.38055556,-8.93333333
theme_park,ES,"Spain","Bahia Park",36.13388889,-5.46027778
botanical_garden,ES,"Spain","Barakaldo",43.292743,-3.000544
botanical_garden,ES,"Spain","Betty Molesworth Botanic Park",36.179,-5.4843
botanical_garden,ES,"Spain","Botanicactus",39.3423,3.06466389
national_park,ES,"Spain","Cabañeros",39.396388888,-4.487222222
national_park,ES,"Spain","Cabrera",39.15833333,2.96666667
botanical_garden,ES,"Spain","Cactualdea",27.958683333,-15.780394444
national_park,ES,"Spain","Caldera de Taburiente",28.753927777,-17.884719444
botanical_garden,ES,"Spain","Canario Viera y Clavijo",28.06361,-15.46333
botanical_garden,ES,"Spain","Castilla-La Mancha",38.975175,-1.86001667
national_park,ES,"Spain","Cíes Islands",42.233333333,-8.9
botanical_garden,ES,"Spain","Colección Blanca Urquijo de rosales antiguos",40.411844444,-3.691916666
botanical_garden,ES,"Spain","Crystal Palace of Arganzuela",40.39371389,-3.69996944
botanical_garden,ES,"Spain","Dehesa Boyal de Puertollano",38.6833,-4.1
botanical_garden,ES,"Spain","Descubrimiento de Vallehermoso",28.185897222,-17.265577777
botanical_garden,ES,"Spain","Desert City",40.598888888,-3.582388888
theme_park,ES,"Spain","Dinópolis",40.332919,-1.080531
national_park,ES,"Spain","Doñana",37.02,-6.44
botanical_garden,ES,"Spain","Dr. Pius Font i Quer Arboretum",41.625806,0.602231
botanical_garden,ES,"Spain","Dunas del Odiel",37.154653937,-6.873856964
botanical_garden,ES,"Spain","Ecoherbes Park",40.812443,0.692047
botanical_garden,ES,"Spain","El Aljibe",36.443944444,-5.747888888
botanical_garden,ES,"Spain","El Arboreto de El Carambolo",37.387279688,-6.03746033
botanical_garden,ES,"Spain","El Castillejo",36.764857064,-5.498554333
botanical_garden,ES,"Spain","El Covacho Botanical Park",28.223219163,-16.415500838
botanical_garden,ES,"Spain","El Robledo",37.866667,-5.616667
botanical_garden,ES,"Spain","Endemismos de Sierra Nevada",37.09587,-3.38777
theme_park,ES,"Spain","Fairground of Montjuic",41.36803333,2.16553056
theme_park,ES,"Spain","Ferrari Land",41.085448888,1.152287719
national_park,ES,"Spain","Garajonay",28.12625,-17.23722222
botanical_garden,ES,"Spain","Gardens of Pazo Quiñones de León",42.212494444,-8.72795
botanical_garden,ES,"Spain","Gardens of Soutomaior Castle",42.329511111,-8.567486111
national_park,ES,"Spain","Guadarrama",40.78333333,-3.98333333
theme_park,ES,"Spain","Hard Rock Entertainment World",41.084722,1.151389
theme_park,ES,"Spain","Hidropark",39.84147,3.1149
botanical_garden,ES,"Spain","Histórico de Barcelona",41.367207,2.15273
botanical_garden,ES,"Spain","Hoya de Pedraza",37.111715936,-3.434179813
theme_park,ES,"Spain","Illa Fantasia",41.50383611,2.36353056
botanical_garden,ES,"Spain","Invernadero de Atocha",40.407047,-3.691417
theme_park,ES,"Spain","Isla Mágica",37.40833,-6.00028
botanical_garden,ES,"Spain","Jardí Botànic de Barcelona",41.3618,2.1587
botanical_garden,ES,"Spain","Jardí Botànic de Cap Roig",41.876285851,3.175193225
botanical_garden,ES,"Spain","Jardí botànic de plantes medicinals",42.24859,2.088471
botanical_garden,ES,"Spain","Jardí Botànic de Sóller",39.7646,2.70959
botanical_garden,ES,"Spain","Jardí Botànic del Museu de Gavà",41.3072,2.00389
botanical_garden,ES,"Spain","Jardín Botánico",36.766294409,-6.349607104
botanical_garden,ES,"Spain","Jardín de Aclimatación de la Orotava",28.411388888,-16.535833333
botanical_garden,ES,"Spain","Jardín de Cactus",29.0804,-13.476281
botanical_garden,ES,"Spain","Jardin de la Marquesa de Arucas",28.124541666,-15.528933333
botanical_garden,ES,"Spain","Jardín histórico de La Cónsula",36.663472652,-4.508020681
botanical_garden,ES,"Spain","Jardín micológico La Trufa",37.408889,-4.477778
botanical_garden,ES,"Spain","Jardins de Ramon Margalef i López",41.36576111,2.15301389
botanical_garden,ES,"Spain","L'Hort de Trenor",39.432272,-0.463382
botanical_garden,ES,"Spain","La Almunya del Sur",36.757524253,-2.863192428
botanical_garden,ES,"Spain","La Concepción",36.76170351,-4.426413977
botanical_garden,ES,"Spain","La Rosaleda del Retiro, Madrid",40.410792,-3.680325
botanical_garden,ES,"Spain","La Universidad de Málaga",36.71563,-4.47166
botanical_garden,ES,"Spain","La Universidad de Valencia",39.477,-0.386689
theme_park,ES,"Spain","Lago Martiánez",28.41944444,-16.54361111
botanical_garden,ES,"Spain","Lluc",39.82347,2.88486
botanical_garden,ES,"Spain","Lourizán",42.41,-8.665
theme_park,ES,"Spain","Marineland Catalunya",41.660833,2.753361
theme_park,ES,"Spain","Marineland Mallorca",39.5329,2.56286
botanical_garden,ES,"Spain","Maspalomas",27.759366,-15.585619
theme_park,ES,"Spain","Mega-Park",39.513974,2.747539
botanical_garden,ES,"Spain","Miranda de Ebro",42.68225,-2.952333333
botanical_garden,ES,"Spain","Molino de Inca",36.631169,-4.511127
national_park,ES,"Spain","Monfragüe",39.82,-5.97
botanical_garden,ES,"Spain","Mora i Bravard",36.780481,-4.834022
botanical_garden,ES,"Spain","Mossèn Costa i Llobera Gardens",41.3689,2.17233
theme_park,ES,"Spain","Movie World Studios",40.2312,-3.5925
theme_park,ES,"Spain","Mudéjar",41.290138,-4.681569
botanical_garden,ES,"Spain","Museo Ampelográfico de El Encín",40.5234115,-3.2923777
theme_park,ES,"Spain","Oasys MiniHollywood",37.020382,-2.432244
botanical_garden,ES,"Spain","Olarizu",42.8276337,-2.6633777
botanical_garden,ES,"Spain","Orchidarium Estepona",36.429804301,-5.146815871
national_park,ES,"Spain","Ordesa y Monte Perdido",42.671666666,0.055555555
botanical_garden,ES,"Spain","Palmetum of Santa Cruz de Tenerife",28.45194444,-16.25583333
theme_park,ES,"Spain","Palmitos Park",27.835277777,-15.616111111
botanical_garden,ES,"Spain","Palmitos Park",27.835277777,-15.616111111
botanical_garden,ES,"Spain","Parc de Cervantes",41.384392,2.105749
theme_park,ES,"Spain","Parque de Atracciones de Madrid",40.41277778,-3.75083333
theme_park,ES,"Spain","Parque de Atracciones de Vizcaya",43.25388889,-2.86638889
botanical_garden,ES,"Spain","Parque Forestal Periurbano Bosquesur",40.304580555,-3.793844444
theme_park,ES,"Spain","Parque Marítimo César Manrique",28.45416667,-16.255
theme_park,ES,"Spain","Parque Warner Madrid",40.23170824,-3.59429419
national_park,ES,"Spain","Picos de Europa",43.21,-4.84
theme_park,ES,"Spain","Pirenarium",42.506222222,-0.355916666
theme_park,ES,"Spain","Piscinas Naturales de Bajamar",28.5564,-16.3445
theme_park,ES,"Spain","PortAventura Caribe Aquatic Park",41.088,1.1536
theme_park,ES,"Spain","PortAventura Park",41.087777777,1.157777777
theme_park,ES,"Spain","Puy du Fou España",39.8351547,-4.0925199
botanical_garden,ES,"Spain","Real Alfonso XIII",40.447466666,-3.726130555
botanical_garden,ES,"Spain","Real Juan Carlos I",40.50608333,-3.34205556
botanical_garden,ES,"Spain","Real of Madrid",40.41087,-3.691398
botanical_garden,ES,"Spain","Ría do Burgo",43.316,-8.36281
theme_park,ES,"Spain","Rio Tinto Mining Park",37.693534366,-6.59656976
botanical_garden,ES,"Spain","Rosaleda Francisco Sabadell",41.652969,-4.732816
botanical_garden,ES,"Spain","Rosaleda Gardens",40.42653,-3.72147
botanical_garden,ES,"Spain","Roserar Dot i Camprubí",41.39006,2.04537
botanical_garden,ES,"Spain","Royal of Cordoba",37.869944444,-4.785472222
botanical_garden,ES,"Spain","San Fernando",36.473305555,-6.200888888
botanical_garden,ES,"Spain","Santa Catalina",42.84944444,-2.8075
botanical_garden,ES,"Spain","Santillana Zoo",43.3811,-4.10289
theme_park,ES,"Spain","Selwo Aventura",36.462557,-5.085613
theme_park,ES,"Spain","Siam Park",28.071764,-16.726573
national_park,ES,"Spain","Sierra de las Nieves",36.73,-4.98
national_park,ES,"Spain","Sierra Nevada National and Natural Park",37.1,-3.09
theme_park,ES,"Spain","Sioux City Park",27.78621,-15.53487
national_park,ES,"Spain","Tablas de Daimiel",39.1449,-3.702
national_park,ES,"Spain","Teide",28.2647,-16.6181
theme_park,ES,"Spain","Terra Mítica",38.560278,-0.158889
theme_park,ES,"Spain","Texas Hollywood",37.0487,-2.42127
theme_park,ES,"Spain","Tibidabo",41.421751,2.120044
national_park,ES,"Spain","Timanfaya",29.011388888,-13.779722222
theme_park,ES,"Spain","Tivoli World",36.6008,-4.54059
botanical_garden,ES,"Spain","University of Granada",37.17777778,-3.6025
theme_park,ES,"Spain","WaterWorld",41.7075,2.8275
theme_park,ES,"Spain","Western Leone",37.0322,-2.44641
theme_park,ES,"Spain","Western Water Park",39.50702,2.51678
botanical_garden,ES,"Spain","Xardín botánico Fundación Sales",42.214932812,-8.762822653
botanical_garden,ES,"Spain","Zaragoza",41.6344,-0.8956
theme_park,ES,"Spain","Zaragoza",41.6204,-0.900348
botanical_garden,ES,"Spain","Zoobotánico Jerez",36.690192,-6.149136
national_park,LK,"Sri Lanka","Adam's Bridge Marine",9.07083333,79.62833333
national_park,LK,"Sri Lanka","Angammedilla",7.90117778,80.93714167
national_park,LK,"Sri Lanka","Bundala",6.213888888,81.225
national_park,LK,"Sri Lanka","Chundikkulam",9.49861111,80.50694444
national_park,LK,"Sri Lanka","Delft",9.49722222,79.7
national_park,LK,"Sri Lanka","Flood Plains",7.91813,81.08665
national_park,LK,"Sri Lanka","Gal Oya",7.21666667,81.36666667
national_park,LK,"Sri Lanka","Galway's Land",6.96666667,80.77722222
botanical_garden,LK,"Sri Lanka","Gampaha",7.09889,79.9861
botanical_garden,LK,"Sri Lanka","Hakgala",6.91667,80.7667
botanical_garden,LK,"Sri Lanka","Henarathgoda",7.1,79.9861
national_park,LK,"Sri Lanka","Hikkaduwa",6.145,80.0925
national_park,LK,"Sri Lanka","Horagolla",7.13944444,80.08555556
national_park,LK,"Sri Lanka","Horowpathana",8.6192525,80.8301721
national_park,LK,"Sri Lanka","Horton Plains",6.8,80.8
national_park,LK,"Sri Lanka","Kaudulla",8.16111111,80.905
national_park,LK,"Sri Lanka","Kumana",6.51305556,81.68777778
national_park,LK,"Sri Lanka","Lahugala Kitulana",6.88333333,81.66666667
national_park,LK,"Sri Lanka","Lunugamvehera",6.38333333,81.23333333
national_park,LK,"Sri Lanka","Madhu Road",8.93055556,80.21388889
national_park,LK,"Sri Lanka","Maduru Oya",7.57583333,81.14277778
national_park,LK,"Sri Lanka","Minneriya",7.97888889,80.84888889
botanical_garden,LK,"Sri Lanka","Mirijjawila",6.12417,81.1225
national_park,LK,"Sri Lanka","Pigeon Island",8.716666666,81.2
botanical_garden,LK,"Sri Lanka","Royal Botanic Gardens, Peradeniya",7.27111,80.5956
botanical_garden,LK,"Sri Lanka","Seetawaka",6.95306,80.2183
national_park,LK,"Sri Lanka","Somawathiya",8.12083333,81.16888889
national_park,LK,"Sri Lanka","Udawalawe",6.438344444,80.888455555
national_park,LK,"Sri Lanka","Ussangoda",6.1,80.9894
national_park,LK,"Sri Lanka","Wasgamuwa",7.71667,80.9333
national_park,LK,"Sri Lanka","Wilpattu",8.43333,80
national_park,LK,"Sri Lanka","Yala",6.26666667,81.33333333
theme_park,PS,"State of Palestine","Mega Land, Tulkarm",32.321668,35.029965
national_park,PS,"State of Palestine","Mount Gerizim",32.201151085,35.273541644
national_park,PS,"State of Palestine","Qumran",31.741900825,35.459944301
national_park,SD,"Sudan","Dinder",12,35.2333
national_park,SD,"Sudan","Radom",9.3667,24.1167
national_park,SD,"Sudan","Suakin Archipelago",18.7386,38.4882
botanical_garden,SD,"Sudan","Sudan National",15.601911,32.509125
national_park,SD,"Sudan","Wadi Howar",17.8,26.9
national_park,SE,"Sweden","Abisko",68.324299485,18.680730666
botanical_garden,SE,"Sweden","Åkeshovs arboretum",59.341805555,17.923055555
botanical_garden,SE,"Sweden","Alnarp Park Arboretum",55.65444444,13.07777778
national_park,SE,"Sweden","Ängsö",59.623611111,18.763888888
national_park,SE,"Sweden","Åsnen",56.610352381,14.661289399
theme_park,SE,"Sweden","Astrid Lindgren's World",57.674444444,15.843611111
botanical_garden,SE,"Sweden","Bergian",59.369722222,18.046111111
national_park,SE,"Sweden","Björnlandet",63.974039971,18.01487125
national_park,SE,"Sweden","Blå Jungfrun",57.252018693,16.793488545
botanical_garden,SE,"Sweden","Botaniska trädgården",55.70388889,13.20277778
national_park,SE,"Sweden","Dalby Söderskog",55.675,13.330555555
national_park,SE,"Sweden","Djurö",58.846795728,13.465248392
national_park,SE,"Sweden","Färnebofjärden",60.201206796,16.784154195
botanical_garden,SE,"Sweden","Fredriksdal Museums and Gardens",56.05591667,12.70958333
national_park,SE,"Sweden","Fulufjället",61.545606648,12.739430291
theme_park,SE,"Sweden","Furuviksparken",60.65138889,17.33277778
theme_park,SE,"Sweden","Fyrishov",59.87083333,17.62361111
national_park,SE,"Sweden","Garphyttan",59.280229102,14.89284014
botanical_garden,SE,"Sweden","Gothenburg",57.68288056,11.95038889
national_park,SE,"Sweden","Gotska Sandön",58.366313996,19.246057234
theme_park,SE,"Sweden","Gröna Lund",59.323055555,18.096111111
theme_park,SE,"Sweden","Gustavsvik",59.26111111,15.19305556
theme_park,SE,"Sweden","Halmstad",56.66638889,12.81722222
national_park,SE,"Sweden","Hamra",61.756866112,14.807980747
national_park,SE,"Sweden","Haparanda Archipelago",65.604909128,23.769575215
theme_park,SE,"Sweden","High Chaparral",57.26333333,13.82722222
theme_park,SE,"Sweden","Husbybadet",59.41183333,17.92263889
botanical_garden,SE,"Sweden","Jokkmokks fjällträdgård",66.5997,19.8433
theme_park,SE,"Sweden","Kabe sommarland",57.763664,14.142881
botanical_garden,SE,"Sweden","Kärrhults gård",57.128222222,13.329222222
national_park,SE,"Sweden","Kosterhavet",58.826830949,11.008021187
botanical_garden,SE,"Sweden","Lassas Hagar",59.570833333,19.054166666
botanical_garden,SE,"Sweden","Linnaean Garden",59.862222222,17.633888888
botanical_garden,SE,"Sweden","Linnés arboretum",56.846,14.7958
theme_park,SE,"Sweden","Liseberg",57.695555555,11.99
theme_park,SE,"Sweden","Liseberg Oceana",57.6904,11.994916666
national_park,SE,"Sweden","Muddus",66.916315609,20.197333508
national_park,SE,"Sweden","Nämdö archipelago",59.122222222,18.855555555
botanical_garden,SE,"Sweden","Nobelparken",59.331944444,18.098888888
national_park,SE,"Sweden","Norra Kvill",57.763727856,15.59356756
botanical_garden,SE,"Sweden","Northern Arboretum",63.84,20.116111111
theme_park,SE,"Sweden","Öland Zoo and",56.670555555,16.490277777
national_park,SE,"Sweden","Padjelanta",67.410021653,16.721859465
national_park,SE,"Sweden","Pieljekaise",66.354300785,16.768257591
national_park,SE,"Sweden","Royal National City Park",59.36166667,18.07361111
theme_park,SE,"Sweden","Santaworld",60.87944444,14.51777778
national_park,SE,"Sweden","Sarek",67.288339383,17.669138525
theme_park,SE,"Sweden","Simhallsbadet, Malmö",55.59944444,12.99277778
theme_park,SE,"Sweden","Skara Sommarland",58.4042,13.5523
national_park,SE,"Sweden","Skuleskogen",63.110978284,18.484165611
national_park,SE,"Sweden","Sonfjället",62.277494331,13.551749514
national_park,SE,"Sweden","Söderåsen",56.02414328,13.230089159
national_park,SE,"Sweden","Stenshuvud",55.657843865,14.26991932
national_park,SE,"Sweden","Stora Sjöfallet",67.566898179,17.993649696
national_park,SE,"Sweden","Store Mosse",57.284936793,13.943826842
botanical_garden,SE,"Sweden","The Knowledge Garden at the Swedish University of Agricultural Sciences",59.81575,17.663361111
national_park,SE,"Sweden","Tiveden",58.716146467,14.612543028
theme_park,SE,"Sweden","Tosselilla Summer Park",55.553055555,13.906111111
national_park,SE,"Sweden","Töfsingdalen",62.165371315,12.480094664
national_park,SE,"Sweden","Tresticklan",59.02558746,11.757662068
national_park,SE,"Sweden","Tyresta",59.184227615,18.281203682
botanical_garden,SE,"Sweden","Uppsala",59.8525,17.62916667
national_park,SE,"Sweden","Vadvetjåkka",68.541278472,18.43265553
botanical_garden,SE,"Sweden","Visby",57.643889,18.294167
theme_park,SE,"Sweden","Ystad Arena",55.4338,13.8324
theme_park,CH,"Switzerland","Alpamare",47.1992,8.79083
theme_park,CH,"Switzerland","Aquaparc",46.38939167,6.86190556
botanical_garden,CH,"Switzerland","Arboretum Zürich",47.362722222,8.536452777
botanical_garden,CH,"Switzerland","Bern",46.9527,7.44491
botanical_garden,CH,"Switzerland","Brissago",46.132,8.7356
botanical_garden,CH,"Switzerland","Brissago botanical park",46.13246,8.73529
theme_park,CH,"Switzerland","Conny-Land",47.61416667,9.05666667
botanical_garden,CH,"Switzerland","Conservatory and of the City of Geneva",46.226118,6.146168
botanical_garden,CH,"Switzerland","Duftrosengarten Rapperswil",47.227566666,8.818777777
botanical_garden,CH,"Switzerland","Flore-Alpe",46.0328,7.11267
theme_park,CH,"Switzerland","Happyland",46.26194444,7.45555556
theme_park,CH,"Switzerland","Heididorf",47.01322,9.54544
botanical_garden,CH,"Switzerland","Jardin alpin La Rambertia",46.431745669,6.983042079
theme_park,CH,"Switzerland","Jungfrau Park",46.682222,7.888056
botanical_garden,CH,"Switzerland","Jurassica Museum (institution)",47.41422,7.07783
botanical_garden,CH,"Switzerland","La Thomasia",46.25096,7.11066
botanical_garden,CH,"Switzerland","Meyrin",46.226845765,6.08041599
botanical_garden,CH,"Switzerland","Old Botanical Garden, Zurich",47.371111111,8.533611111
botanical_garden,CH,"Switzerland","Rapperswil Rose Gardens",47.2264,8.81291
national_park,CH,"Switzerland","Rheinfall",47.6779,8.6153
botanical_garden,CH,"Switzerland","Rose Garden Bern",46.9519,7.46028
botanical_garden,CH,"Switzerland","Schynige Platte Alpine Garden",46.6535,7.91161
theme_park,CH,"Switzerland","Splash & Spa Tamaro",46.126111111,8.920833333
botanical_garden,CH,"Switzerland","St. Gallen",47.439876,9.407532
botanical_garden,CH,"Switzerland","Sukkulenten-Sammlung Zürich",47.356111111,8.535
national_park,CH,"Switzerland","Swiss",46.7,10.095
botanical_garden,CH,"Switzerland","Tropenhaus Frutigen",46.593255555,7.656080555
botanical_garden,CH,"Switzerland","University of Basel",47.558611111,7.581666666
botanical_garden,CH,"Switzerland","University of Zurich",47.358647222,8.561105555
botanical_garden,CH,"Switzerland","Zürich Zoo Masoala Hall",47.3847,8.57869
theme_park,SY,"Syrian Arab Republic","Aqua Fresca",33.67755,36.36437
national_park,SY,"Syrian Arab Republic","Kursi",32.826086111,35.650377777
national_park,SY,"Syrian Arab Republic","Nimrod Fortress",33.252777777,35.714722222
theme_park,TW,"Taiwan, Province of China","Bada Forest Paradise",22.54822222,120.5575
theme_park,TW,"Taiwan, Province of China","Bopomo Houyuan",24.735833333,121.005555555
botanical_garden,TW,"Taiwan, Province of China","Chiayi",23.48333333,120.46838889
theme_park,TW,"Taiwan, Province of China","Chinese Culture and Movie Center",25.09697778,121.54534722
botanical_garden,TW,"Taiwan, Province of China","Dapingding",22.556,120.39
national_park,TW,"Taiwan, Province of China","Dongsha Atoll",20.71666667,116.7
theme_park,TW,"Taiwan, Province of China","Dongshan River Water Park",24.6723,121.812
theme_park,TW,"Taiwan, Province of China","E-DA",22.72861111,120.40666667
theme_park,TW,"Taiwan, Province of China","Farglory Ocean Park",23.90111111,121.60138889
theme_park,TW,"Taiwan, Province of China","Formosa Fun Coast",25.14472222,121.39027778
theme_park,TW,"Taiwan, Province of China","Formosan Aboriginal Culture Village",23.86805556,120.94777778
botanical_garden,TW,"Taiwan, Province of China","Fushan",24.75969444,121.59030556
botanical_garden,TW,"Taiwan, Province of China","Gaofeng",24.785485,120.984063
theme_park,TW,"Taiwan, Province of China","Guqifeng",24.780412,120.977312
theme_park,TW,"Taiwan, Province of China","Janfusun Fancyworld",23.62008333,120.57789444
national_park,TW,"Taiwan, Province of China","Kenting",21.98,120.79694444
national_park,TW,"Taiwan, Province of China","Kinmen",24.4477,118.364
theme_park,TW,"Taiwan, Province of China","Leofoo Village",24.82111111,121.18166667
theme_park,TW,"Taiwan, Province of China","Lihpao Land",24.3225,120.695555555
theme_park,TW,"Taiwan, Province of China","Little Ding-Dong Science Park",24.86916667,120.97972222
theme_park,TW,"Taiwan, Province of China","Otherworld",23.59,120.525555555
botanical_garden,TW,"Taiwan, Province of China","Primeval Plant Display Area",23.949361111,120.848694444
theme_park,TW,"Taiwan, Province of China","Shang Shun Mall",24.689975816,120.905842417
theme_park,TW,"Taiwan, Province of China","Shangrila Paradise",24.622777777,120.840277777
national_park,TW,"Taiwan, Province of China","Shei-Pa",24.414722222,121.287222222
national_park,TW,"Taiwan, Province of China","South Penghu Marine",23.25,119.666666666
theme_park,TW,"Taiwan, Province of China","Suzuka Circuit Park",22.5834212,120.3286197
botanical_garden,TW,"Taiwan, Province of China","Taichung",24.158083333,120.668166666
national_park,TW,"Taiwan, Province of China","Taijiang",23.063,120.055
botanical_garden,TW,"Taiwan, Province of China","Taipei",25.0323,121.51
theme_park,TW,"Taiwan, Province of China","Taipei Children's",25.0972,121.515
theme_park,TW,"Taiwan, Province of China","Taipei Water Park",25.0125,121.533
theme_park,TW,"Taiwan, Province of China","Taiwan Studio City",23.3156,120.445
national_park,TW,"Taiwan, Province of China","Taroko",24.166667,121.333333
theme_park,TW,"Taiwan, Province of China","Taroko Park",22.5835,120.329666666
theme_park,TW,"Taiwan, Province of China","West Lake Resortopia",24.3908,120.759
theme_park,TW,"Taiwan, Province of China","Window on China",24.8319,121.186
theme_park,TW,"Taiwan, Province of China","Woozland",23.06805,120.126051
theme_park,TW,"Taiwan, Province of China","Xpark",25.0172,121.2141
national_park,TW,"Taiwan, Province of China","Yangmingshan",25.1775,121.5475
national_park,TW,"Taiwan, Province of China","Yushan",23.47,120.957266666
botanical_garden,TJ,"Tajikistan","Dushanbe",38.603753,68.780521
theme_park,TJ,"Tajikistan","Dushanbe aquapark",38.576809,68.733788
national_park,TJ,"Tajikistan","Pamir",38.741231,72.119751
national_park,TJ,"Tajikistan","Shirkent",38.725698,68.234711
national_park,TJ,"Tajikistan","Yaghnob National Nature Park",39.195114,69.102972
national_park,TH,"Thailand","Ao Manao - Khao Tanyong",6.426388888,101.858305555
national_park,TH,"Thailand","Ao Phang Nga",8.261943178,98.498474673
national_park,TH,"Thailand","Ao Siam",11.210277777,99.523166666
national_park,TH,"Thailand","Bang lang",6.0083,101.16
national_park,TH,"Thailand","Budo–Su-ngai Padi",6.467,101.63
botanical_garden,TH,"Thailand","Butterfly Farm",7.584327,99.067996
theme_park,TH,"Thailand","Cartoon Network Amazone Waterpark",12.7851,100.9143
national_park,TH,"Thailand","Chae Son",18.83475,99.46916667
national_park,TH,"Thailand","Chaloem Phra Kiat Thai Prachan",13.267777777,99.554166666
national_park,TH,"Thailand","Chaloem Rattanakosin",14.66666667,99.3
national_park,TH,"Thailand","Doi Chong",17.917289,99.249964
national_park,TH,"Thailand","Doi Inthanon",18.5,98.6
national_park,TH,"Thailand","Doi Khun Tan",18.49052,99.27882
national_park,TH,"Thailand","Doi Luang",19.4522461,99.757054
national_park,TH,"Thailand","Doi Pha Hom Pok",19.98777778,99.14638889
national_park,TH,"Thailand","Doi Pha Klong",18.16027778,99.95138889
national_park,TH,"Thailand","Doi Phu Kha",19.21305556,100.98138889
national_park,TH,"Thailand","Doi Phu Nang",19,100.16
national_park,TH,"Thailand","Doi Suthep-Pui",18.80944444,98.91597222
national_park,TH,"Thailand","Doi Wiang Pha",19.6775,99.198333333
theme_park,TH,"Thailand","Dream World",13.9875,100.675
national_park,TH,"Thailand","Erawan",14.383333333,99.116666666
theme_park,TH,"Thailand","Farm Chokchai",14.652946944,101.350296944
botanical_garden,TH,"Thailand","Green Farm",7.58686,99.069603
theme_park,TH,"Thailand","Happyland",13.77961,100.640516
national_park,TH,"Thailand","Hat Chao Mai",7.397,99.33
national_park,TH,"Thailand","Hat Khanom–Mu Ko Thale Tai",9.21666667,99.85
national_park,TH,"Thailand","Hat Noppharat Thara–Mu Ko Phi Phi",7.8934285,98.7657319
national_park,TH,"Thailand","Hat Wanakon",11.652486,99.7048543
botanical_garden,TH,"Thailand","Her Majesty The Queen's 60th Birthday Anniversary Doi Suthep",18.7405,98.9118
national_park,TH,"Thailand","Huai Nam Dang",19.3008,98.601780555
national_park,TH,"Thailand","James Bond Island (Ko Tapu)",8.274444,98.501667
national_park,TH,"Thailand","Kaeng Krachan",12.798888888,99.453333333
national_park,TH,"Thailand","Kaeng Krung",9.3,98.86666667
national_park,TH,"Thailand","Kaeng Tana",15.29722222,105.47361111
national_park,TH,"Thailand","Khao Chamao – Khao Wong",12.91301389,101.72238333
national_park,TH,"Thailand","Khao Khitchakut",12.84555556,102.15972222
national_park,TH,"Thailand","Khao Kho",16.619722,101.038056
national_park,TH,"Thailand","Khao Laem",15.02222222,98.59722222
national_park,TH,"Thailand","Khao Laem Ya – Mu Ko Samet",12.59083333,101.41694444
national_park,TH,"Thailand","Khao Lak-Lam Ru",8.69833333,98.28027778
national_park,TH,"Thailand","Khao Lampi-Hat Thai Mueang",8.42277778,98.24138889
national_park,TH,"Thailand","Khao Luang",8.42075348,99.69543457
national_park,TH,"Thailand","Khao Nam Khang",6.5564,100.5958
national_park,TH,"Thailand","Khao Nan",8.75,99.7
national_park,TH,"Thailand","Khao Phanom Bencha",8.2353,98.9312
national_park,TH,"Thailand","Khao Phra Wihan",14.445069444,104.732922222
botanical_garden,TH,"Thailand","Khao Phut Thong Arboretum",9.362446517,99.170499647
national_park,TH,"Thailand","Khao Pu - Khao Ya",7.75305556,99.77916667
national_park,TH,"Thailand","Khao Sam Roi Yot",12.1825,99.94833333
national_park,TH,"Thailand","Khao Sip Ha Chan",12.92305556,101.7508333
national_park,TH,"Thailand","Khao Sok",8.936667,98.530278
national_park,TH,"Thailand","Khao Yai",14.35,101.44
national_park,TH,"Thailand","Khlong Lan",16.159,99.19
national_park,TH,"Thailand","Khlong Phanom",8.86666667,98.7
national_park,TH,"Thailand","Khlong Wang Chao",16.632375,99.244944
national_park,TH,"Thailand","Khuean Srinagarindra",14.74416667,99.03611111
national_park,TH,"Thailand","Khun Chae",19.1531,99.4672
national_park,TH,"Thailand","Khun Khan",18.85388889,98.62194444
national_park,TH,"Thailand","Khun Nan",19.18305556,101.1775
national_park,TH,"Thailand","Khun Phawo",17.038521111,98.627721944
national_park,TH,"Thailand","Khun Sathan",18.277166,100.521151
national_park,TH,"Thailand","Khwae Noi",17.09305556,100.62277778
national_park,TH,"Thailand","Kui Buri",12.05166667,99.55722222
national_park,TH,"Thailand","Laem Son",9.28333333,98.51666667
national_park,TH,"Thailand","Lam Khlong Ngu",14.87166667,98.87222222
national_park,TH,"Thailand","Lam Nam Kok",19.95444444,99.71083333
national_park,TH,"Thailand","Lam Nam Kra Buri",10.084355,98.662816
national_park,TH,"Thailand","Lam Nam Nan",18.0633,100.549
national_park,TH,"Thailand","Lan Sang",16.78333333,99.01666667
theme_park,TH,"Thailand","Lanta Haven Waterpark",7.542199,99.082577
national_park,TH,"Thailand","Mae Charim",18.6,100.96666667
botanical_garden,TH,"Thailand","Mae Fa Luang Arboretum",20.33237,99.79519
national_park,TH,"Thailand","Mae Moei",17.48184,98.07336
national_park,TH,"Thailand","Mae Ngao",17.84611111,97.97666667
national_park,TH,"Thailand","Mae Ping",17.56666667,98.8
national_park,TH,"Thailand","Mae Puem",19.30722222,99.89805556
national_park,TH,"Thailand","Mae Ta Khrai",18.966432,99.242096
national_park,TH,"Thailand","Mae Tho",18.24944444,98.20638889
national_park,TH,"Thailand","Mae Wa",17.3719,99.2589
national_park,TH,"Thailand","Mae Wang",18.526944444,98.718888888
national_park,TH,"Thailand","Mae Wong",16.03972222,99.23444444
national_park,TH,"Thailand","Mae Yom",18.74583333,100.19583333
national_park,TH,"Thailand","Mu Ko Ang Thong",9.62277778,99.675
national_park,TH,"Thailand","Mu Ko Chang",11.979,102.368
national_park,TH,"Thailand","Mu Ko Chumphon",10.35638889,99.23166667
national_park,TH,"Thailand","Mu Ko Lanta",7.484,99.099
national_park,TH,"Thailand","Mu Ko Phetra",6.85,99.53333333
national_park,TH,"Thailand","Mu Ko Ranong",9.73681411,98.40197539
national_park,TH,"Thailand","Mu Ko Surin",9.416666666,97.866666666
national_park,TH,"Thailand","Na Yung–Nam Som",17.896625,102.15007194
national_park,TH,"Thailand","Nam Nao",16.73361111,101.56305556
national_park,TH,"Thailand","Nam Phong",16.75277778,102.7922222
national_park,TH,"Thailand","Nam Tok Huai Yang",11.625473,99.614629
national_park,TH,"Thailand","Nam Tok Khlong Kaeo",12.61666667,102.5666667
national_park,TH,"Thailand","Nam Tok Pha Charoen",16.50802194,98.70308472
national_park,TH,"Thailand","Nam Tok Sai Khao",7.8383862,99.7787594
national_park,TH,"Thailand","Nam Tok Si Khit",9.003002,99.704714
national_park,TH,"Thailand","Nam Tok Yong",8.1715423,99.7412088
national_park,TH,"Thailand","Namtok Chat Trakan",17.15,100.84722222
national_park,TH,"Thailand","Namtok Chet Sao Noi",14.726111,101.189167
national_park,TH,"Thailand","Namtok Mae Surin",19.14055556,98.03277778
national_park,TH,"Thailand","Namtok Ngao",9.856312,98.627677
national_park,TH,"Thailand","Namtok Phlio",12.52527778,102.17694444
national_park,TH,"Thailand","Namtok Sam Lan",14.43722222,100.96305556
national_park,TH,"Thailand","Namtok Si Po",6.24611111,101.6483333
national_park,TH,"Thailand","Nanthaburi",19.09805556,100.6494444
botanical_garden,TH,"Thailand","Nong Nooch",12.766666666,100.933333333
national_park,TH,"Thailand","Op Khan",18.73083333,98.84166667
national_park,TH,"Thailand","Op Luang",18.2231,98.4811
national_park,TH,"Thailand","Pa Hin Ngam",15.65944444,101.39
national_park,TH,"Thailand","Pang Sida",14.08,102.26
national_park,TH,"Thailand","Pha Daeng",19.36666667,98.96666667
national_park,TH,"Thailand","Pha Taem",15.4,105.51666667
national_park,TH,"Thailand","Phi Phi Islands",7.7407,98.7784
national_park,TH,"Thailand","Phu Chong-Na Yoi",14.53333333,105.38583333
national_park,TH,"Thailand","Phu Hin Rong Kla",16.97666667,101.04
national_park,TH,"Thailand","Phu Kao - Phu Phan Kham",16.7677274,102.55737305
national_park,TH,"Thailand","Phu Kradueng",16.86916667,101.83638889
national_park,TH,"Thailand","Phu Laen Kha",16.010093,101.890619
national_park,TH,"Thailand","Phu Pha Lek",17,103.836111111
national_park,TH,"Thailand","Phu Pha Man",16.743888888,102.001111111
national_park,TH,"Thailand","Phu Pha Thoep",16.4392,104.757
national_park,TH,"Thailand","Phu Pha Yon",16.982805555,104.069388888
national_park,TH,"Thailand","Phu Phan",17.0625,103.97277778
national_park,TH,"Thailand","Phu Ruea",17.51472222,101.34472222
national_park,TH,"Thailand","Phu Sa Dok Bua",16.20277778,104.8
national_park,TH,"Thailand","Phu Sang",19.585088967,100.419515819
national_park,TH,"Thailand","Phu Soi Dao",17.73333333,101
national_park,TH,"Thailand","Phu Suan Sai",17.503857,100.939391
national_park,TH,"Thailand","Phu Toei",14.909,99.46
national_park,TH,"Thailand","Phu Wiang",16.67833333,102.35361111
botanical_garden,TH,"Thailand","Queen Sirikit",18.6949,98.7897
botanical_garden,TH,"Thailand","Queen Sirikit Park",13.80666667,100.55
theme_park,TH,"Thailand","Ramayana Water Park",12.75027778,100.96027778
national_park,TH,"Thailand","Ramkhamhaeng",16.90833333,99.65
theme_park,TH,"Thailand","Rattana Resort & Waterpark",7.6710819,99.0457237
national_park,TH,"Thailand","Sai Thong",15.871388888,101.515
national_park,TH,"Thailand","Sai Yok",14.41777778,98.74722222
botanical_garden,TH,"Thailand","Sakunothayan Arboretum",16.838055555,100.532222222
national_park,TH,"Thailand","Salawin",18.09,97.75
national_park,TH,"Thailand","Si Lanna",19.28222222,99.09111111
botanical_garden,TH,"Thailand","Si Nakhon Khuean Khan Park and",13.6975,100.565
national_park,TH,"Thailand","Si Nan",18.36777778,100.8375
national_park,TH,"Thailand","Si Phang Nga",9.148,98.472
national_park,TH,"Thailand","Si Satchanalai",17.58,99.51
theme_park,TH,"Thailand","Siam Park City",13.805242,100.697229
national_park,TH,"Thailand","Similan Islands",8.65383258,97.63549805
national_park,TH,"Thailand","Sirinat",8.08805556,98.29611111
national_park,TH,"Thailand","Ta Phraya",14.12,102.66
national_park,TH,"Thailand","Tai Romyen",8.86667,99.45
national_park,TH,"Thailand","Taksin Maharat",16.7808,98.9286
national_park,TH,"Thailand","Tarutao",6.595277777,99.644722222
national_park,TH,"Thailand","Tat Mok",16.4681,101.39
national_park,TH,"Thailand","Tat Ton",15.9878,102.041
national_park,TH,"Thailand","Thale Ban",6.47278,100.134
national_park,TH,"Thailand","Tham Pha Thai",18.605353,99.897587
national_park,TH,"Thailand","Tham Pla - Namtok Pha Suea",19.5022,98.0064
national_park,TH,"Thailand","Tham Sakoen",19.3814,100.5388
national_park,TH,"Thailand","Than Bok Khorani",8.388471,98.734685
national_park,TH,"Thailand","Than Sadet – Ko Pha-ngan",9.75,100.074
national_park,TH,"Thailand","Thap Lan",14.2,101.917
national_park,TH,"Thailand","Thong Pha Phum",14.6928,98.4036
national_park,TH,"Thailand","Thung Salaeng Luang",16.8278,100.87
national_park,TH,"Thailand","Ton Sak Yai",17.65,100.566666666
botanical_garden,TH,"Thailand","Tweechol",18.85755,99.09821
national_park,TH,"Thailand","Wiang Kosai",17.93,99.55
theme_park,MK,"The Republic of North Macedonia","Aqua Park Macedonia",42.005446634,22.175981284
national_park,MK,"The Republic of North Macedonia","Galičica",41,20.85
national_park,MK,"The Republic of North Macedonia","Mavrovo",41.637222222,20.666944444
national_park,MK,"The Republic of North Macedonia","Pelister",40.981,21.191
national_park,MK,"The Republic of North Macedonia","Šar Planina",42,20.75
botanical_garden,MK,"The Republic of North Macedonia","Skopje",42.000593643,21.452973534
botanical_garden,MK,"The Republic of North Macedonia","Trubarevo Dendropark",41.981745695,21.513270016
national_park,TL,"Timor-Leste","Kay Rala Xanana Gusmão",-8.93333333,125.59166667
national_park,TL,"Timor-Leste","Nino Konis Santana",-8.445194444,127.221666666
national_park,TG,"Togo","Fazao Mafakassa",9,1
national_park,TG,"Togo","Fosse aux Lions",10.7524,0.159073
national_park,TG,"Togo","Kéran",10.2001046,0.6279782
botanical_garden,TO,"Tonga","'Ene'io",-18.6368,-173.9128
national_park,TO,"Tonga","'Eua",-21.40171,-174.90753
botanical_garden,TT,"Trinidad and Tobago","Royal Botanic Gardens, Trinidad",10.6744,-61.5143
national_park,TN,"Tunisia","Bou-Hedma",34.416667,9.5
national_park,TN,"Tunisia","Boukornine",36.688,10.3882
national_park,TN,"Tunisia","Chambi",35.18,8.69519
national_park,TN,"Tunisia","Dghoumes",34.07,8.511
national_park,TN,"Tunisia","El Feidja",36.5,8.33333
national_park,TN,"Tunisia","Ichkeul",37.123444,9.655444
botanical_garden,TN,"Tunisia","Japanese garden of Tunis",36.820298986,10.194422701
national_park,TN,"Tunisia","Jebel Chitana-Cape Negro",37.103888888,8.980833333
national_park,TN,"Tunisia","Jebel Mghilla",35.414797222,9.215469444
national_park,TN,"Tunisia","Jebel Orbata",34.3805,9.0565
national_park,TN,"Tunisia","Jebel Serj",35.9367,9.54972
national_park,TN,"Tunisia","Jebel Zaghdoud",35.947111111,9.78575
national_park,TN,"Tunisia","Jebel Zaghouan",36.3519,10.1119
national_park,TN,"Tunisia","Jebil",33.01696,9.09946
theme_park,TN,"Tunisia","Medinat Alzahra Parc",35.879609998,10.494432449
national_park,TN,"Tunisia","Oued Zen",36.878611,8.903611
national_park,TN,"Tunisia","Senghar-Jabess",32.108856,9.277073
national_park,TN,"Tunisia","Sidi Toui",32.8,11.35
botanical_garden,TN,"Tunisia","Tunis",36.845889,10.192533
national_park,TN,"Tunisia","Zembra and Zembretta Islands",37.1,10.8
botanical_garden,TM,"Turkmenistan","Ashgabat",37.953,58.347
theme_park,TM,"Turkmenistan","World of Turkmenbashi Tales",37.922241666,58.372075
theme_park,TR,"Türkiye","80 Binde Devri Âlem Park",37.829722222,32.415
national_park,TR,"Türkiye","Aladağlar",37.816666666,35.166666666
national_park,TR,"Türkiye","Altınbeşik Cave",37.03741944,31.63333056
national_park,TR,"Türkiye","Altındere Valley",40.70878333,39.64866111
botanical_garden,TR,"Türkiye","Arboretum Island",40.99666667,29.11805556
botanical_garden,TR,"Türkiye","Atatürk Arboretum",41.17638889,28.985
national_park,TR,"Türkiye","Bird Paradise",40.25,28.035
national_park,TR,"Türkiye","Boğazkale Alaçahöyük Milli Parkı",40.075277777,34.610555555
national_park,TR,"Türkiye","Botan Valley",37.911389,41.966472
botanical_garden,TR,"Türkiye","Bursa Botanic Park",40.219463,29.039497
national_park,TR,"Türkiye","Commander-in-Chief National Historic Park",38.79426389,30.38449167
national_park,TR,"Türkiye","Derebucak Çamlık Caves",37.36361111,31.64166667
national_park,TR,"Türkiye","Dilek Peninsula-Büyük Menderes Delta",37.66892778,27.16175556
national_park,TR,"Türkiye","Düden Waterfalls",36.8865,30.657
national_park,TR,"Türkiye","Gallipoli Peninsula Historic Site",40.170321,26.367667
national_park,TR,"Türkiye","Geben Valley",37.875388888,36.533305555
national_park,TR,"Türkiye","Göreme",38.652777777,34.863055555
national_park,TR,"Türkiye","Hakkâri Cilo and Sat Mountains",37.498611111,43.959722222
national_park,TR,"Türkiye","Hatila Valley",41.106944444,41.658333333
botanical_garden,TR,"Türkiye","Istanbul University Alfred Heilbronn",41.0178,28.963608
national_park,TR,"Türkiye","İğneada Swamp",41.8194,27.9539
national_park,TR,"Türkiye","İstiklâl Yolu Tarihî Millî Parkı",40.4,33.22
national_park,TR,"Türkiye","Kaçkar Mountains",40.86115278,41.10112222
botanical_garden,TR,"Türkiye","Karaca Arboretum",40.63194444,29.22638889
national_park,TR,"Türkiye","Karagöl-Sahara",41.2284,42.4461
national_park,TR,"Türkiye","Karatepe-Aslantaş",37.316388888,36.238611111
national_park,TR,"Türkiye","Kızıldağ",38.026388888,31.358888888
national_park,TR,"Türkiye","Kop Mountain National Historic Park",40.026944444,40.519444444
national_park,TR,"Türkiye","Köprülü Canyon",37.191188888,31.179988055
national_park,TR,"Türkiye","Küre Mountains",41.66775,33.14144444
national_park,TR,"Türkiye","Lake Abant",40.597777777,31.291666666
national_park,TR,"Türkiye","Lake Beyşehir",37.69586667,31.71397778
national_park,TR,"Türkiye","Lake Gala",40.754166666,26.231388888
national_park,TR,"Türkiye","Lake Kovada",37.61938611,30.87076111
theme_park,TR,"Türkiye","Lunapark",38.426666666,27.146388888
national_park,TR,"Türkiye","Malazgirt Meydan Muharebesi Tarihî Millî Parkı",39.1398731,42.5449342
national_park,TR,"Türkiye","Marmaris",36.84578611,28.29798333
theme_park,TR,"Türkiye","Mersin Aquapark",36.7884,34.6274
national_park,TR,"Türkiye","Mount Ağrı",39.632684,44.420337
national_park,TR,"Türkiye","Mount Güllük-Termessos",36.988333333,30.467777777
national_park,TR,"Türkiye","Mount Honaz",37.721111111,29.286666666
national_park,TR,"Türkiye","Mount Ida",39.638611111,26.746666666
national_park,TR,"Türkiye","Mount Ilgaz",41.053055555,33.701944444
national_park,TR,"Türkiye","Mount Nemrut",37.981666666,38.741111111
national_park,TR,"Türkiye","Mount Sarıçalı",40.268888888,31.245555555
national_park,TR,"Türkiye","Mount Spil",38.57,27.431388888
national_park,TR,"Türkiye","Munzur Valley",39.48916667,39.625
national_park,TR,"Türkiye","Nene Hatun Historical",39.914718,41.314961
national_park,TR,"Türkiye","Olympos Beydaglari",36.40277778,30.47444444
national_park,TR,"Türkiye","Saklıkent Canyon",36.4687843,29.4034195
national_park,TR,"Türkiye","Sarıkamış-Allahuekber Mountains",40.30201944,42.61445556
national_park,TR,"Türkiye","Soğuksu",40.465277777,32.621388888
national_park,TR,"Türkiye","Sultan Reedy",38.33361111,35.26611111
theme_park,TR,"Türkiye","Tatilya",41.009666666,28.659722222
national_park,TR,"Türkiye","Tek Tek Mountains",36.818055555,39.259444444
botanical_garden,TR,"Türkiye","Tosun Terzioğlu Garden",40.890555555,29.377222222
national_park,TR,"Türkiye","Troy",39.95722222,26.23861111
national_park,TR,"Türkiye","Uludağ",40.07222222,29.22138889
theme_park,TR,"Türkiye","Vialand",41.070317,28.922099
theme_park,TR,"Türkiye","Wonderland Eurasia",39.943055555,32.783611111
national_park,TR,"Türkiye","Yedigöller",40.940833333,31.756388888
national_park,TR,"Türkiye","Yozgat Pine Grove",39.804722222,34.811388888
national_park,TR,"Türkiye","Yumurtalık Lagoon",36.6766802,35.6344983
national_park,UG,"Uganda","Bwindi Impenetrable",-1.05,29.71666667
botanical_garden,UG,"Uganda","Kalinzu Central Forest Reserve",-0.283333333,30.116666666
national_park,UG,"Uganda","Kibale",0.43333333,30.38333333
national_park,UG,"Uganda","Kidepo Valley",3.93,33.80694444
national_park,UG,"Uganda","Kyambura Game Reserve",-0.137,30.084
national_park,UG,"Uganda","Lake Mburo",-0.6,30.95
national_park,UG,"Uganda","Mgahinga Gorilla",-1.36666667,29.63333333
national_park,UG,"Uganda","Mount Elgon",1.133333333,34.583333333
national_park,UG,"Uganda","Murchison Falls",2.245833333,31.906944444
botanical_garden,UG,"Uganda","National (Uganda)",0.0620109,32.4792744
national_park,UG,"Uganda","Queen Elizabeth",-0.137222222,30.041111111
national_park,UG,"Uganda","Rwenzori Mountains",0.4,29.95
national_park,UG,"Uganda","Semuliki",0.8334,30.0434
botanical_garden,UA,"Ukraine","A.V. Fomin",50.4441,30.5057
theme_park,UA,"Ukraine","AquaSferra",47.998155,37.788012
botanical_garden,UA,"Ukraine","Arboretum Konotop forestry",51.25139,33.24889
botanical_garden,UA,"Ukraine","Arboretum Oleksandriya",49.8122,30.0672
national_park,UA,"Ukraine","Azov National Nature Park",46.840277777,35.358888888
national_park,UA,"Ukraine","Azov-Syvash National Nature Park",46.10277779,34.38472223
botanical_garden,UA,"Ukraine","Berezhany Arboretum Park",49.43,24.90325
national_park,UA,"Ukraine","Bile Ozero National Nature Park",49.89597222,31.57797222
national_park,UA,"Ukraine","Boikivshchyna National Nature Park",49.077222,22.954722
national_park,UA,"Ukraine","Carpathian National Nature Park",48.3,24.583333333
national_park,UA,"Ukraine","Cheremosh National Nature Park",47.99527778,25.09555556
botanical_garden,UA,"Ukraine","Chernivtsi Arboretum",48.2979335,25.9229321
botanical_garden,UA,"Ukraine","Chervona Kalyna",49.372222,25.665278
national_park,UA,"Ukraine","Derman-Ostroh National Nature Park",50.2854,26.1969
national_park,UA,"Ukraine","Desna-Stara Huta National Nature Park",52.2816014,33.4775518
national_park,UA,"Ukraine","Dniester Canyon National Nature Park",48.65,25.735
botanical_garden,UA,"Ukraine","Dnipro",48.436,35.042
theme_park,UA,"Ukraine","Dolphinarium in Donetsk",47.99261,37.78805
theme_park,UA,"Ukraine","Dolphinarium in Koktebel",44.965,35.259444444
theme_park,UA,"Ukraine","Dolphinarium in Odesa",46.477063,30.765345
botanical_garden,UA,"Ukraine","Donetsk",48.01,37.880555555
national_park,UA,"Ukraine","Dvorichna National Nature Park",49.85222222,37.73333333
national_park,UA,"Ukraine","Dzharylhach National Nature Park",46.016666666,32.933333333
botanical_garden,UA,"Ukraine","Eupatorian dendropark",45.186291,33.360598
national_park,UA,"Ukraine","Halych National Nature Park",49.09671,24.71615
botanical_garden,UA,"Ukraine","Halytskyi",49.52741,25.51179
national_park,UA,"Ukraine","Hetman National Nature Park",50.4013,35.0175
national_park,UA,"Ukraine","Holosiivskyi National Nature Park",50.379975,30.505852
botanical_garden,UA,"Ukraine","Hryshko National",50.41267,30.56225
national_park,UA,"Ukraine","Hutsulshchyna National Nature Park",48.3007,25.0907
national_park,UA,"Ukraine","Ichnia National Nature Park",50.808611111,32.291666666
botanical_garden,UA,"Ukraine","In Kryvyi Rih",48.148787,33.576974
national_park,UA,"Ukraine","Kamianska Sich National Nature Park",47.000389,33.653194
theme_park,UA,"Ukraine","Kara-Dag dolphinarium",44.911944444,35.201666666
national_park,UA,"Ukraine","Karmeliukove Podillia",48.3549,29.2837
botanical_garden,UA,"Ukraine","Kharkiv",49.999836,36.228014
theme_park,UA,"Ukraine","Kharkiv Dolphinarium",50.0007,36.2281
botanical_garden,UA,"Ukraine","Kherson State University",46.658247,32.589995
national_park,UA,"Ukraine","Kholodnyi Yar National Nature Park",48.133333,32.233333
national_park,UA,"Ukraine","Khotyn National Nature Park",48.449722222,26.578055555
theme_park,UA,"Ukraine","Kids play park Kazka",46.9645943,31.9851907
national_park,UA,"Ukraine","Kremenets Mountains National Nature Park",50.1558,25.8398
national_park,UA,"Ukraine","Kreminna Woods National Nature Park",48.9843,38.2022
botanical_garden,UA,"Ukraine","Kryvyi Rih arboretum",47.881666666,33.499444444
national_park,UA,"Ukraine","Kuialnyk National Nature Park",46.6257,30.7261
national_park,UA,"Ukraine","Lower Dnieper National Nature Park",46.566666666,32.533333333
national_park,UA,"Ukraine","Lower Dniester National Nature Park",46.412222222,30.210277777
national_park,UA,"Ukraine","Lower Polissia National Nature Park",50.217777777,26.836944444
national_park,UA,"Ukraine","Lower Sula National Nature Park",49.6218,32.7284
botanical_garden,UA,"Ukraine","Lviv Forestry Institute",49.825833333,24.003611111
botanical_garden,UA,"Ukraine","Lviv National Medical University",49.835555555,24.049444444
botanical_garden,UA,"Ukraine","Lviv University",49.830277777,24.065555555
theme_park,UA,"Ukraine","Mamajeva Sloboda",50.43509,30.42866
national_park,UA,"Ukraine","Meotyda National Nature Park",47.1781476,36.9490599
national_park,UA,"Ukraine","Mezyn National Nature Park",51.7206484,33.0152886
national_park,UA,"Ukraine","National Nature Park Bug Gard",48.03972222,30.94666667
national_park,UA,"Ukraine","National Nature Park Charming Harbor",45.5,32.7
national_park,UA,"Ukraine","National Nature Park Great Meadow",47.4315,35.0698
national_park,UA,"Ukraine","National Nature Park Holy Mountains",48.916666666,37.783333333
national_park,UA,"Ukraine","National Nature Park Homilsha Woods",49.583333333,36.333333333
national_park,UA,"Ukraine","National Nature Park Ivory Coast of Sviatoslav",46.5,31.666666666
national_park,UA,"Ukraine","National Nature Park Northern Podillia",49.916666666,25.1
national_park,UA,"Ukraine","National Nature Park Prypiat-Stokhid",51.82833333,25.2825
national_park,UA,"Ukraine","National Nature Park Skole Beskids",49.0658,23.3954
national_park,UA,"Ukraine","National Nature Park Zalissia",50.666666666,30.85
botanical_garden,UA,"Ukraine","Nikitsky",44.5094,34.2328
botanical_garden,UA,"Ukraine","Odesa",46.441944,30.768889
national_park,UA,"Ukraine","Oleshky Sands National Nature Park",46.6042,33.0572
national_park,UA,"Ukraine","Podilski Tovtry",48.6039,26.9979
theme_park,UA,"Ukraine","Pripyat",51.408133,30.057125
national_park,UA,"Ukraine","Pyriatyn National Nature Park",50.236111111,32.501111111
national_park,UA,"Ukraine","Royal Beskids National Nature Park",49.40277778,22.88833333
national_park,UA,"Ukraine","Shatsk National Natural Park",51.517,23.82
botanical_garden,UA,"Ukraine","Shkurativskyy (Dendrological Park)",51.1307094,34.1815178
botanical_garden,UA,"Ukraine","Simferopol",44.943197,34.130449
national_park,UA,"Ukraine","Sloboda National Nature Park",50.085833333,35.215555555
botanical_garden,UA,"Ukraine","Sofiyivsky Park",48.763055555,30.2225
botanical_garden,UA,"Ukraine","SSTU A.S. Makanerko",50.89658,34.77453
national_park,UA,"Ukraine","Synevyr National Nature Park",48.5,23.7
national_park,UA,"Ukraine","Syniohora National Nature Park",48.62083333,24.22083333
national_park,UA,"Ukraine","Tsumanska Pushcha National Nature Park",50.888055555,25.853333333
national_park,UA,"Ukraine","Tuzly Lagoons National Nature Park",45.783333,30
botanical_garden,UA,"Ukraine","Uampilskyy",51.94972,33.77167
national_park,UA,"Ukraine","Upper Pobuzhia National Nature Park",49.436388888,27.418611111
national_park,UA,"Ukraine","Uzh National Nature Park",49.023333333,22.6
botanical_garden,UA,"Ukraine","Uzhhorod",48.620056,22.304611
national_park,UA,"Ukraine","Verkhovyna National Nature Park",47.8323,24.8449
botanical_garden,UA,"Ukraine","Victory Park",46.445303,30.753889
national_park,UA,"Ukraine","Vyzhnytsia National Nature Park",48.1639,25.259
national_park,UA,"Ukraine","Yavoriv National Nature Park",50.0227,23.7724
national_park,UA,"Ukraine","Zacharovany Krai National Nature Park",48.35277778,23.07361111
botanical_garden,UA,"Ukraine","Zhytomyr Agrarian University",50.2525,28.7
theme_park,AE,"United Arab Emirates","Adventureland",25.2978,55.3723
theme_park,AE,"United Arab Emirates","Al Montazah Amusement and Water Park",25.343,55.3803
theme_park,AE,"United Arab Emirates","Aquaventure",25.135,55.122
theme_park,AE,"United Arab Emirates","CLYMB Abu Dhabi",24.48597,54.60711
theme_park,AE,"United Arab Emirates","Disneyland Abu Dhabi",24.51,54.596061111
theme_park,AE,"United Arab Emirates","Dubai Aquarium and Underwater Zoo",25.197555555,55.278416666
theme_park,AE,"United Arab Emirates","Dubai Garden Glow",25.22885,55.29602
theme_park,AE,"United Arab Emirates","Dubai Parks and Resorts",24.919128,55.007857
theme_park,AE,"United Arab Emirates","Dubailand",25.075,55.36388889
theme_park,AE,"United Arab Emirates","Ferrari World Abu Dhabi",24.48366,54.60704
theme_park,AE,"United Arab Emirates","IMG Worlds of Adventure",25.083055555,55.318055555
theme_park,AE,"United Arab Emirates","Legoland Dubai",24.91907,55.01007
national_park,AE,"United Arab Emirates","Mangrove",24.45,54.41
theme_park,AE,"United Arab Emirates","Motiongate",24.9214,55.0029
theme_park,AE,"United Arab Emirates","Orbi Dubai",25.215416666,55.407944444
theme_park,AE,"United Arab Emirates","Real Madrid World",24.922107,55.010102
theme_park,AE,"United Arab Emirates","SeaWorld Abu Dhabi",24.485668,54.618535
national_park,AE,"United Arab Emirates","Sharjah",25.312777777,55.536388888
theme_park,AE,"United Arab Emirates","Universal Studios Dubailand",25.0592,55.3833
theme_park,AE,"United Arab Emirates","Warner Bros. Plaza",24.49077,54.59928
theme_park,AE,"United Arab Emirates","Warner Bros. World Abu Dhabi",24.49197,54.60002
theme_park,AE,"United Arab Emirates","Wild Wadi Water Park",25.139444444,55.189166666
theme_park,AE,"United Arab Emirates","Yas Waterworld Abu Dhabi",24.488055555,54.599722222
botanical_garden,GB,"United Kingdom","Abbotsbury Subtropical Gardens",50.6637,-2.6187
theme_park,GB,"United Kingdom","Adrenalin Quarry",50.417,-4.446
theme_park,GB,"United Kingdom","Adventure Island",51.5325,0.715833
theme_park,GB,"United Kingdom","Adventure Parc Snowdonia",53.19,-3.841
theme_park,GB,"United Kingdom","Adventure Wonderland",50.776,-1.845
theme_park,GB,"United Kingdom","Alpamare Scarborough",54.296,-0.413
theme_park,GB,"United Kingdom","Alton Towers",52.990555555,-1.8925
theme_park,GB,"United Kingdom","Alton Towers Waterpark",52.9851,-1.8761
botanical_garden,GB,"United Kingdom","Annie's Arboretum",51.413729,-2.32061
botanical_garden,GB,"United Kingdom","Arley House and Gardens",52.422777777,-2.346944444
botanical_garden,GB,"United Kingdom","Auchgourish",57.25,-3.75
national_park,GB,"United Kingdom","Bannau Brycheiniog",51.88333333,-3.4
theme_park,GB,"United Kingdom","Barry Island Pleasure Park",51.3914,-3.2753
botanical_garden,GB,"United Kingdom","Batsford Arboretum",52.0028,-1.72917
theme_park,GB,"United Kingdom","Beaver Creek",53.7903,-3.05556
botanical_garden,GB,"United Kingdom","Bedgebury National Pinetum",51.075,0.455
theme_park,GB,"United Kingdom","Belle Vue Zoological Gardens",53.4636,-2.1875
botanical_garden,GB,"United Kingdom","Belle Vue Zoological Gardens",53.4636,-2.1875
botanical_garden,GB,"United Kingdom","Benmore",56.026388888,-4.981111111
botanical_garden,GB,"United Kingdom","Bennetts Water Gardens",50.6171,-2.4962
botanical_garden,GB,"United Kingdom","Bermuda",32.2935,-64.761
botanical_garden,GB,"United Kingdom","Bermuda Arboretum",32.29819,-64.76683
theme_park,GB,"United Kingdom","BeWILDerwood",52.7111,1.4492
botanical_garden,GB,"United Kingdom","Bicton Park",50.668955,-3.319855
botanical_garden,GB,"United Kingdom","Birmingham",52.4665,-1.9293
theme_park,GB,"United Kingdom","Birmingham EcoPark",52.4722,-1.8297
theme_park,GB,"United Kingdom","Blackgang Chine",50.58889,-1.31444
theme_park,GB,"United Kingdom","Blue Lagoon Water Park",51.78,-4.808
botanical_garden,GB,"United Kingdom","Bluebell Arboretum",52.766,-1.491
botanical_garden,GB,"United Kingdom","Bodnant Garden",53.2342,-3.8006
botanical_garden,GB,"United Kingdom","Borde Hill Garden",51.022,-0.1129
botanical_garden,GB,"United Kingdom","Botanic Gardens",54.582,-5.931
theme_park,GB,"United Kingdom","Brean Leisure Park",51.2857,-3.00966
theme_park,GB,"United Kingdom","Brighton Pier",50.8164,-0.137222
theme_park,GB,"United Kingdom","Brocklands",50.8755,-4.48785
botanical_garden,GB,"United Kingdom","Bushey Rose Garden",51.6441,-0.3605
national_park,GB,"United Kingdom","Cairngorms",57.0833,-3.66667
botanical_garden,GB,"United Kingdom","Cambridge University",52.1938,0.12789
theme_park,GB,"United Kingdom","Camel Creek",50.4899485,-4.9308183
theme_park,GB,"United Kingdom","Camelot",53.6353,-2.6975
theme_park,GB,"United Kingdom","Cardiff International Pool",51.449755,-3.181078
botanical_garden,GB,"United Kingdom","Castlewellan Forest Park",54.265,-5.956
botanical_garden,GB,"United Kingdom","Chelsea Physic Garden",51.485,-0.162777777
theme_park,GB,"United Kingdom","Chessington World of Adventures",51.348611111,-0.316666666
theme_park,GB,"United Kingdom","Children's Corner",53.8783,-3.04714
botanical_garden,GB,"United Kingdom","City of Bath",51.3858,-2.3704
theme_park,GB,"United Kingdom","Clarence Pier",50.7861,-1.10113
botanical_garden,GB,"United Kingdom","Clyne Gardens",51.5959,-4.0032
theme_park,GB,"United Kingdom","Codona's",57.1511,-2.0775
botanical_garden,GB,"United Kingdom","Colesbourne Park Arboretum",51.818780767,-1.994169559
theme_park,GB,"United Kingdom","Coney Beach Pleasure Park",51.4797,-3.6967
theme_park,GB,"United Kingdom","Coral Reef Waterworld",51.39,-0.7375
botanical_garden,GB,"United Kingdom","Cowbridge Physic Garden",51.4617,-3.45028
theme_park,GB,"United Kingdom","Crealy Theme Park & Resort",50.705555941,-3.41608025
theme_park,GB,"United Kingdom","Croydon Water Palace",51.356,-0.115
botanical_garden,GB,"United Kingdom","Cruickshank",57.1678,-2.10472
theme_park,GB,"United Kingdom","Curry's Fun Park",55.203,-6.654
national_park,GB,"United Kingdom","Dartmoor",50.571911111,-3.920688888
botanical_garden,GB,"United Kingdom","David Austin Rose Garden",52.637856,-2.304364
botanical_garden,GB,"United Kingdom","Dawyck",55.6031,-3.3231
botanical_garden,GB,"United Kingdom","Derby Arboretum",52.910797,-1.472333
theme_park,GB,"United Kingdom","Dickens World",51.4011,0.5323
theme_park,GB,"United Kingdom","Diggerland Devon",50.876797,-3.378618
theme_park,GB,"United Kingdom","Diggerland Durham",54.801517,-1.677529
theme_park,GB,"United Kingdom","Diggerland Kent",51.38193,0.476854
theme_park,GB,"United Kingdom","Diggerland Yorkshire",53.71875,-1.38372
botanical_garden,GB,"United Kingdom","Dilston Physic Garden",54.965539,-2.040914
theme_park,GB,"United Kingdom","Dobwalls",50.4655,-4.51882
theme_park,GB,"United Kingdom","Drayton Manor",52.6108,-1.71333
theme_park,GB,"United Kingdom","Dreamland Margate",51.3863,1.3759
botanical_garden,GB,"United Kingdom","Durham University",54.7606,-1.57528
botanical_garden,GB,"United Kingdom","Dyffryn Gardens",51.4435,-3.30309
theme_park,GB,"United Kingdom","Easton Farm Park",52.177086,1.329575
botanical_garden,GB,"United Kingdom","Eden Project",50.361944444,-4.744722222
national_park,GB,"United Kingdom","Eryri",52.933333333,-3.933333333
botanical_garden,GB,"United Kingdom","Exbury Gardens",50.7986,-1.4005
national_park,GB,"United Kingdom","Exmoor",51.166669444,-3.75
theme_park,GB,"United Kingdom","Fantasy Island",53.1914,0.347778
botanical_garden,GB,"United Kingdom","Firs Botanical Grounds",53.444166666,-2.213888888
theme_park,GB,"United Kingdom","Flamingo Land Resort",54.2097,-0.8082
botanical_garden,GB,"United Kingdom","Fletcher Moss",53.408333333,-2.230555555
theme_park,GB,"United Kingdom","Frontierland, Morecambe",54.0687,-2.87601
theme_park,GB,"United Kingdom","Funland",50.785,-0.985
botanical_garden,GB,"United Kingdom","Fylde Memorial Arboretum and Community Woodland",53.8477,-3.02748
botanical_garden,GB,"United Kingdom","Gibraltar",36.1313,-5.3511
botanical_garden,GB,"United Kingdom","Glasgow",55.880139,-4.2906442
botanical_garden,GB,"United Kingdom","Glendurgan Garden",50.1066,-5.11726
national_park,GB,"United Kingdom","Glyndŵr",53.1,-3.1
botanical_garden,GB,"United Kingdom","Goodnestone Park",51.2436,1.22694
theme_park,GB,"United Kingdom","Granada Studios Tour",53.478333333,-2.2575
botanical_garden,GB,"United Kingdom","Grange Farm Arboretum",52.745579,0.055703
theme_park,GB,"United Kingdom","Great Yarmouth Pleasure Beach",52.5937,1.73608
national_park,GB,"United Kingdom","Green Mountain",-7.95,-14.35
theme_park,GB,"United Kingdom","GreenWood",53.18055556,-4.19583333
theme_park,GB,"United Kingdom","Gulliver's Kingdom Resort",53.1182,-1.56439
theme_park,GB,"United Kingdom","Gulliver's Land Resort",52.0511,-0.730278
theme_park,GB,"United Kingdom","Gulliver's World Resort",53.406,-2.618
theme_park,GB,"United Kingdom","Harbour Park",50.80346,-0.541323
botanical_garden,GB,"United Kingdom","Harcourt Arboretum",51.6823,-1.1986
botanical_garden,GB,"United Kingdom","Harris Garden",51.4359,-0.94113
theme_park,GB,"United Kingdom","Heartlands (playground)",50.22273,-5.27464
botanical_garden,GB,"United Kingdom","Holehird Gardens",54.3993,-2.9096
botanical_garden,GB,"United Kingdom","Howick Arboretum",55.450632,-1.609675
botanical_garden,GB,"United Kingdom","Hull",53.7479,-0.3651
botanical_garden,GB,"United Kingdom","Inverewe Garden",57.776307,-5.6020551
botanical_garden,GB,"United Kingdom","Inverness",57.4628,-4.2402
theme_park,GB,"United Kingdom","Joyland",52.6079,1.7376
botanical_garden,GB,"United Kingdom","Kew Gardens",51.478888888,-0.293611111
theme_park,GB,"United Kingdom","Killarney Springs",50.9096,-4.47736
botanical_garden,GB,"United Kingdom","Kilmun Arboretum",56.0016,-4.9462
theme_park,GB,"United Kingdom","Kursaal",51.533111,0.724816
theme_park,GB,"United Kingdom","Kynren",54.67098,-1.67651
national_park,GB,"United Kingdom","Lake District",54.45,-3.1
theme_park,GB,"United Kingdom","Landmark Forest",57.2786,-3.812
theme_park,GB,"United Kingdom","Lapland New Forest",50.809,-1.814
theme_park,GB,"United Kingdom","LC",51.6169,-3.94056
botanical_garden,GB,"United Kingdom","Leeds Zoological and",53.815194444,-1.575138888
theme_park,GB,"United Kingdom","Legoland Windsor",51.4635,-0.65114
theme_park,GB,"United Kingdom","Leith Waterworld",55.97,-3.17111
theme_park,GB,"United Kingdom","Lightwater Valley",54.176,-1.57044
theme_park,GB,"United Kingdom","Lightwater Valley Family",54.178492411,-1.565737463
botanical_garden,GB,"United Kingdom","Lincoln Arboretum",53.2319,-0.5262
botanical_garden,GB,"United Kingdom","Linn",56.003706,-4.8508564
national_park,GB,"United Kingdom","Loch Lomond and The Trossachs",56.25,-4.61667
botanical_garden,GB,"United Kingdom","Logan",54.741753,-4.9600078
theme_park,GB,"United Kingdom","London Paramount",51.4618,0.311745
botanical_garden,GB,"United Kingdom","Lost Gardens of Heligan",50.285747,-4.811583
theme_park,GB,"United Kingdom","Lost Shore Surf Resort",55.918,-3.398
theme_park,GB,"United Kingdom","Loudoun Castle (theme park)",55.61061,-4.37279
theme_park,GB,"United Kingdom","M&D's",55.8001,-4.03966
botanical_garden,GB,"United Kingdom","Marie Louise Gardens",53.41794,-2.244665
botanical_garden,GB,"United Kingdom","Moorbank",54.987,-1.635
botanical_garden,GB,"United Kingdom","National Fruit Collection",51.300323,0.87916
botanical_garden,GB,"United Kingdom","National Memorial Arboretum",52.726,-1.728
botanical_garden,GB,"United Kingdom","National of Wales",51.8376,-4.15176
botanical_garden,GB,"United Kingdom","Ness",53.2724,-3.043
national_park,GB,"United Kingdom","New Forest",50.863055555,-1.618055555
theme_park,GB,"United Kingdom","Newham Grange Leisure Farm",54.531,-1.221
theme_park,GB,"United Kingdom","Nickelodeon Land",53.7903,-3.05556
national_park,GB,"United Kingdom","North York Moors",54.333333333,-0.75
national_park,GB,"United Kingdom","Northumberland",55.316666666,-2.216666666
theme_park,GB,"United Kingdom","Oakwood",51.7794,-4.8048
theme_park,GB,"United Kingdom","Ocean Beach",53.314589,-3.504398
theme_park,GB,"United Kingdom","Ocean Beach Pleasure Park",55.001583333,-1.417583333
theme_park,GB,"United Kingdom","Paultons Park",50.9489,-1.55236
national_park,GB,"United Kingdom","Peak District",53.35,-1.833333055
national_park,GB,"United Kingdom","Pembrokeshire Coast",51.8333,-5.08333
theme_park,GB,"United Kingdom","Peter Pans Playground",50.8117,-0.3615
theme_park,GB,"United Kingdom","Pettitts",52.56674249,1.578417045
theme_park,GB,"United Kingdom","Phantom Peak",51.4977,-0.0451
botanical_garden,GB,"United Kingdom","Pinetum Gardens",50.340719,-4.74751
theme_park,GB,"United Kingdom","Pixieland (Dartmoor)",50.546111111,-3.882222222
theme_park,GB,"United Kingdom","Pleasure Beach Resort",53.7903,-3.05556
theme_park,GB,"United Kingdom","Pleasure Island Family",53.5434,-0.00818889
theme_park,GB,"United Kingdom","Pleasureland Southport",53.6492,-3.01707
theme_park,GB,"United Kingdom","Pleasurewood Hills",52.5071,1.74443
theme_park,GB,"United Kingdom","Portsmouth Pyramids Centre",50.779,-1.08539
theme_park,GB,"United Kingdom","Puxton Park",51.3621,-2.8673
botanical_garden,GB,"United Kingdom","Queen Mary's Gardens",51.5275,-0.151388888
botanical_garden,GB,"United Kingdom","Ramster Gardens",51.0916,-0.6467
theme_park,GB,"United Kingdom","Rascals",53.750047561,-2.678883309
botanical_garden,GB,"United Kingdom","RHS Garden Rosemoor",50.938888888,-4.138055555
botanical_garden,GB,"United Kingdom","RHS Garden, Hyde Hall",51.666111111,0.575833333
botanical_garden,GB,"United Kingdom","RHS Garden, Wisley",51.313,-0.4742
theme_park,GB,"United Kingdom","Robin Hill",50.6878,-1.24361
botanical_garden,GB,"United Kingdom","Rose Garden Wall at Temple Newsam",53.787293,-1.450368
botanical_garden,GB,"United Kingdom","Rose Garden, Greenwich Park",51.473578,-0.001124
botanical_garden,GB,"United Kingdom","Rose Garden, Newstead Abbey",53.077267,-1.190552
botanical_garden,GB,"United Kingdom","Rose gardens, Belfast",54.581592,-5.932046
botanical_garden,GB,"United Kingdom","Royal Botanic Gardens, Kew",51.478694444,-0.295611111
botanical_garden,GB,"United Kingdom","Royal Edinburgh",55.96507,-3.2085295
botanical_garden,GB,"United Kingdom","Royal National Rose Society Gardens",51.7272,-0.371943
botanical_garden,GB,"United Kingdom","Royal Victoria Park",51.3858,-2.3704
national_park,GB,"United Kingdom","Sage Mountain",18.4,-64.65
theme_park,GB,"United Kingdom","SC2",53.320777777,-3.496388888
botanical_garden,GB,"United Kingdom","Sculpture by the Lakes",50.7203,-2.3038
theme_park,GB,"United Kingdom","SegaWorld London",51.511,-0.133
botanical_garden,GB,"United Kingdom","Sheffield",53.3725,-1.4975
botanical_garden,GB,"United Kingdom","Sir Harold Hillier Gardens",51.0111,-1.4666
national_park,GB,"United Kingdom","South Downs",50.911,-0.367
botanical_garden,GB,"United Kingdom","South London Botanical Institute",51.4435,-0.1047
botanical_garden,GB,"United Kingdom","Southport",53.6625,-2.95833
theme_park,GB,"United Kingdom","Southport Model Railway Village",53.6487,-3.0105
theme_park,GB,"United Kingdom","Spanish City",55.0476,-1.44747
theme_park,GB,"United Kingdom","Splashdown Quaywest",50.4245,-3.5609
theme_park,GB,"United Kingdom","Splashdown Waterpark",50.74622,-1.95158
theme_park,GB,"United Kingdom","Springfields Fun Park",50.413,-4.928
botanical_garden,GB,"United Kingdom","St Andrews",56.335424,-2.806187
theme_park,GB,"United Kingdom","St Giles' Fair",51.758,-1.2601
theme_park,GB,"United Kingdom","Sundown Adventureland",53.304,-0.8125
theme_park,GB,"United Kingdom","The American Adventure",52.9947,-1.335
botanical_garden,GB,"United Kingdom","The Arboretum",52.961,-1.157
theme_park,GB,"United Kingdom","The Big Sheep",51.0157,-4.24402
national_park,GB,"United Kingdom","The Broads",52.666666666,1.5
theme_park,GB,"United Kingdom","The Flambards Experience",50.092,-5.258
botanical_garden,GB,"United Kingdom","The Heritage Rose Garden, Mannington Hall",52.843898357,1.180833125
theme_park,GB,"United Kingdom","The Milky Way",50.9804,-4.384
theme_park,GB,"United Kingdom","The Wave",51.544099,-2.604823
theme_park,GB,"United Kingdom","The Wave, Coventry",52.405666666,-1.510944444
botanical_garden,GB,"United Kingdom","The Yorkshire Arboretum",54.118431,-0.922036
theme_park,GB,"United Kingdom","Therme Manchester",53.46551,-2.33895
botanical_garden,GB,"United Kingdom","Thorp Perrow Arboretum",54.2653,-1.59855
theme_park,GB,"United Kingdom","Thorpe Park",51.404722222,-0.513055555
theme_park,GB,"United Kingdom","Tir Prince",53.30355249,-3.529025118
botanical_garden,GB,"United Kingdom","Tortworth Court",51.6306,-2.44449
botanical_garden,GB,"United Kingdom","Trebah",50.1041,-5.12325
botanical_garden,GB,"United Kingdom","Treborth",53.2165,-4.1724
botanical_garden,GB,"United Kingdom","Trelissick Garden",50.2169,-5.03351
theme_park,GB,"United Kingdom","Tropicana, Weston-super-Mare",51.3409,-2.9828
theme_park,GB,"United Kingdom","Universal United Kingdom Resort",52.08975,-0.499583333
botanical_garden,GB,"United Kingdom","University of Bristol",51.4777,-2.6258
botanical_garden,GB,"United Kingdom","University of Dundee",56.4555,-3.0213
botanical_garden,GB,"United Kingdom","University of Leicester",52.6067,-1.0926
botanical_garden,GB,"United Kingdom","University of Oxford",51.750555555,-1.248333333
botanical_garden,GB,"United Kingdom","Valley Gardens",51.4173,-0.6044
botanical_garden,GB,"United Kingdom","Ventnor",50.5892,-1.2278
botanical_garden,GB,"United Kingdom","Wakehurst",51.0672,-0.08894
botanical_garden,GB,"United Kingdom","Walsall Arboretum",52.588,-1.967
theme_park,GB,"United Kingdom","Water World, Stoke-on-Trent",53.0274,-2.198
botanical_garden,GB,"United Kingdom","Wavertree",53.4058,-2.94159
botanical_garden,GB,"United Kingdom","Wavertree Rose Garden",53.3989,-2.92
botanical_garden,GB,"United Kingdom","Wentworth Castle Gardens",53.524922,-1.519734
botanical_garden,GB,"United Kingdom","Westonbirt Arboretum",51.6057838,-2.2243026
theme_park,GB,"United Kingdom","Wet N Wild",54.996,-1.4607
theme_park,GB,"United Kingdom","Wheelgate Park",53.109166666,-1.065277777
theme_park,GB,"United Kingdom","Wicksteed Park",52.385,-0.703
botanical_garden,GB,"United Kingdom","Windlesham Arboretum",51.355,-0.6725
botanical_garden,GB,"United Kingdom","Winkworth Arboretum",51.1607,-0.5818
botanical_garden,GB,"United Kingdom","Winterbourne House and Garden",52.4537,-1.92484
botanical_garden,GB,"United Kingdom","York Museum Gardens",53.9614,-1.08806
national_park,GB,"United Kingdom","Yorkshire Dales",54.266669444,-2.083330555
national_park,TZ,"United Republic of Tanzania","Arusha",-3.25,36.833333333
national_park,TZ,"United Republic of Tanzania","Gombe",-4.666666666,29.633333333
national_park,TZ,"United Republic of Tanzania","Jozani Chwaka Bay",-6.233,39.404
national_park,TZ,"United Republic of Tanzania","Katavi",-6.91666667,31.33333333
national_park,TZ,"United Republic of Tanzania","Kilimanjaro",-3.066666666,37.366666666
national_park,TZ,"United Republic of Tanzania","Kitulo",-9.01666667,33.85
national_park,TZ,"United Republic of Tanzania","Lake Manyara",-3.5,35.833333333
national_park,TZ,"United Republic of Tanzania","Mahale Mountains",-6.26666667,29.93333333
national_park,TZ,"United Republic of Tanzania","Mikumi",-7.2,37.13333333
national_park,TZ,"United Republic of Tanzania","Mkomazi",-4.299444444,38.389444444
national_park,TZ,"United Republic of Tanzania","Nyerere",-9,37.4
national_park,TZ,"United Republic of Tanzania","Ruaha",-7.53111111,34.63694444
national_park,TZ,"United Republic of Tanzania","Rubondo Island",-2.3,31.833333333
national_park,TZ,"United Republic of Tanzania","Saadani",-6,38.75
national_park,TZ,"United Republic of Tanzania","Saanane Island",-2.54436389,32.88972222
national_park,TZ,"United Republic of Tanzania","Tarangire",-4,35.978611111
national_park,TZ,"United Republic of Tanzania","Udzungwa Mountains",-7.8,36.68333333
national_park,TZ,"United Republic of Tanzania","Ugalla River",-6.17,32
botanical_garden,US,"United States of America","A.C. Postel Memorial Rose Garden",34.43755,-119.711719444
botanical_garden,US,"United States of America","Abraham Lincoln Memorial Garden",39.697222,-89.597222
national_park,US,"United States of America","Acadia",44.35,-68.216666666
theme_park,US,"United States of America","Action Park",41.1906,-74.5075
botanical_garden,US,"United States of America","Adams Wildlife Sanctuary",39.8031,-89.6189
botanical_garden,US,"United States of America","Adkins Arboretum",38.9533,-75.9334
theme_park,US,"United States of America","Adventure City",33.815194,-117.99234
theme_park,US,"United States of America","Adventure Island",28.0417,-82.4131
theme_park,US,"United States of America","Adventure Landing",30.287,-81.4124
theme_park,US,"United States of America","Adventure Park USA",39.379388,-77.278179
theme_park,US,"United States of America","Adventure River",35.18,-89.83222222
theme_park,US,"United States of America","Adventuredome",36.1378,-115.166
theme_park,US,"United States of America","Adventureland",41.6544,-93.4999
theme_park,US,"United States of America","Air Zoo",42.2322,-85.56
botanical_garden,US,"United States of America","Airlie Gardens",34.2151,-77.8279
theme_park,US,"United States of America","Al-Tro Island Park",42.6795,-73.7273
theme_park,US,"United States of America","Alabama Adventure & Splash Adventure",33.38,-86.9987
botanical_garden,US,"United States of America","Alan Bible Visitor Center",36.009972,-114.796795
botanical_garden,US,"United States of America","Alaska",61.176944444,-149.76
botanical_garden,US,"United States of America","Aldridge",33.3867,-86.7921
botanical_garden,US,"United States of America","Alfred B. Maclay Gardens State Park",30.5189,-84.2511
botanical_garden,US,"United States of America","Alice Abel Arboretum",40.8389,-96.6506
botanical_garden,US,"United States of America","All-American Rose Garden",31.3297,-89.3339
botanical_garden,US,"United States of America","Allerton Garden",21.88567,-159.49283
botanical_garden,US,"United States of America","Alta Vista Gardens",33.2102,-117.219
botanical_garden,US,"United States of America","Amarillo Garden Center",35.197455075,-101.914762334
botanical_garden,US,"United States of America","American College Arboretum",40.0167,-75.3282
botanical_garden,US,"United States of America","American Orchid Society Visitors Center and",26.4288,-80.1535
national_park,US,"United States of America","American Samoa",-14.25833333,-170.68333333
botanical_garden,US,"United States of America","Amy B. H. Greenwell Ethnobotanical Garden",19.491417,-155.911833
botanical_garden,US,"United States of America","Anderson Japanese Gardens",42.2900539,-89.0577954
botanical_garden,US,"United States of America","Andrews Arboretum",40.0124,-105.277
theme_park,US,"United States of America","Angela Park",41.035,-75.951
botanical_garden,US,"United States of America","Apothecary Garden",35.878193,-97.427269
botanical_garden,US,"United States of America","Appleford/Parsons-Banks Arboretum",40.0529,-75.3258
botanical_garden,US,"United States of America","Applewood Estate",43.023975,-83.673587
theme_park,US,"United States of America","Aquaboggan Park",43.534722222,-70.425833333
theme_park,US,"United States of America","Aquatica Orlando",28.41564,-81.45697
botanical_garden,US,"United States of America","Arbor Lodge State Historical Park and Arboretum",40.680556,-95.881667
botanical_garden,US,"United States of America","Arboreto y de la universidad de Rhode Island",41.4889,-71.5255
botanical_garden,US,"United States of America","Arboretum at Arizona State University",33.4258,-111.93
botanical_garden,US,"United States of America","Arboretum at Penn State Behrend",42.1211,-79.9824
botanical_garden,US,"United States of America","Arboretum at the University of California, Santa Cruz",36.9827,-122.061
botanical_garden,US,"United States of America","Arboretum of the Barnes Foundation",39.9981,-75.2419
botanical_garden,US,"United States of America","Arboretum of the University of Central Florida",28.6038,-81.193
botanical_garden,US,"United States of America","Arboretum Park",43.6956,-116.35
botanical_garden,US,"United States of America","Arboretum Villanova",40.037,-75.3433
national_park,US,"United States of America","Arches",38.728055555,-109.54
botanical_garden,US,"United States of America","Arie den Boer Arboretum",41.573,-93.646
botanical_garden,US,"United States of America","Arizona Cactus",31.3508,-109.8754
botanical_garden,US,"United States of America","Arizona Cactus Garden",37.4359,-122.171
botanical_garden,US,"United States of America","Arizona-Sonora Desert Museum",32.243888888,-111.168055555
theme_park,US,"United States of America","Ark Encounter",38.622238888,-84.592280555
theme_park,US,"United States of America","Arkadelphia Aquatic Park",34.1264,-93.0793
botanical_garden,US,"United States of America","Arkansas Arboretum",34.836,-92.48
botanical_garden,US,"United States of America","Arnold Arboretum",42.297777777,-71.122777777
theme_park,US,"United States of America","Arnolds Park",43.3654,-95.1375
botanical_garden,US,"United States of America","ArtGardens of Pittsburgh",40.4512,-79.9769
botanical_garden,US,"United States of America","Asheville",35.613,-82.567
theme_park,US,"United States of America","Astroland",40.5743,-73.9792
botanical_garden,US,"United States of America","Atlanta",33.79,-84.373888888
botanical_garden,US,"United States of America","Augusta",33.47,-81.975
theme_park,US,"United States of America","AutoWorld",43.02083333,-83.69138889
theme_park,US,"United States of America","Avengers Campus",33.8121,-117.919
botanical_garden,US,"United States of America","Awbury Arboretum",40.0517,-75.1689
theme_park,US,"United States of America","Babb's Beach",42.03,-72.751111
national_park,US,"United States of America","Badlands",43.75,-102.5
botanical_garden,US,"United States of America","Bailey Arboretum",40.886666666,-73.583611111
theme_park,US,"United States of America","Balboa Fun Zone",33.6028,-117.899
botanical_garden,US,"United States of America","Balboa Park Gardens",32.7314,-117.145
botanical_garden,US,"United States of America","Bamboo Brook Outdoor Education Center",40.731388888,-74.707222222
botanical_garden,US,"United States of America","Bamboo Farm and Coastal Gardens",31.99853,-81.27038
botanical_garden,US,"United States of America","Bartholdi Park",38.888,-77.013
botanical_garden,US,"United States of America","Bartlett Arboretum",37.391944,-97.285556
botanical_garden,US,"United States of America","Bartlett Arboretum and Gardens",41.1335,-73.547
botanical_garden,US,"United States of America","Bartram's Garden",39.930556,-75.2125
national_park,US,"United States of America","Battery Kemble Park",38.930277777,-77.095555555
theme_park,US,"United States of America","Bay Beach",44.530916666,-87.980833333
botanical_garden,US,"United States of America","Bayard Cutting Arboretum State Park",40.746944444,-73.167777777
theme_park,US,"United States of America","Beachland Amusements",40.591603,-74.068104
botanical_garden,US,"United States of America","Beaumont",30.0233,-94.1465
theme_park,US,"United States of America","Bedrock City",43.7613,-103.614
theme_park,US,"United States of America","Beech Bend Park",37.0242,-86.3953
botanical_garden,US,"United States of America","Beekman Native Plant Arboretum",42.3125,-122.963888888
theme_park,US,"United States of America","Bell's",36.1344,-95.9311
botanical_garden,US,"United States of America","Bellagio Conservatory &",36.111981708,-115.176562646
theme_park,US,"United States of America","Bellaire Town Square Family Aquatic Center",29.703418,-95.469201
botanical_garden,US,"United States of America","Belle Isle Conservatory",42.3422,-82.9794
botanical_garden,US,"United States of America","Belle Isle Park",42.338333333,-82.978055555
botanical_garden,US,"United States of America","Bellefontaine Cemetery",38.6974,-90.2336
botanical_garden,US,"United States of America","Bellevue",47.6092,-122.179
botanical_garden,US,"United States of America","Bellingrath Gardens and Home",30.43041,-88.142735
theme_park,US,"United States of America","Belmont Park",32.7714,-117.252
theme_park,US,"United States of America","Benson's Wild Animal Farm",42.7667,-71.4056
botanical_garden,US,"United States of America","Berkeley Rose Garden",37.8853,-122.263
botanical_garden,US,"United States of America","Berkshire",42.3004,-73.3364
botanical_garden,US,"United States of America","Bernheim Forest and Arboretum",37.917033,-85.667491
botanical_garden,US,"United States of America","Berry",45.44238,-122.6619
botanical_garden,US,"United States of America","Berthold Public School Arboretum",48.3189,-101.731
botanical_garden,US,"United States of America","Bertrand F. Harrison Arboretum",40.2447,-111.652
theme_park,US,"United States of America","Bertrand Island",40.9118,-74.6598
botanical_garden,US,"United States of America","Betty Ford Alpine Gardens",39.6397,-106.366
theme_park,US,"United States of America","Beverly Park",34.075,-118.377
botanical_garden,US,"United States of America","Bickelhaupt Arboretum",41.8408,-90.2194
botanical_garden,US,"United States of America","Biedenharn Museum and Gardens",32.51961,-92.13134
national_park,US,"United States of America","Big Bend",29.25,-103.25
theme_park,US,"United States of America","Big Island",44.9336,-93.5558
theme_park,US,"United States of America","Big Kahuna's",30.388961,-86.47164
theme_park,US,"United States of America","Big Surf",33.4457,-111.913
theme_park,US,"United States of America","Birch Bay Waterslides",48.9367,-122.7475
botanical_garden,US,"United States of America","Birmingham",33.4917,-86.7745
national_park,US,"United States of America","Biscayne",25.50185493,-80.18096924
national_park,US,"United States of America","Black Canyon of the Gunnison",38.58,-107.7275
botanical_garden,US,"United States of America","Blake Garden",37.9135,-122.285
botanical_garden,US,"United States of America","Blithewold Mansion, Gardens and Arboretum",41.654166666,-71.266111111
botanical_garden,US,"United States of America","Bloedel Reserve",47.7083,-122.548
theme_park,US,"United States of America","Blue Bayou and Dixie Landin'",30.3441,-91.0265
theme_park,US,"United States of America","Blue Harbor Resort",43.746,-87.7064
botanical_garden,US,"United States of America","Blue Springs Heritage Center",36.4665,-93.813
theme_park,US,"United States of America","Boardwalk and Baseball",28.23147,-81.643234
theme_park,US,"United States of America","Boardwalk Fun Park",32.761,-96.997
botanical_garden,US,"United States of America","Boerner",42.9363,-88.0313
botanical_garden,US,"United States of America","Boettcher Memorial Tropical Conservatory",39.7325,-104.961
botanical_garden,US,"United States of America","Bok Tower Gardens",27.935333,-81.5775
botanical_garden,US,"United States of America","Bonhoeffer",48.2668,-122.2652
theme_park,US,"United States of America","Bonnie Springs Ranch",36.0594,-115.454
botanical_garden,US,"United States of America","Bonny Oaks Arboretum",35.073,-85.183
botanical_garden,US,"United States of America","Boone County Arboretum",38.9649,-84.7227
botanical_garden,US,"United States of America","Boone Hall Plantation",32.85785,-79.82321
botanical_garden,US,"United States of America","Boston Public Garden",42.3541,-71.0699
botanical_garden,US,"United States of America","Botanica, The Wichita Gardens",37.6961,-97.3638
botanical_garden,US,"United States of America","Botanical Research Institute of Texas",32.741944444,-97.362777777
theme_park,US,"United States of America","Bowcraft",40.6654,-74.3874
botanical_garden,US,"United States of America","Bowman's Hill Wildflower Preserve",40.3301,-74.9406
botanical_garden,US,"United States of America","Boxerwood Gardens",38.4833,-78.85
botanical_garden,US,"United States of America","Boyce Thompson Arboretum",33.279166666,-111.158333333
botanical_garden,US,"United States of America","Brandywine Wildflower and Native Plant Gardens",39.8699,-75.5931
botanical_garden,US,"United States of America","Brenton Arboretum",41.66,-93.99
botanical_garden,US,"United States of America","Brooklyn",40.668055555,-73.963888888
botanical_garden,US,"United States of America","Brooks Memorial Arboretum",38.1225,-80.16138889
botanical_garden,US,"United States of America","Brookside Gardens",39.058611111,-77.036944444
national_park,US,"United States of America","Bryce Canyon",37.64,-112.17
botanical_garden,US,"United States of America","Bryn Mawr Campus Arboretum",40.0263,-75.3129
theme_park,US,"United States of America","Buckskin Joe",38.476,-105.326
botanical_garden,US,"United States of America","Buffalo and Erie County",42.8281,-78.8258
theme_park,US,"United States of America","Bunker Beach",45.2103,-93.2836
botanical_garden,US,"United States of America","Burchfiel Grove and Arboretum",35.87097,-83.57473
theme_park,US,"United States of America","Busch Gardens Tampa",28.0375,-82.4225
theme_park,US,"United States of America","Busch Gardens Williamsburg",37.233611111,-76.645833333
botanical_garden,US,"United States of America","Bush's Pasture Park",44.9317,-123.038
theme_park,US,"United States of America","Bushkill Park",40.70149,-75.25407
botanical_garden,US,"United States of America","Butterfly World",26.2684,-80.1713
botanical_garden,US,"United States of America","Buxton Park Arboretum",41.3668,-93.5637
botanical_garden,US,"United States of America","Cactus Garden",34.075827,-118.473022
botanical_garden,US,"United States of America","California",34.1117,-117.716
botanical_garden,US,"United States of America","California State University Northridge",34.2389,-118.527
theme_park,US,"United States of America","California's Great America",37.3959,-121.972
botanical_garden,US,"United States of America","Callaway Gardens",32.8448,-84.8515
theme_park,US,"United States of America","Camden Park",38.413,-82.4336
theme_park,US,"United States of America","Camelbeach Waterpark",41.05,-75.356
botanical_garden,US,"United States of America","Campus of Elon University",36.103,-79.501
botanical_garden,US,"United States of America","Cann Memorial",36.7028,-97.0653
theme_park,US,"United States of America","Canobie Lake Park",42.7928,-71.2461
national_park,US,"United States of America","Canyonlands",38.1669,-109.76
botanical_garden,US,"United States of America","Cape Fear",35.0542,-78.8589
national_park,US,"United States of America","Capitol Reef",38.2,-111.167
botanical_garden,US,"United States of America","Carl S. English, Jr.,",47.6668,-122.398
botanical_garden,US,"United States of America","Carleton College Cowling Arboretum",44.4641,-93.1536
botanical_garden,US,"United States of America","Carlisle S. Page Arboretum",35.122,-90.0295
national_park,US,"United States of America","Carlsbad Caverns",32.175277777,-104.443888888
theme_park,US,"United States of America","Carousel Gardens",29.9875,-90.0985
theme_park,US,"United States of America","Carowinds",35.1043,-80.9397
theme_park,US,"United States of America","Cars Land",33.8056,-117.9187
theme_park,US,"United States of America","Carson City and Indian Village",42.2416,-73.9826
theme_park,US,"United States of America","Carter's Million Dollar Pier",25.774727083,-80.129652531
theme_park,US,"United States of America","Cascade Park",40.9772,-80.322
botanical_garden,US,"United States of America","Case Estates",42.358,-71.2991
theme_park,US,"United States of America","Casino Pier",39.9426,-74.0692
theme_park,US,"United States of America","Castaway Bay",41.4419,-82.6771
theme_park,US,"United States of America","Castle Park",33.9028,-117.468
theme_park,US,"United States of America","Castles N' Coasters",33.5723,-112.119
botanical_garden,US,"United States of America","Cecil B. Day Butterfly Center",32.8317,-84.854
theme_park,US,"United States of America","Cedar Point",41.48,-82.6825
theme_park,US,"United States of America","Cedar Point Shores",41.4897,-81.6117
botanical_garden,US,"United States of America","Cedar Valley Arboretum &",42.4307,-92.325
theme_park,US,"United States of America","Celebration City",36.6477,-93.2959
theme_park,US,"United States of America","Celoron Park",42.109722222,-79.286111111
botanical_garden,US,"United States of America","Centennial Arboretum",39.983,-75.2104
botanical_garden,US,"United States of America","Centennial Museum and Chihuahuan Desert Gardens",31.769313,-106.505952
theme_park,US,"United States of America","Central Park",40.6222,-75.4208
botanical_garden,US,"United States of America","Chadwick Arboretum",40.0095,-83.0298
national_park,US,"United States of America","Channel Islands",33.66,-119.64
botanical_garden,US,"United States of America","Chanticleer Garden",40.0305,-75.386556
botanical_garden,US,"United States of America","Chapman Field",25.6417,-80.2951
botanical_garden,US,"United States of America","Chatham University Arboretum",40.4476,-79.9234
botanical_garden,US,"United States of America","Cheekwood and Museum of Art",36.086667,-86.873889
botanical_garden,US,"United States of America","Cherokee and Nature Trail",35.486766666,-83.322652777
botanical_garden,US,"United States of America","Cherokee Arboretum at Audubon Acres",34.9994,-85.1803
botanical_garden,US,"United States of America","Cherokee Trail Arboretum",35.12642,-85.21762
theme_park,US,"United States of America","Cherry Hill",41.0137,-111.914
botanical_garden,US,"United States of America","Chesapeake Arboretum",36.7437,-76.2367
botanical_garden,US,"United States of America","Chester M. Alter Arboretum",39.6764,-104.962
botanical_garden,US,"United States of America","Cheyenne",41.159,-104.831
botanical_garden,US,"United States of America","Chicago",42.1475,-87.789722222
botanical_garden,US,"United States of America","Chihuahuan Desert Nature Center and",30.5404,-103.8373
botanical_garden,US,"United States of America","Chihuahuan Desert Research Institute",30.56,-103.841
theme_park,US,"United States of America","Children's Fairyland",37.809,-122.26
theme_park,US,"United States of America","Chippewa Lake Park",41.0636,-81.9017
botanical_garden,US,"United States of America","Chippewa Nature Center",43.5997,-84.2869
botanical_garden,US,"United States of America","Christy Woods",40.1996,-85.4159
botanical_garden,US,"United States of America","Cincinnati Zoo and",39.145,-84.5075
theme_park,US,"United States of America","Cinderella Castle",28.4195,-81.5812
theme_park,US,"United States of America","Circus World",28.2315,-81.6432
botanical_garden,US,"United States of America","Clark",40.7722,-73.6398
theme_park,US,"United States of America","Clearwater Water Park Development",34.0693,-117.227
theme_park,US,"United States of America","Clementon",39.8031,-74.9847
botanical_garden,US,"United States of America","Cleveland",41.510847222,-81.609455555
theme_park,US,"United States of America","Cliff's",35.1449,-106.589
botanical_garden,US,"United States of America","Clovis",36.816667,-119.7
theme_park,US,"United States of America","Club Lake Ahoy",36.8039,-76.4004
botanical_garden,US,"United States of America","Coastal Maine",43.875,-69.6617
botanical_garden,US,"United States of America","Cofrin Memorial Arboretum",44.536111111,-87.916111111
botanical_garden,US,"United States of America","Coker Arboretum",35.9137,-79.049
botanical_garden,US,"United States of America","College of the Desert Arboretum",33.7333,-116.387
botanical_garden,US,"United States of America","Colonial Park Arboretum and Gardens",40.509,-74.5741
theme_park,US,"United States of America","Columbia Gardens",46.0065933,-112.4641851
botanical_garden,US,"United States of America","Como Park Zoo and Conservatory",44.9814,-93.1508
botanical_garden,US,"United States of America","Conejo Valley",34.191944444,-118.885833333
theme_park,US,"United States of America","Coney Island",39.0543,-84.42
theme_park,US,"United States of America","Confusion Hill",39.918916666,-123.764944444
national_park,US,"United States of America","Congaree",33.783333333,-80.783333333
theme_park,US,"United States of America","Conneaut Lake Park",41.6356,-80.315
botanical_garden,US,"United States of America","Connecticut College Arboretum",41.38,-72.11
botanical_garden,US,"United States of America","Conservation Garden Park",40.6014,-111.927
botanical_garden,US,"United States of America","Conservatory of Flowers",37.772,-122.46
theme_park,US,"United States of America","Contoocook River",43.2702,-71.6111
theme_park,US,"United States of America","Copperstone Open Pit",33.879,-114.3
botanical_garden,US,"United States of America","Cora Hartshorn Arboretum and Bird Sanctuary",40.725,-74.328
botanical_garden,US,"United States of America","Cornell",42.45,-76.472
botanical_garden,US,"United States of America","Cox Arboretum and Gardens MetroPark",39.6552,-84.2241
botanical_garden,US,"United States of America","Crapo Park",40.775833,-91.101944
national_park,US,"United States of America","Crater Lake",42.911944444,-122.148055555
theme_park,US,"United States of America","Crescent Park",41.7561,-71.3578
botanical_garden,US,"United States of America","Crosby Arboretum",30.5036,-89.6662
botanical_garden,US,"United States of America","Crozer Arboretum",39.8571,-75.3687
botanical_garden,US,"United States of America","Crystal Springs Rhododendron Garden",45.4797,-122.636
botanical_garden,US,"United States of America","Curtis Hall Arboretum",40.082778,-75.191944
botanical_garden,US,"United States of America","Cutler",42.1022,-75.9117
theme_park,US,"United States of America","Cutting Edge Haunted House",32.7464,-97.3103
national_park,US,"United States of America","Cuyahoga Valley",41.241666666,-81.549722222
botanical_garden,US,"United States of America","Cylburn Arboretum",39.3525,-76.6528
theme_park,US,"United States of America","Cypress Cove Family Aquatic Park",41.7347,-88.0378
theme_park,US,"United States of America","Cypress Gardens",27.990113888,-81.69185
botanical_garden,US,"United States of America","Cypress Gardens",33.047777777,-79.948888888
botanical_garden,US,"United States of America","D. A. Andy Anderson Arboretum",30.6024,-96.3061
botanical_garden,US,"United States of America","D. A. Murphy Panhandle Arboretum",41.8931,-103.68
botanical_garden,US,"United States of America","Dallas Arboretum and",32.823097,-96.717322
botanical_garden,US,"United States of America","Daniel Boone Native Gardens",36.2087,-81.6708
botanical_garden,US,"United States of America","Daniel Stowe",35.168,-81.0578
botanical_garden,US,"United States of America","Davidson College Arboretum",35.5002,-80.8462
botanical_garden,US,"United States of America","Dawes Arboretum",39.979,-82.4171
theme_park,US,"United States of America","Daytona Beach Boardwalk",29.22787,-81.00774
theme_park,US,"United States of America","Daytona Lagoon",29.2302,-81.0116
national_park,US,"United States of America","Death Valley",36.45,-116.85
theme_park,US,"United States of America","Deep River Water Park",41.47074,-87.230125
botanical_garden,US,"United States of America","Deerfield Beach Arboretum",26.3188,-80.1414
botanical_garden,US,"United States of America","Deerwood Arboretum and Nature Area",36.03594,-86.83972
botanical_garden,US,"United States of America","Delaware Center for Horticulture",39.7587,-75.5613
theme_park,US,"United States of America","DelGrosso's",40.6358,-78.2961
theme_park,US,"United States of America","Delmar Garden",38.65838,-90.30712
national_park,US,"United States of America","Denali",63.34111,-150.73414
national_park,US,"United States of America","Denali National Park and Preserve",63.2,-150.3
botanical_garden,US,"United States of America","Denbigh Experimental Forest",48.2906,-100.637
theme_park,US,"United States of America","Deno's Wonder Wheel",40.5743,-73.9792
botanical_garden,US,"United States of America","Denver",39.732265514,-104.960619226
botanical_garden,US,"United States of America","Des Moines Botanical Center",41.5969,-93.6138
botanical_garden,US,"United States of America","Descanso Gardens",34.200277777,-118.2125
botanical_garden,US,"United States of America","Desert",33.459166666,-111.943888888
botanical_garden,US,"United States of America","Desert Garden Conservatory",34.1272,-118.11
theme_park,US,"United States of America","Dezerland Park Orlando",28.4685,-81.447867
theme_park,US,"United States of America","Dinosaur World",36.442,-93.8422
theme_park,US,"United States of America","Discovery Cove",28.4054,-81.4617
theme_park,US,"United States of America","Disney California Adventure",33.807778,-117.919167
theme_park,US,"United States of America","Disney's Animal Kingdom",28.358,-81.59
theme_park,US,"United States of America","Disney's Blizzard Beach",28.3518,-81.5754
theme_park,US,"United States of America","Disney's Hollywood Studios",28.3575,-81.56
theme_park,US,"United States of America","Disney's River Country",28.4113,-81.5647
theme_park,US,"United States of America","Disney's Typhoon Lagoon",28.365671,-81.529588
theme_park,US,"United States of America","Disneyland",33.809,-117.919
theme_park,US,"United States of America","DisneyQuest",28.3703,-81.5221
botanical_garden,US,"United States of America","Doane College Osterhout Arboretum",40.6214,-96.9494
theme_park,US,"United States of America","Dodge Park Playland",41.262,-95.916
theme_park,US,"United States of America","Dogpatch USA",36.1068,-93.1322
theme_park,US,"United States of America","Dollywood",35.7951,-83.5312
theme_park,US,"United States of America","Dollywood's Splash Country",35.8098,-83.5342
botanical_garden,US,"United States of America","Don Opel Arboretum",42.2828,-89.6733
botanical_garden,US,"United States of America","Donald E. Davis Arboretum",32.5956,-85.4828
theme_park,US,"United States of America","Dorney Park & Wildwater Kingdom",40.577777777,-75.533055555
botanical_garden,US,"United States of America","Dow Gardens",43.6234,-84.2496
theme_park,US,"United States of America","Dreamland",40.574444444,-73.976944444
theme_park,US,"United States of America","Dreamland Park",40.695350915,-74.200685955
theme_park,US,"United States of America","DreamWorks Water Park",40.807101,-74.069175
botanical_garden,US,"United States of America","Drew University",40.761,-74.427
theme_park,US,"United States of America","Dry Gulch, U.S.A.",36.38481,-95.140366
national_park,US,"United States of America","Dry Tortugas",24.628611111,-82.873333333
theme_park,US,"United States of America","Dry Town Water Park",34.55742,-118.05985
botanical_garden,US,"United States of America","Dubuque Arboretum and",42.5323,-90.7177
botanical_garden,US,"United States of America","Duke Gardens",40.5506,-74.6187
botanical_garden,US,"United States of America","Dunlawton Plantation and Sugar Mill",29.140833,-81.006111
botanical_garden,US,"United States of America","Dunsmuir",41.14,-122.16
botanical_garden,US,"United States of America","Dupree Gardens",28.240754,-82.448852
theme_park,US,"United States of America","Dutch Wonderland",40.0277,-76.2184
botanical_garden,US,"United States of America","Dyck Arboretum of the Plains",38.1294,-97.434
botanical_garden,US,"United States of America","Earl Burns Miller Japanese Garden",33.7852,-118.12
botanical_garden,US,"United States of America","Earl L. Core Arboretum",39.6456,-79.9775
botanical_garden,US,"United States of America","East Texas Arboretum and Botanical Society",32.2129,-95.8785
botanical_garden,US,"United States of America","Ecotat Gardens and Arboretum",44.8097,-68.9264
theme_park,US,"United States of America","Edaville Railroad",41.8459,-70.7728
botanical_garden,US,"United States of America","Eddy Arboretum",38.7297,-120.799
botanical_garden,US,"United States of America","Eden Gardens State Park",30.3781,-86.1219
botanical_garden,US,"United States of America","Edgewood",37.9028,-122.56
botanical_garden,US,"United States of America","Edison and Ford Winter Estates",26.634199,-81.880776
botanical_garden,US,"United States of America","Edith J. Carrier Arboretum",38.4298,-78.8609
theme_park,US,"United States of America","Eldora Park",40.177,-79.891
theme_park,US,"United States of America","Eldridge Park",42.1151,-76.8168
botanical_garden,US,"United States of America","Elgin",40.758611111,-73.979166666
botanical_garden,US,"United States of America","Elisabeth C. Miller",47.738265734,-122.363036112
theme_park,US,"United States of America","Elitch Gardens",39.750555555,-105.011111111
botanical_garden,US,"United States of America","Elitch Gardens",39.7683,-105.046
botanical_garden,US,"United States of America","Elizabeth F. Gamble Garden",37.44598283,-122.14905
botanical_garden,US,"United States of America","Ellwanger Garden",43.1377,-77.6151
botanical_garden,US,"United States of America","Elm Bank Horticulture Center",42.276111,-71.3025
botanical_garden,US,"United States of America","Enchanted Floral Gardens of Kula",20.793055555,-156.325833333
theme_park,US,"United States of America","Enchanted Forest",41.6342,-87.0658
theme_park,US,"United States of America","Enchanted Forest Water Safari",43.7,-74.9667
theme_park,US,"United States of America","Enchanted Island",33.4738,-112.0887
botanical_garden,US,"United States of America","Enid A. Haupt Glass Garden",40.7433,-73.9732
theme_park,US,"United States of America","EnterTRAINment Junction",39.351222222,-84.375111111
theme_park,US,"United States of America","Epcot",28.371,-81.55
botanical_garden,US,"United States of America","Erie Zoo",42.0968,-80.0755
botanical_garden,US,"United States of America","Ethel M Botanical Cactus Garden",36.074,-115.071
theme_park,US,"United States of America","Euclid Beach Park",41.58,-81.57
national_park,US,"United States of America","Everglades",25.3125,-80.6875
theme_park,US,"United States of America","Everglades Holiday Park",26.06,-80.445
theme_park,US,"United States of America","Evergreen Wings and Waves Waterpark",45.204,-123.15
theme_park,US,"United States of America","Evermore Park",40.359,-111.766
botanical_garden,US,"United States of America","Ewing and Muriel Kauffman Memorial Garden",39.0396,-94.5794
theme_park,US,"United States of America","Excelsior",44.903333333,-93.5625
botanical_garden,US,"United States of America","Exposition Park Rose Garden",34.016944,-118.285
botanical_garden,US,"United States of America","Fairchild Tropical",25.6787,-80.2737
botanical_garden,US,"United States of America","Fairview Cemetery",40.6663,-74.3306
theme_park,US,"United States of America","Fairyland Park",38.9906,-94.557
theme_park,US,"United States of America","Fairytale Town",38.53974,-121.50112
theme_park,US,"United States of America","Fallsville Splash Park",43.0855,-79.0539
theme_park,US,"United States of America","Family Kingdom",33.68166667,-78.89305556
botanical_garden,US,"United States of America","Fay Hyland Botanical Plantation",44.8958,-68.6747
botanical_garden,US,"United States of America","Fell Arboretum",40.5108,-88.9935
botanical_garden,US,"United States of America","Fellows Riverside Gardens",41.0992,-80.675
botanical_garden,US,"United States of America","Fernwood and Nature Preserve",41.8653,-86.3466
botanical_garden,US,"United States of America","Flamingo Gardens",26.0737,-80.3129
theme_park,US,"United States of America","Flint Park",43.0565,-83.7195
botanical_garden,US,"United States of America","Florida",27.883333333,-82.808333333
theme_park,US,"United States of America","Floridaland",27.1779,-82.4904
botanical_garden,US,"United States of America","Foellinger-Freimann Botanical Conservatory",41.0756,-85.1394
theme_park,US,"United States of America","Fontaine Ferry Park",38.26424,-85.82691
botanical_garden,US,"United States of America","For-Mar Nature Preserve & Arboretum",43.040555555,-83.605833333
theme_park,US,"United States of America","Forest Park",41.873823,-87.817782
botanical_garden,US,"United States of America","Forest Park Museum and Arboretum",41.8261,-94.0879
national_park,US,"United States of America","Fort Dupont Park",38.877312888,-76.94955825
national_park,US,"United States of America","Fort Slocum Park",38.960277777,-77.013888888
national_park,US,"United States of America","Fort Stevens",38.964444444,-77.028888888
botanical_garden,US,"United States of America","Fort Stevenson State Park Arboretum",47.5939,-101.425
botanical_garden,US,"United States of America","Fort Worth",32.74,-97.3625
botanical_garden,US,"United States of America","Foster",21.316667,-157.859167
botanical_garden,US,"United States of America","Foxfire",44.7343,-90.1696
theme_park,US,"United States of America","Foxfire Mountain Themed",35.83,-83.392
botanical_garden,US,"United States of America","Frank Curto Park",40.4512,-79.9769
botanical_garden,US,"United States of America","Franklin Park Conservatory",39.965859,-82.95289
botanical_garden,US,"United States of America","Fred Hamilton Rhododendron Garden",35.0175,-83.79111111
botanical_garden,US,"United States of America","Frederik Meijer Gardens & Sculpture Park",42.981,-85.591
theme_park,US,"United States of America","Freedomland U.S.A.",40.8718,-73.8276
theme_park,US,"United States of America","Freestyle Music Park",33.714,-78.934
botanical_garden,US,"United States of America","Frelinghuysen Arboretum",40.803,-74.453
theme_park,US,"United States of America","Frontier City",35.5848,-97.441
botanical_garden,US,"United States of America","Frontier Organic Research Farm",41.891,-91.905
theme_park,US,"United States of America","Frontier Village",37.2621,-121.819
botanical_garden,US,"United States of America","Fruit and Spice Park",25.5356,-80.4942
botanical_garden,US,"United States of America","Fuller Gardens",42.9616,-70.774
botanical_garden,US,"United States of America","Fullerton Arboretum",33.8872,-117.883
theme_park,US,"United States of America","Fun Sport America-Kissimmee",28.330285,-81.514558
theme_park,US,"United States of America","Fun Spot",28.3306,-81.5148
theme_park,US,"United States of America","Fun Spot Amusement Park & Zoo",41.6765,-85.0298
theme_park,US,"United States of America","Fun-Plex",41.203910853,-96.020403377
theme_park,US,"United States of America","Fun-World",42.7161,-71.4422
theme_park,US,"United States of America","Funland",34.8003,-92.303
theme_park,US,"United States of America","Funland (Rehoboth Beach, Delaware)",38.714580555,-75.076213888
theme_park,US,"United States of America","Funtown Splashtown USA",43.5272,-70.4276
botanical_garden,US,"United States of America","Furman University Japanese Garden",34.9286,-82.4367
theme_park,US,"United States of America","Galveston Island Historic Pleasure Pier",29.286614,-94.78991
botanical_garden,US,"United States of America","Garden in the Woods",42.3412,-71.4265
botanical_garden,US,"United States of America","Garden of Kirpal",39.3832,-123.0682
botanical_garden,US,"United States of America","Gardens at Heather Farm",37.9189,-122.043
botanical_garden,US,"United States of America","Gardens of the Fox Cities",44.2906,-88.3851
botanical_garden,US,"United States of America","Gardens of the World",34.1765,-118.8483
botanical_garden,US,"United States of America","Gardenview Horticultural Park",41.3128,-81.8319
botanical_garden,US,"United States of America","Garfield Park",41.886389,-87.717222
botanical_garden,US,"United States of America","Garfield Park Conservatory and Gardens",39.7321,-86.142
botanical_garden,US,"United States of America","Garrard Ardeneum",34.9331,-95.7664
botanical_garden,US,"United States of America","Garvan Woodland Gardens",34.4346,-93.0471
national_park,US,"United States of America","Gates of the Arctic National Park and Preserve",67.7833,-153.3
national_park,US,"United States of America","Gateway Arch",38.6246,-90.185
theme_park,US,"United States of America","Gathering Place",36.124166666,-95.984722222
theme_park,US,"United States of America","Gatorland",28.3556,-81.4042
theme_park,US,"United States of America","Geauga Lake",41.348388888,-81.369188888
botanical_garden,US,"United States of America","Gen. Charles S. Farnsworth County Park",34.200556,-118.131111
botanical_garden,US,"United States of America","George L. Luthy Memorial",40.7176,-89.5751
botanical_garden,US,"United States of America","George Landis Arboretum",42.7847,-74.2703
botanical_garden,US,"United States of America","Georgeson",64.8561,-147.859
botanical_garden,US,"United States of America","Georgia Perimeter College",33.68692,-84.27435
botanical_garden,US,"United States of America","Georgia Southern",32.4209,-81.7741
botanical_garden,US,"United States of America","Gerald D. Coorts Memorial Arboretum",36.1746,-85.50403
theme_park,US,"United States of America","Ghost Town in the Sky",35.528769,-83.102378
theme_park,US,"United States of America","Gillians Wonderland Pier and Island Waterpark",39.2774,-74.5668
botanical_garden,US,"United States of America","Gilman Park Arboretum",42.2006,-97.5189
theme_park,US,"United States of America","Gilroy Gardens",37.0053,-121.628
national_park,US,"United States of America","Glacier",48.755,-113.8
national_park,US,"United States of America","Glacier Bay National Park and Preserve",58.7,-137
theme_park,US,"United States of America","Glenwood Caverns",39.5605,-107.32
theme_park,US,"United States of America","Golden City",40.63,-73.885833333
botanical_garden,US,"United States of America","Golden Gate Park Rose Garden",37.772,-122.4713
theme_park,US,"United States of America","Golfland Sunsplash",33.388,-111.838
botanical_garden,US,"United States of America","Governor Furnas Arboretum",40.3969,-95.6617
national_park,US,"United States of America","Grand Canyon",36.0553,-112.122
national_park,US,"United States of America","Grand Teton",43.833333333,-110.700833333
theme_park,US,"United States of America","Grand Texas",30.194569,-95.200088
national_park,US,"United States of America","Great Basin",39.0058,-114.2197
theme_park,US,"United States of America","Great Escape",43.351,-73.6901
national_park,US,"United States of America","Great Sand Dunes",37.77654,-105.62886
national_park,US,"United States of America","Great Sand Dunes National Park and Preserve",37.732777777,-105.512222222
national_park,US,"United States of America","Great Smoky Mountains",35.611111111,-83.425
botanical_garden,US,"United States of America","Green Animals Topiary Garden",41.6,-71.2746
botanical_garden,US,"United States of America","Green Bay",44.5316,-88.099
botanical_garden,US,"United States of America","Green Spring Gardens Park",38.8167,-77.15
botanical_garden,US,"United States of America","Greensboro Arboretum",36.0701,-79.8413
botanical_garden,US,"United States of America","Greenwood Gardens",40.7442,-74.3075
national_park,US,"United States of America","Guadalupe Mountains",31.916666666,-104.866666666
botanical_garden,US,"United States of America","Guadalupe River Park & Gardens",37.346944444,-121.907222222
theme_park,US,"United States of America","Gulf World Marine Park",30.211111111,-85.867222222
theme_park,US,"United States of America","H2Oasis Indoor Waterpark",61.1212,-149.854
botanical_garden,US,"United States of America","Hadwen Arboretum",42.2577,-71.8326
botanical_garden,US,"United States of America","Hahn Horticulture Garden",37.2194,-80.4243
botanical_garden,US,"United States of America","Hakone Gardens",37.2524,-122.041
national_park,US,"United States of America","Haleakalā",20.7204,-156.15515
botanical_garden,US,"United States of America","Hambrick",35.5356,-97.4831
theme_park,US,"United States of America","Hanna–Barbera Land",30.070167,-95.431935
botanical_garden,US,"United States of America","Harkness Memorial State Park",41.304722,-72.113056
botanical_garden,US,"United States of America","Harry P. Leu Gardens",28.567383,-81.357322
botanical_garden,US,"United States of America","Hartford",41.7553,-72.674
theme_park,US,"United States of America","Hartke Pool",36.190833333,-115.124444444
botanical_garden,US,"United States of America","Hartman Prehistoric Garden",30.2701,-97.7718
botanical_garden,US,"United States of America","Harvey Butler Memorial Rhododendron Sanctuary",43.4327,-70.8234
botanical_garden,US,"United States of America","Hatcher Garden and Woodland Preserve",34.9314,-81.9575
botanical_garden,US,"United States of America","Hauck",39.1296,-84.5003
botanical_garden,US,"United States of America","Haverford College Arboretum",40.0116,-75.299
national_park,US,"United States of America","Hawaiʻi Volcanoes",19.40083,-155.12361
botanical_garden,US,"United States of America","Hawaii",19.810555555,-155.095833333
botanical_garden,US,"United States of America","Hayes Arboretum",39.8371,-84.8438
botanical_garden,US,"United States of America","Hearthstone",30.209085141,-82.813571748
botanical_garden,US,"United States of America","Heathcote",27.418277777,-80.324
botanical_garden,US,"United States of America","Hebert Arboretum",42.463,-73.244
botanical_garden,US,"United States of America","Hendricks Park",44.035,-123.058
botanical_garden,US,"United States of America","Henry Foundation for Botanical Research",40.0333,-75.2833
botanical_garden,US,"United States of America","Henry Schmieder Arboretum",40.2988,-75.1587
botanical_garden,US,"United States of America","Heritage Museums and Gardens",41.7477,-70.5055
theme_park,US,"United States of America","Heritage Square",39.7135,-105.212
botanical_garden,US,"United States of America","Hermitage Arboretum",36.2146,-86.6129
botanical_garden,US,"United States of America","Heronswood",47.8208,-122.549
botanical_garden,US,"United States of America","Herrontown Woods Arboretum",40.382,-74.6469
botanical_garden,US,"United States of America","Hershey Gardens",40.2987,-76.657
theme_park,US,"United States of America","Hersheypark",40.288055555,-76.656944444
botanical_garden,US,"United States of America","Hi'iaka's Healing Herb Garden",19.605684,-154.953437
botanical_garden,US,"United States of America","Hidden Lake Gardens",42.0308,-84.1066
botanical_garden,US,"United States of America","High Plains Arboretum",41.1545,-104.829
botanical_garden,US,"United States of America","Highland Park",43.1297,-77.6064
botanical_garden,US,"United States of America","Highline",47.48,-122.303
botanical_garden,US,"United States of America","Highstead Arboretum",41.3251,-73.3878
botanical_garden,US,"United States of America","Hilo Tropical Gardens",19.735,-155.037
botanical_garden,US,"United States of America","Ho'omaluhia",21.3878,-157.808
botanical_garden,US,"United States of America","Hodges Gardens State Park",31.3692,-93.4248
botanical_garden,US,"United States of America","Hofstra University Arboretum",40.7122,-73.5995
botanical_garden,US,"United States of America","Holden Arboretum",41.6126,-81.3013
theme_park,US,"United States of America","Holiday World & Splashin' Safari",38.119,-86.916
botanical_garden,US,"United States of America","Hollis Garden",28.0421342,-81.9514435
botanical_garden,US,"United States of America","Holmdel Arboretum",40.3306,-74.141
botanical_garden,US,"United States of America","Holtwood Arboretum",39.837,-76.33
theme_park,US,"United States of America","Holy Land Experience",28.4962,-81.433
theme_park,US,"United States of America","Holy Land USA",41.547,-73.03
botanical_garden,US,"United States of America","Honor Heights Park",35.7685,-95.4161
theme_park,US,"United States of America","Horseshoe Junction",30.16842,-96.42771
botanical_garden,US,"United States of America","Horton Park (Saint Paul, Minnesota)",44.9635,-93.1577
national_park,US,"United States of America","Hot Springs",34.513611111,-93.053611111
botanical_garden,US,"United States of America","Houston",29.6875,-95.27
botanical_garden,US,"United States of America","Houston Arboretum and Nature Center",29.7652,-95.452
botanical_garden,US,"United States of America","Howard Peters Rawlings Conservatory and of Baltimore",39.3186,-76.6461
botanical_garden,US,"United States of America","Howard Van Vleck Arboretum",40.8186,-74.2249
botanical_garden,US,"United States of America","Hoyt Arboretum",45.51679,-122.716
theme_park,US,"United States of America","Huck Finn's Playland",42.663752,-73.738568
botanical_garden,US,"United States of America","Huckleberry Botanic Regional Preserve",37.845,-122.19
botanical_garden,US,"United States of America","Hudson Gardens",39.6046,-105.023
botanical_garden,US,"United States of America","Hulda Klager Lilac Gardens",45.8972,-122.753
botanical_garden,US,"United States of America","Humboldt",40.697,-124.2
theme_park,US,"United States of America","Hunt's Pier",38.989,-74.804
botanical_garden,US,"United States of America","Hunterdon County Arboretum",40.5784,-74.8595
botanical_garden,US,"United States of America","Huntington",34.13095,-118.11405
botanical_garden,US,"United States of America","Huntington Desert Garden",34.1272,-118.11
botanical_garden,US,"United States of America","Huntsville",34.707,-86.633
theme_park,US,"United States of America","Hydro Adventures",36.73255167,-90.40243778
theme_park,US,"United States of America","Icon Park",28.4432,-81.4693
botanical_garden,US,"United States of America","Idaho State Arboretum",42.8613,-112.434
theme_park,US,"United States of America","Idlewild and Soak Zone",40.2611,-79.2814
theme_park,US,"United States of America","Idora Park",37.84239444,-122.26315556
botanical_garden,US,"United States of America","Independence Park",30.4446,-91.1059
botanical_garden,US,"United States of America","Indiana",41.5497,-87.3006
theme_park,US,"United States of America","Indiana Beach",40.79,-86.77
national_park,US,"United States of America","Indiana Dunes",41.648055555,-87.108055555
theme_park,US,"United States of America","Indianola Park",40.0029,-82.9977
botanical_garden,US,"United States of America","Inez Grant Parker Memorial Rose Garden",32.734382,-117.144123
botanical_garden,US,"United States of America","Innisfree Garden",41.758333333,-73.75
botanical_garden,US,"United States of America","Inniswood and Nature Preserve",40.10312,-82.8974
botanical_garden,US,"United States of America","International Forest of Friendship",39.5324,-95.1491
botanical_garden,US,"United States of America","International Larix Arboretum",48.3838,-114.058
botanical_garden,US,"United States of America","International Peace Garden",49,-100.059491
botanical_garden,US,"United States of America","International Peace Gardens",40.7475,-111.921
botanical_garden,US,"United States of America","International Rose Test Garden",45.51908,-122.70557
botanical_garden,US,"United States of America","Interstate Packaging Arboretum",36.124,-87.228
botanical_garden,US,"United States of America","Iowa Arboretum",41.9381,-93.86
national_park,US,"United States of America","Isle Royale",47.9958654,-88.9092899
botanical_garden,US,"United States of America","Itha T. Krumme Memorial Arboretum",40.0694,-95.6119
botanical_garden,US,"United States of America","J. C. Raulston Arboretum",35.7945,-78.6991
botanical_garden,US,"United States of America","Jackson State University",32.297355,-90.20556
botanical_garden,US,"United States of America","Jacksonville Arboretum & Gardens",30.3462,-81.5396
botanical_garden,US,"United States of America","James P. Kelleher Rose Garden",42.341944444,-71.094888888
botanical_garden,US,"United States of America","James Pass Arboretum",43.0433,-76.1908
theme_park,US,"United States of America","Jantzen Beach",45.613,-122.682
botanical_garden,US,"United States of America","Japanese Friendship Garden",37.322222222,-121.861111111
botanical_garden,US,"United States of America","Japanese House and Garden",39.9814,-75.213
theme_park,US,"United States of America","Japanese Village and Deer Park",33.8703,-118.01
botanical_garden,US,"United States of America","Jasmine Hill Gardens",32.496,-86.186
botanical_garden,US,"United States of America","Jenkins Arboretum",40.0617,-75.4326
theme_park,US,"United States of America","Jenkinson's Boardwalk",40.0937,-74.0366
botanical_garden,US,"United States of America","Jensen",38.6394,-121.321
botanical_garden,US,"United States of America","Jerry E. Clegg",40.4172,-86.8786
botanical_garden,US,"United States of America","Jesse Hepler Lilac Arboretum",43.1364,-70.935
botanical_garden,US,"United States of America","Jo Allyn Lowe Park",36.7153,-95.9464
botanical_garden,US,"United States of America","John A. Finch Arboretum",47.641,-117.467
botanical_garden,US,"United States of America","John C. Gifford Arboretum",25.7238,-80.2803
botanical_garden,US,"United States of America","John J. Tyler Arboretum",39.934722,-75.431111
botanical_garden,US,"United States of America","John P. Humes Japanese Stroll Garden",40.8736,-73.5737
botanical_garden,US,"United States of America","John R. Rodman Arboretum",34.1047,-117.705
theme_park,US,"United States of America","Jolly Roger",38.35994444,-75.07652778
botanical_garden,US,"United States of America","Jones Arboretum and",43.4655,-90.818417
national_park,US,"United States of America","Joshua Tree",33.748381,-115.819308
theme_park,US,"United States of America","Joyland",33.591708,-101.832072
botanical_garden,US,"United States of America","Jungle Gardens",29.908611111,-91.911666666
theme_park,US,"United States of America","Jungle Jack's Landing",40.1558,-83.1197
botanical_garden,US,"United States of America","Juniper Level",35.6262,-78.6396
botanical_garden,US,"United States of America","Kahanu Garden",20.805,-156.038333333
botanical_garden,US,"United States of America","Kaia Ranch",20.7953,-156.032
theme_park,US,"United States of America","Kaintuck Territory",36.930555555,-88.331388888
botanical_garden,US,"United States of America","Kalmia Gardens",34.3661,-80.1164
botanical_garden,US,"United States of America","Kalopa State Recreation Area",20.0386,-155.439
botanical_garden,US,"United States of America","Kanapaha",29.6122,-82.4089
botanical_garden,US,"United States of America","Kansas Landscape Arboretum",39.195,-97.011
botanical_garden,US,"United States of America","Kansas State University Gardens",39.19521944,-96.58497222
botanical_garden,US,"United States of America","Kapiolani Community College Cactus Garden",21.269696,-157.801253
national_park,US,"United States of America","Katmai National Park and Preserve",58.5,-155
botanical_garden,US,"United States of America","Ke'anae Arboretum",20.8547519,-156.1503733
theme_park,US,"United States of America","Kemah Boardwalk",29.547777777,-95.017222222
national_park,US,"United States of America","Kenai Fjords",59.917777777,-149.9875
theme_park,US,"United States of America","Kennywood",40.3875,-79.863333
botanical_garden,US,"United States of America","Kentucky Horse Park Arboretum",38.15,-84.5205
theme_park,US,"United States of America","Kentucky Kingdom",38.1954,-85.7472
theme_park,US,"United States of America","Kentucky Splash Waterpark",36.7277,-84.1751
botanical_garden,US,"United States of America","Kerr Arboretum and Botanical Area",34.6939,-94.6317
botanical_garden,US,"United States of America","Key West Tropical Forest &",24.5737,-81.7493
theme_park,US,"United States of America","Kid's World",40.3025,-73.9795
theme_park,US,"United States of America","Kiddieland",41.9094,-87.8364
national_park,US,"United States of America","Kings Canyon",36.789280555,-118.672861111
theme_park,US,"United States of America","Kings Dominion",37.84,-77.445
theme_park,US,"United States of America","Kings Island",39.3413,-84.2725
botanical_garden,US,"United States of America","Kingwood Center",40.76,-82.547778
botanical_garden,US,"United States of America","Klehm Arboretum and",42.2446,-89.1124
theme_park,US,"United States of America","Knight's Action Park",39.74039,-89.683937
theme_park,US,"United States of America","Knoebels Amusement Resort",40.8784,-76.505
theme_park,US,"United States of America","Knott's Berry Farm",33.844178,-118.000267
theme_park,US,"United States of America","Knott's Soak City",33.840881,-117.994888
national_park,US,"United States of America","Kobuk Valley",67.35336,-159.19889
botanical_garden,US,"United States of America","Koko Crater",21.2931,-157.6772
botanical_garden,US,"United States of America","Krohn Conservatory",39.1152,-84.4904
botanical_garden,US,"United States of America","Kruckeberg",47.7763,-122.377
theme_park,US,"United States of America","Krug Park (amusement park)",41.2869,-95.9964
botanical_garden,US,"United States of America","Kuhnert Arboretum",45.4389,-98.4756
botanical_garden,US,"United States of America","Kula",20.741944444,-156.324722222
botanical_garden,US,"United States of America","Labadie Arboretum",37.7939,-122.168
botanical_garden,US,"United States of America","Ladd Arboretum",42.0568,-87.7006
botanical_garden,US,"United States of America","Ladew Topiary Gardens",39.5811,-76.5122
botanical_garden,US,"United States of America","Lady Bird Johnson Wildflower Center",30.1853,-97.8706
theme_park,US,"United States of America","Lagoon",40.985555555,-111.894722222
theme_park,US,"United States of America","Lagoon-A-Beach",40.9839,-111.893
theme_park,US,"United States of America","Lake Compounce",41.641666666,-72.923333333
theme_park,US,"United States of America","Lake Dolores Waterpark",34.9482,-116.687
botanical_garden,US,"United States of America","Lake Erie Arboretum",42.1185,-80.1175
theme_park,US,"United States of America","Lake Fairfax Park",38.9644,-77.3181
theme_park,US,"United States of America","Lake George Expedition Park",43.3959,-73.703097
theme_park,US,"United States of America","Lake Shawnee",37.4078,-81.1406
botanical_garden,US,"United States of America","Lake Wilderness Arboretum",47.3806,-122.041
theme_park,US,"United States of America","Lake Winnepesaukah",34.9764,-85.2472
theme_park,US,"United States of America","Lakemont Park",40.4718,-78.3955
theme_park,US,"United States of America","Lakeside",39.778333333,-105.059444444
botanical_garden,US,"United States of America","Lambert Gardens",45.486,-122.636
theme_park,US,"United States of America","Land of Make Believe (amusement park)",40.902,-74.959
theme_park,US,"United States of America","Land of Makebelieve",44.34,-73.77
theme_park,US,"United States of America","Land of Oz",36.1853,-81.8804
botanical_garden,US,"United States of America","Larz Anderson Bonsai Collection",42.2986,-71.1227
theme_park,US,"United States of America","Las Cascadas Water Park",18.43944444,-67.14527778
botanical_garden,US,"United States of America","Lasdon Park and Arboretum",41.2759,-73.7346
national_park,US,"United States of America","Lassen Volcanic",40.498055555,-121.4275
botanical_garden,US,"United States of America","Laurens Henry Cohn, Sr. Memorial Plant Arboretum",30.557777777,-91.118888888
botanical_garden,US,"United States of America","Lauritzen Gardens",41.2369,-95.9162
botanical_garden,US,"United States of America","Leach",45.4741,-122.534
botanical_garden,US,"United States of America","Leaming's Run Gardens",39.1432,-74.7675
botanical_garden,US,"United States of America","Leaning Pine Arboretum",35.3106,-120.663
botanical_garden,US,"United States of America","LeConte-Woodmanston Plantation and",31.701719,-81.475677
botanical_garden,US,"United States of America","Ledge View Nature Center",44.0016,-88.15538
botanical_garden,US,"United States of America","Lee and Virginia Graver Arboretum",40.8001,-75.3635
theme_park,US,"United States of America","Legend City",33.447,-111.958
theme_park,US,"United States of America","Legoland California",33.1282,-117.3117
theme_park,US,"United States of America","Legoland Discovery Center Boston",42.39469444,-71.07961111
theme_park,US,"United States of America","Legoland Discovery Center Chicago",42.039747222,-88.034011111
theme_park,US,"United States of America","Legoland Discovery Center Dallas Fort Worth",32.966641,-97.043481
theme_park,US,"United States of America","Legoland Discovery Center Kansas City",39.0818625,-94.5817603
theme_park,US,"United States of America","Legoland Discovery Center Westchester",40.966527777,-73.856944444
theme_park,US,"United States of America","Legoland Florida",27.9892,-81.6899
theme_park,US,"United States of America","Legoland New York",41.378055555,-74.313333333
botanical_garden,US,"United States of America","Leila Arboretum",42.339,-85.2136
botanical_garden,US,"United States of America","Lendonwood Gardens",36.5839,-94.7864
botanical_garden,US,"United States of America","Leonard J. Buck Garden",40.673,-74.6224
theme_park,US,"United States of America","LeSourdesville Lake",39.4456,-84.4336
theme_park,US,"United States of America","Levi Carter Park",41.3025,-95.9264
botanical_garden,US,"United States of America","Lewis Ginter",37.6212,-77.4711
botanical_garden,US,"United States of America","Lewis W. Barton Arboretum",39.9052,-74.8161
botanical_garden,US,"United States of America","Lexington Cemetery",38.061,-84.509
botanical_garden,US,"United States of America","Liberty Forge Arboretum",40.1754,-76.9269
theme_park,US,"United States of America","Libertyland",35.1185,-89.9824
botanical_garden,US,"United States of America","Lichterman Nature Center",35.0909,-89.8646
botanical_garden,US,"United States of America","Lilac Arboretum and Children's Forest",41.536,-93.579
botanical_garden,US,"United States of America","Lilacia Park",41.8852,-88.0205
botanical_garden,US,"United States of America","Liliuokalani",21.3167,-157.85
botanical_garden,US,"United States of America","Limahuli Garden and Preserve",22.2203,-159.576
theme_park,US,"United States of America","Lincoln Beach",30.069688,-89.953076
theme_park,US,"United States of America","Lincoln Park",41.6363,-71.0422
botanical_garden,US,"United States of America","Lincoln Park Conservatory",41.924,-87.6353
botanical_garden,US,"United States of America","Linnaeus Arboretum",44.3207,-93.9778
theme_park,US,"United States of America","Little Amerricka",43.1647,-89.0583
botanical_garden,US,"United States of America","Living Desert Zoo and Gardens",33.695833333,-116.370277777
botanical_garden,US,"United States of America","Living Desert Zoo and Gardens State Park",32.4417,-104.277
botanical_garden,US,"United States of America","Lockerly Arboretum",33.06107,-83.22633
botanical_garden,US,"United States of America","Longue Vue House and Gardens",29.976753,-90.123092
botanical_garden,US,"United States of America","Longview Park Conservatory and Gardens",41.4951,-90.5743
botanical_garden,US,"United States of America","Longwood Gardens",39.8712,-75.6747
botanical_garden,US,"United States of America","Los Angeles County Arboretum and",34.1416,-118.054
botanical_garden,US,"United States of America","Los Angeles State and County Arboretum",34.141666666,-118.054166666
theme_park,US,"United States of America","Lost Island",42.440575,-92.30747
theme_park,US,"United States of America","Lost Island Water Park",42.444,-92.315
theme_park,US,"United States of America","Lotus Isle",45.6109,-122.674
botanical_garden,US,"United States of America","Lotusland",34.443,-119.657
botanical_garden,US,"United States of America","Louise Arnold Tanger Arboretum",40.0426,-76.3298
botanical_garden,US,"United States of America","Louisiana State Arboretum",30.8039,-92.2879
botanical_garden,US,"United States of America","Louisiana Tech University Arboretum",32.5297,-92.6406
botanical_garden,US,"United States of America","LSU Hilltop Arboretum",30.35636,-91.09486
theme_park,US,"United States of America","Luna Park",47.595324,-122.387551
theme_park,US,"United States of America","Luna Park, Arlington",38.8444,-77.0556
theme_park,US,"United States of America","Luna Park, Cleveland",41.4897,-81.6117
theme_park,US,"United States of America","Luna Park, Pittsburgh",40.4533,-79.9512
theme_park,US,"United States of America","Luna Park, Scranton",41.399,-75.639
botanical_garden,US,"United States of America","Luther Burbank Home and Gardens",38.436111,-122.711667
botanical_garden,US,"United States of America","Lynn R. Lowrey Arboretum",29.7186,-95.3989
botanical_garden,US,"United States of America","Lyon Arboretum",21.333,-157.8018
botanical_garden,US,"United States of America","M. Young",36.7236,-120.06
botanical_garden,US,"United States of America","Mabery Gelvin",40.2038,-88.3943
national_park,US,"United States of America","Mackinac",45.8667,-84.6167
botanical_garden,US,"United States of America","Magens Bay Arboretum",18.3582,-64.9246
theme_park,US,"United States of America","Magic Forest",43.3959,-73.7031
theme_park,US,"United States of America","Magic Kingdom",28.418611111,-81.581111111
theme_park,US,"United States of America","Magic Springs and Crystal Falls",34.5194,-93.0169
theme_park,US,"United States of America","Magic Towne House",40.7627,-73.9661
botanical_garden,US,"United States of America","Magnolia Plantation and Gardens (Charleston, South Carolina)",32.87641,-80.0835
national_park,US,"United States of America","Mammoth Cave",37.186944444,-86.101111111
botanical_garden,US,"United States of America","Manhattan Beach",33.8885,-118.3871
botanical_garden,US,"United States of America","Manito Park and",47.6357,-117.412
botanical_garden,US,"United States of America","Manoa Heritage Center",21.311650937,-157.814576579
theme_park,US,"United States of America","Manteca Waterslides",37.7767,-121.2884
botanical_garden,US,"United States of America","Manuka State Wayside Park",19.1092,-155.826
botanical_garden,US,"United States of America","Marie Selby",27.327778,-82.540278
botanical_garden,US,"United States of America","Marin-Bolinas",37.9094,-122.686
theme_park,US,"United States of America","Marine World",37.531388888,-122.265
theme_park,US,"United States of America","Marine World/Africa USA",37.53166667,-122.265
theme_park,US,"United States of America","Marineland of Florida",29.668333,-81.212778
theme_park,US,"United States of America","Marineland of the Pacific",33.7386,-118.399
botanical_garden,US,"United States of America","Markham Regional Arboretum",37.96,-122
theme_park,US,"United States of America","Marriott's Great America (Maryland–Virginia)",38.805,-77.570833333
botanical_garden,US,"United States of America","Marsh",41.3219,-72.9249
theme_park,US,"United States of America","Marshal Scotty's Playland Park",32.842267,-116.884072
botanical_garden,US,"United States of America","Martha Springer",44.9353,-123.03
botanical_garden,US,"United States of America","Mary Flagler Cary Arboretum",41.7852,-73.7336
theme_park,US,"United States of America","Maryland Renaissance Festival",39.0017,-76.5836
botanical_garden,US,"United States of America","Massee Lane Gardens",32.4889784,-83.9100436
botanical_garden,US,"United States of America","Mast Arboretum",31.6214,-94.6492
theme_park,US,"United States of America","Mattel",33.521784856,-112.264610467
botanical_garden,US,"United States of America","Matthaei",42.3012,-83.664
botanical_garden,US,"United States of America","Maui Nui",20.8931,-156.486
botanical_garden,US,"United States of America","Maxwell Arboretum",40.8292,-96.6653
botanical_garden,US,"United States of America","Maymont Park",37.535277777,-77.477777777
theme_park,US,"United States of America","Maywood Beach",34.9705,-89.8463
botanical_garden,US,"United States of America","McAlester Arboretum",38.9482,-92.3298
botanical_garden,US,"United States of America","McAllen",26.2164,-98.2364
botanical_garden,US,"United States of America","McBryde Garden",21.88263,-159.47633
botanical_garden,US,"United States of America","McConnell Arboretum &",40.594,-122.382
botanical_garden,US,"United States of America","McCrory Gardens and South Dakota Arboretum",44.3129,-96.7699
botanical_garden,US,"United States of America","McDade Park",41.41677,-75.71238
botanical_garden,US,"United States of America","McGill Rose Garden",35.2298,-80.8273
botanical_garden,US,"United States of America","McKee",27.6076,-80.382
botanical_garden,US,"United States of America","Mead Garden",28.583888888,-81.358333333
botanical_garden,US,"United States of America","Meadowburn Farm",41.2375,-74.441111111
botanical_garden,US,"United States of America","Meadowlark",38.9378,-77.281
botanical_garden,US,"United States of America","Meerkerk Rhododendron Gardens",48.0811,-122.562
botanical_garden,US,"United States of America","Memphis",35.1241,-89.9595
theme_park,US,"United States of America","Memphis Kiddie Park",41.4405,-81.7573
botanical_garden,US,"United States of America","Mendocino Coast",39.409166666,-123.809722222
botanical_garden,US,"United States of America","Mepkin Abbey",33.116,-79.952
botanical_garden,US,"United States of America","Mercer Arboretum and",30.038,-95.3812
botanical_garden,US,"United States of America","Merion Botanical Park",39.9949,-75.2508
theme_park,US,"United States of America","Merrymeeting Park",43.9077887,-69.9314899
national_park,US,"United States of America","Mesa Verde",37.260375,-108.494444
theme_park,US,"United States of America","MGM Grand Adventures",36.1067,-115.165
botanical_garden,US,"United States of America","Miami Beach",25.7958014,-80.1357055
theme_park,US,"United States of America","Miami Seaquarium",25.733,-80.165525
botanical_garden,US,"United States of America","Michigan State University Horticulture Gardens",42.7213,-84.4735
theme_park,US,"United States of America","Michigan's Adventure",43.3474,-86.2789
botanical_garden,US,"United States of America","Mildred E. Mathias",34.0656,-118.441
botanical_garden,US,"United States of America","Minnesota Landscape Arboretum",44.8619,-93.6152
botanical_garden,US,"United States of America","Minnetrista",40.20577,-85.38963
botanical_garden,US,"United States of America","Minns Garden",42.447852085,-76.477400279
theme_park,US,"United States of America","Miracle Strip",30.191,-85.825
botanical_garden,US,"United States of America","Mission Garden",32.213611111,-110.987222222
botanical_garden,US,"United States of America","Missouri",38.6141,-90.2589
botanical_garden,US,"United States of America","Missouri State Arboretum",40.353306,-94.8834
botanical_garden,US,"United States of America","Mitchell Park Horticultural Conservatory",43.0264,-87.946
botanical_garden,US,"United States of America","Mizzou",38.9453,-92.3288
botanical_garden,US,"United States of America","Mobile",30.6996,-88.1615
botanical_garden,US,"United States of America","Moir Gardens",21.8772,-159.461
botanical_garden,US,"United States of America","Mont Alto Arboretum",40.81,-77.8774
botanical_garden,US,"United States of America","Montana Arboretum and Gardens",45.6683,-111.05
botanical_garden,US,"United States of America","Montgomery Botanical Center",25.6612,-80.2816
botanical_garden,US,"United States of America","Montrose",38.4649,-107.852
botanical_garden,US,"United States of America","Moody Gardens",29.2741,-94.8513
botanical_garden,US,"United States of America","Moore Farms",33.861488888,-79.822822222
botanical_garden,US,"United States of America","Moorten and Cactarium",33.8003,-116.546
theme_park,US,"United States of America","Morey's Piers",38.9856,-74.8093
theme_park,US,"United States of America","Morgan's Wonderland",29.539,-98.392
botanical_garden,US,"United States of America","Morikami Museum and Japanese Gardens",26.4258,-80.1488
botanical_garden,US,"United States of America","Morris Arboretum",40.089722,-75.224167
botanical_garden,US,"United States of America","Morrison Arboretum",36.2968,-97.0127
botanical_garden,US,"United States of America","Morton Arboretum",41.816111111,-88.070277777
botanical_garden,US,"United States of America","Mount Airy Arboretum",39.1818,-84.5715
botanical_garden,US,"United States of America","Mount Holyoke College",42.2574,-72.5724
botanical_garden,US,"United States of America","Mount Pisgah Arboretum",44.0083,-122.981
national_park,US,"United States of America","Mount Rainier",46.85,-121.75
theme_park,US,"United States of America","Mountain Creek Waterpark",41.189,-74.507
theme_park,US,"United States of America","Mountain Park",42.244,-72.6304
botanical_garden,US,"United States of America","Mountain Top Arboretum",42.222555555,-74.133666666
botanical_garden,US,"United States of America","Mounts",26.6853,-80.1135
botanical_garden,US,"United States of America","Mt. Cuba Center",39.7903,-75.6483
theme_park,US,"United States of America","Mt. Olympus Water &",43.6151,-89.7894
botanical_garden,US,"United States of America","Munsinger Gardens and Clemens Gardens",45.551042,-94.14456
botanical_garden,US,"United States of America","Muscatine Arboretum",41.436,-91.087
botanical_garden,US,"United States of America","Museum of the Shenandoah Valley",39.1854,-78.18
botanical_garden,US,"United States of America","Myra Arboretum",47.9353,-97.6117
botanical_garden,US,"United States of America","Myriad",35.465027,-97.517932
theme_park,US,"United States of America","Myrtle Beach Boardwalk",33.6926,-78.879
theme_park,US,"United States of America","Myrtle Beach Pavilion",33.6925,-78.8816
theme_park,US,"United States of America","Myrtle Waves",33.715,-78.8986
botanical_garden,US,"United States of America","Na 'Aina Kai",22.2112,-159.3816
botanical_garden,US,"United States of America","Nani Mau Gardens",19.6722,-155.055
botanical_garden,US,"United States of America","Nannen Arboretum",42.283,-78.6707
botanical_garden,US,"United States of America","Nannine Clay Wallis Arboretum",38.0333,-84.5
botanical_garden,US,"United States of America","Naples",26.107,-81.771
theme_park,US,"United States of America","NASCAR SpeedPark Smoky Mountains",35.8357,-83.5691
botanical_garden,US,"United States of America","National",21.9067,-159.511
national_park,US,"United States of America","National Vigilance Park",39.1119,-76.7748
botanical_garden,US,"United States of America","Nemours Mansion and Gardens",39.7766,-75.558
theme_park,US,"United States of America","Netherworld Haunted House",33.81878,-84.11867
botanical_garden,US,"United States of America","New Canaan Nature Center",41.1535,-73.5025
botanical_garden,US,"United States of America","New Hanover County Extension Service Arboretum",34.2104,-77.8353
botanical_garden,US,"United States of America","New Orleans",29.9874,-90.0969
botanical_garden,US,"United States of America","New York",40.863611,-73.878333
botanical_garden,US,"United States of America","New York State Agricultural Experiment Station",42.875833333,-77.007777777
botanical_garden,US,"United States of America","Newton Arboretum and",41.703,-93.016
theme_park,US,"United States of America","Niagara Amusement Park and Splash World",43.027,-78.9707
botanical_garden,US,"United States of America","Nichols Arboretum",42.2813,-83.7233
theme_park,US,"United States of America","Nickelodeon Universe",44.854166666,-93.242222222
theme_park,US,"United States of America","Noah's Ark Water Park",43.6036,-89.7863
botanical_garden,US,"United States of America","Noccalula Falls Park",34.041488888,-86.021280555
botanical_garden,US,"United States of America","Noerenberg Memorial Gardens",44.956388888,-93.596666666
botanical_garden,US,"United States of America","Norfolk",36.902777777,-76.206111111
botanical_garden,US,"United States of America","Norris Forest School Arboretum",40.5642,-96.6333
botanical_garden,US,"United States of America","Norskedalen",43.737617,-90.988922
botanical_garden,US,"United States of America","North Carolina",35.8994,-79.0339
botanical_garden,US,"United States of America","North Carolina Arboretum",35.4976,-82.609
national_park,US,"United States of America","North Cascades",48.483055555,-120.911388888
national_park,US,"United States of America","North Cascades National Park Complex",48.3333,-121
botanical_garden,US,"United States of America","North Central Oklahoma Cactus",36.3061,-97.5894
botanical_garden,US,"United States of America","North Oklahoma and Arboretum",36.6784,-97.2978
botanical_garden,US,"United States of America","Northfield Park Arboretum",41.8353,-103.669
botanical_garden,US,"United States of America","Northland Arboretum",46.3581,-94.2289
theme_park,US,"United States of America","Norumbega Park",42.3462,-71.2602
theme_park,US,"United States of America","NRH2O",32.850577,-97.193749
theme_park,US,"United States of America","Nunley's",40.6555,-73.6045
botanical_garden,US,"United States of America","Oak Park Conservatory",41.871389,-87.789444
botanical_garden,US,"United States of America","Oaklawn Garden",35.0802,-89.802
theme_park,US,"United States of America","Oaks",45.473,-122.661
theme_park,US,"United States of America","Ober Mountain Adventure Park & Ski Area",35.70305556,-83.55777778
theme_park,US,"United States of America","Oceans of Fun",39.1706,-94.4824
theme_park,US,"United States of America","OKANA Resort & Indoor Waterpark",35.4597,-97.4801
botanical_garden,US,"United States of America","Oklahoma and Arboretum",36.1207,-97.1026
botanical_garden,US,"United States of America","Oklahoma City Zoo and",35.5212,-97.4724
botanical_garden,US,"United States of America","Olbrich",43.0925,-89.335
theme_park,US,"United States of America","Old Chicago",41.679166666,-88.071111111
theme_park,US,"United States of America","Old Coney",39.05506,-84.42244
botanical_garden,US,"United States of America","Old Forest Arboretum of Overton Park",35.146667,-89.989167
botanical_garden,US,"United States of America","Old Hickory Lake Arboretum",36.281,-86.624
theme_park,US,"United States of America","Old Indiana Fun Park",40.1448,-86.5367
theme_park,US,"United States of America","Old Town",28.3316,-81.5158
theme_park,US,"United States of America","Old Vegas",35.995423,-114.928359
theme_park,US,"United States of America","Olentangy Park",40.0204,-83.0143
botanical_garden,US,"United States of America","Olu Pua and Plantation",21.95972222,-159.51694444
national_park,US,"United States of America","Olympic",47.7,-123.75
botanical_garden,US,"United States of America","One World Conservation Center",42.861666666,-73.198888888
theme_park,US,"United States of America","Opryland USA",36.208333333,-86.695277777
botanical_garden,US,"United States of America","Oregon Garden",44.995,-122.79
botanical_garden,US,"United States of America","Oregon Trail Arboretum",45.7408,-119.187
botanical_garden,US,"United States of America","Orland E. White Research Arboretum",39.063,-78.0639
botanical_garden,US,"United States of America","Orman House",29.7292,-84.99
botanical_garden,US,"United States of America","Orton Plantation",34.060556,-77.946389
botanical_garden,US,"United States of America","Overland Park Arboretum and",38.8,-94.691944444
botanical_garden,US,"United States of America","Ozarks",36.1367,-94.1183
theme_park,US,"United States of America","Pacific Park",34.008333,-118.498056
botanical_garden,US,"United States of America","Paine Art Center and Gardens",44.035278,-88.558333
theme_park,US,"United States of America","Palace Amusements",40.217778,-74.003544
theme_park,US,"United States of America","Palace Playland",43.5145,-70.3744
theme_park,US,"United States of America","Palisades",40.8281,-73.9778
botanical_garden,US,"United States of America","Palm and Cycad Arboretum",30.2915,-81.5099
theme_park,US,"United States of America","Palm Springs Surf Club",33.8042,-116.491
botanical_garden,US,"United States of America","Palma Sola Botanical Park",27.5135,-82.66
botanical_garden,US,"United States of America","Palomar College Arboretum",33.141944,-117.170278
theme_park,US,"United States of America","Paradise Lake",40.0475,-81.3379
theme_park,US,"United States of America","Paragon Park",42.2685,-70.8547
botanical_garden,US,"United States of America","Parsons Arboretum",37.3297,-95.2663
theme_park,US,"United States of America","Paseo Tablado La Guancha",17.96666667,-66.6175
botanical_garden,US,"United States of America","Patterson Park",39.287777777,-76.578611111
theme_park,US,"United States of America","Paul Bunyan Land",46.352,-94.0317
botanical_garden,US,"United States of America","Payson Park",43.6814,-70.2675
botanical_garden,US,"United States of America","Peavy Arboretum",44.656666666,-123.232222222
botanical_garden,US,"United States of America","Peiffer Memorial Arboretum and Nature Preserve",40.219476,-76.882265
theme_park,US,"United States of America","Peony Park",41.266666666,-96.04
botanical_garden,US,"United States of America","Perkins Arboretum",44.56,-69.65
botanical_garden,US,"United States of America","Petersen Arboretum",40.4453,-111.769
national_park,US,"United States of America","Petrified Forest",35.0881,-109.806
botanical_garden,US,"United States of America","Phipps Conservatory and",40.4389,-79.9477
botanical_garden,US,"United States of America","Pinecrest Gardens",25.669444,-80.285833
national_park,US,"United States of America","Pinnacles",36.4869,-121.167
theme_park,US,"United States of America","Pioneer City",26.075,-80.3238
theme_park,US,"United States of America","Pirates World",26.04,-80.13
botanical_garden,US,"United States of America","Pittsburgh",40.4129,-80.1722
theme_park,US,"United States of America","Pixieland",45.0205,-123.965
botanical_garden,US,"United States of America","Plant Collections Network",39.8694,-75.6744
botanical_garden,US,"United States of America","Planting Fields Arboretum State Historic Park",40.8608,-73.5572
theme_park,US,"United States of America","Playland",40.965833,-73.673889
theme_park,US,"United States of America","Playland Park",41.659,-86.218
theme_park,US,"United States of America","Pleasure Island",28.371,-81.518
botanical_garden,US,"United States of America","Polly Hill Arboretum",41.3975,-70.6805
theme_park,US,"United States of America","Ponce de Leon",33.772,-84.366
theme_park,US,"United States of America","Pontchartrain Beach",30.032,-90.062
botanical_garden,US,"United States of America","Port St. Lucie",27.27006,-80.31846
botanical_garden,US,"United States of America","Potawatomi Conservatories",41.666,-86.217
botanical_garden,US,"United States of America","Powell Gardens",38.8714,-94.041
theme_park,US,"United States of America","Precious Moments Chapel and Gardens",37.11184,-94.34529
botanical_garden,US,"United States of America","Presby Memorial Iris Gardens",40.8514,-74.2064
botanical_garden,US,"United States of America","Princeville",22.1975,-159.455
botanical_garden,US,"United States of America","Pua Mau Place Arboretum and",20.071,-155.844
botanical_garden,US,"United States of America","Purdue University Horticulture Gardens",40.4239,-86.915
theme_park,US,"United States of America","Puritas Springs Park",41.43672,-81.83708
botanical_garden,US,"United States of America","Quad City Botanical Center",41.5098,-90.5642
theme_park,US,"United States of America","Quassy",41.528113,-73.150339
botanical_garden,US,"United States of America","Queens",40.750277777,-73.829444444
botanical_garden,US,"United States of America","R. A. Stranahan Arboretum",41.693056,-83.671389
theme_park,US,"United States of America","Raging Waters",34.0781,-117.811
theme_park,US,"United States of America","Raging Waters Sacramento",38.5908,-121.436
theme_park,US,"United States of America","Raging Waters San Jose",37.334653,-121.812326
theme_park,US,"United States of America","Ramona Park",42.95000833,-85.61555556
botanical_garden,US,"United States of America","Ramser Arboretum",40.5362,-82.2997
theme_park,US,"United States of America","Rapids Water Park",26.771,-80.107
theme_park,US,"United States of America","Ray's Splash Planet",35.2381,-80.8513
botanical_garden,US,"United States of America","Reading Public Museum",40.327354,-75.951347
botanical_garden,US,"United States of America","Red Butte Garden and Arboretum",40.766,-111.824
national_park,US,"United States of America","Redwood National and State Parks",41.529167,-124.058333
botanical_garden,US,"United States of America","Reeves-Reed Arboretum",40.7267,-74.3481
botanical_garden,US,"United States of America","Reflection Riding Arboretum and",35.0456,-85.2672
botanical_garden,US,"United States of America","Regional Parks",37.8933,-122.244
botanical_garden,US,"United States of America","Reiman Gardens",42.0098,-93.6388
botanical_garden,US,"United States of America","Reinisch Rose Garden and Doran Rock Garden",39.0544,-95.7307
theme_park,US,"United States of America","Remlinger Farms",47.6403,-121.902
botanical_garden,US,"United States of America","Renziehausen Park Rose Garden and Arboretum",40.3401,-79.8241
botanical_garden,US,"United States of America","Reynolda Gardens",36.1248,-80.2842
botanical_garden,US,"United States of America","Rhododendron Species Foundation and",47.293486402,-122.301900907
botanical_garden,US,"United States of America","Rhododendron State Park",42.7847,-72.1917
botanical_garden,US,"United States of America","Rio Grande",35.0933,-106.681
botanical_garden,US,"United States of America","River Farm",38.742222222,-77.044722222
botanical_garden,US,"United States of America","Riverbanks Zoo",34.01004,-81.074389
theme_park,US,"United States of America","Riverfront Park",47.6625,-117.42
theme_park,US,"United States of America","Riverside",39.811111111,-86.192222222
botanical_garden,US,"United States of America","Riverside Nature Center",30.0508,-99.1474
theme_park,US,"United States of America","Riverton Park",43.703332,-70.322617
theme_park,US,"United States of America","Riverview Park",41.942532,-87.6911674
theme_park,US,"United States of America","Riverview Park (Baltimore)",39.2603,-76.5439
theme_park,US,"United States of America","Riverview Park (Iowa)",41.62332,-93.62966
botanical_garden,US,"United States of America","Robert Allerton Park",39.998,-88.65
botanical_garden,US,"United States of America","Robert L. Shepherd Desert Arboretum",37.1364,-113.641
theme_park,US,"United States of America","Rock Springs Park",40.6128,-80.5628
theme_park,US,"United States of America","Rockaways' Playland",40.583888888,-73.818611111
botanical_garden,US,"United States of America","Rockingham County",43.0089,-71.0506
theme_park,US,"United States of America","Rocky Glen Park",41.3538,-75.7084
national_park,US,"United States of America","Rocky Mountain",40.35,-105.6833
theme_park,US,"United States of America","Rocky Point",41.68916667,-71.3675
botanical_garden,US,"United States of America","Rodef Shalom Biblical",40.4476,-79.9439
theme_park,US,"United States of America","Roeding Park",36.7539,-119.822
botanical_garden,US,"United States of America","Roger Williams Park Botanical Center",41.78297,-71.40758
botanical_garden,US,"United States of America","Rogerson Clematis Garden",45.392822,-122.687033
botanical_garden,US,"United States of America","Roji-en Japanese Gardens",26.4275,-80.1474
botanical_garden,US,"United States of America","Rose Garden",38.406351415,-82.440775148
botanical_garden,US,"United States of America","Rose Garden Center",32.345393,-95.321371
theme_park,US,"United States of America","Rose Island",38.43,-85.6172
theme_park,US,"United States of America","Roseland Park",42.874980555,-77.262075
theme_park,US,"United States of America","Roseland Waterpark",42.881884,-77.25971
botanical_garden,US,"United States of America","Rotary",42.6839,-89.0164
botanical_garden,US,"United States of America","Rusch",38.7083,-121.299
botanical_garden,US,"United States of America","Rutgers Gardens",40.4743,-74.4226
botanical_garden,US,"United States of America","Ruth Bancroft Garden",37.9238,-122.037
botanical_garden,US,"United States of America","Sadie Seymour",19.6138,-155.968
national_park,US,"United States of America","Saguaro",32.202166666,-110.610944444
botanical_garden,US,"United States of America","Sailors' Snug Harbor",40.643189,-74.10235
botanical_garden,US,"United States of America","Saint John's Arboretum",45.593889,-94.390556
botanical_garden,US,"United States of America","Salisbury University Arboretum",38.346648,-75.6062084
botanical_garden,US,"United States of America","San Antonio",29.458874,-98.458698
botanical_garden,US,"United States of America","San Diego",33.0522,-117.281
botanical_garden,US,"United States of America","San Francisco",37.768333333,-122.47
theme_park,US,"United States of America","San Francisco Dungeon",37.80823,-122.41479
botanical_garden,US,"United States of America","San Jose Municipal Rose Garden",37.331944444,-121.928333333
botanical_garden,US,"United States of America","San Juan",18.3898,-66.0554
botanical_garden,US,"United States of America","San Luis Obispo",35.3408,-120.721
botanical_garden,US,"United States of America","San Mateo Arboretum",37.5609,-122.321
theme_park,US,"United States of America","Sandcastle Waterpark",40.398,-79.928
botanical_garden,US,"United States of America","Sandhills Horticultural Gardens",35.2235,-79.4048
botanical_garden,US,"United States of America","Santa Barbara",34.4538,-119.709
theme_park,US,"United States of America","Santa Cruz Beach Boardwalk",36.964166666,-122.017777777
botanical_garden,US,"United States of America","Santa Fe",35.665,-105.927
theme_park,US,"United States of America","Santa Monica Pier",34.008611111,-118.498611111
theme_park,US,"United States of America","Santa's Land USA",43.004093,-72.471778
theme_park,US,"United States of America","Santa's Village",44.4264,-71.4958
theme_park,US,"United States of America","Santa's Village (Scotts Valley)",37.065433,-121.997401
theme_park,US,"United States of America","Santa's Village Amusement & Water Park",42.0907,-88.2598
theme_park,US,"United States of America","Santa's Wonderland",30.522519,-96.219426
theme_park,US,"United States of America","Santa's Workshop",44.4,-73.8506
theme_park,US,"United States of America","Santafair",47.3228,-122.3144
botanical_garden,US,"United States of America","Sarah P. Duke Gardens",36.0018,-78.9335
botanical_garden,US,"United States of America","Sarasota Jungle Gardens",27.367934829,-82.556280497
theme_park,US,"United States of America","Sauzer's Kiddieland",41.4921,-87.4745
botanical_garden,US,"United States of America","Savannah",32.00467,-81.091319
theme_park,US,"United States of America","Savin Rock",41.257,-72.95
botanical_garden,US,"United States of America","Sawtooth",43.6289,-114.35
botanical_garden,US,"United States of America","Sayen Park",40.2359,-74.6583
theme_park,US,"United States of America","Scandia Family Fun Center",38.65848,-121.36405
botanical_garden,US,"United States of America","Schedel Arboretum and Gardens",41.4683,-83.305
theme_park,US,"United States of America","Schlitterbahn Kansas City",39.1208,-94.8042
theme_park,US,"United States of America","Schlitterbahn New Braunfels",29.71314,-98.12578
botanical_garden,US,"United States of America","Schmeeckle Reserve",44.540878,-89.564935
botanical_garden,US,"United States of America","Schoepfle Garden",41.32833481,-82.34999847
botanical_garden,US,"United States of America","Scott Arboretum",39.9064,-75.3519
theme_park,US,"United States of America","Sea Life Park Hawaii",21.3145,-157.664
theme_park,US,"United States of America","Sea Lion Park",40.5775,-73.979
theme_park,US,"United States of America","Seabreeze",43.233,-77.5435
theme_park,US,"United States of America","SeaWorld Ohio",41.3484,-81.3692
theme_park,US,"United States of America","SeaWorld Orlando",28.4108,-81.4625
theme_park,US,"United States of America","SeaWorld San Antonio",29.4584,-98.6998
theme_park,US,"United States of America","SeaWorld San Diego",32.765753,-117.227275
botanical_garden,US,"United States of America","SeaWorld San Diego",32.765753,-117.227275
botanical_garden,US,"United States of America","Secrest Arboretum",40.7793,-81.925
botanical_garden,US,"United States of America","Sedgwick County Extension Arboretum",37.7225,-97.4217
botanical_garden,US,"United States of America","Sehome Hill Arboretum",48.7333,-122.48
botanical_garden,US,"United States of America","Seiwa-en",38.6101,-90.2619
botanical_garden,US,"United States of America","Self-Realization Fellowship Encinitas Hermitage and Meditation Gardens",33.035805555,-117.294
national_park,US,"United States of America","Sequoia",36.564722222,-118.772777777
theme_park,US,"United States of America","Sesame Place Philadelphia",40.185,-74.871944444
theme_park,US,"United States of America","Sesame Place San Diego",32.5884,-117.0101
theme_park,US,"United States of America","Seven Seas Marine Life Park",32.7567,-97.0817
theme_park,US,"United States of America","Shady Lake Park",41.247221944,-81.358333055
botanical_garden,US,"United States of America","Shambhala",40.8078,-105.579
botanical_garden,US,"United States of America","Shangri La and Nature Center",30.1092,-93.7592
botanical_garden,US,"United States of America","Shaw Nature Reserve",38.482,-90.8241
national_park,US,"United States of America","Shenandoah",38.5333,-78.35
botanical_garden,US,"United States of America","Sherman Library and Gardens",33.6024,-117.873
theme_park,US,"United States of America","Shocktoberfest",40.324970088,-76.035891334
theme_park,US,"United States of America","Silver Beach",42.1125,-86.4875
theme_park,US,"United States of America","Silver Dollar City",36.6671,-93.3389
botanical_garden,US,"United States of America","Silver Springs",29.2181,-82.0545
theme_park,US,"United States of America","Silverwood",47.9085,-116.705
botanical_garden,US,"United States of America","Simmons Arboretum",32.4493,-90.0744
botanical_garden,US,"United States of America","Sister Mary Grace Burns Arboretum",40.0952,-74.2277
theme_park,US,"United States of America","Six Flags America",38.9062,-76.7726
theme_park,US,"United States of America","Six Flags AstroWorld",29.6755,-95.4074
theme_park,US,"United States of America","Six Flags Atlantis",26.0475,-80.15916667
theme_park,US,"United States of America","Six Flags Darien Lake",42.9285,-78.3849
theme_park,US,"United States of America","Six Flags Discovery Kingdom",38.137778,-122.23
theme_park,US,"United States of America","Six Flags Fiesta Texas",29.5995,-98.6094
theme_park,US,"United States of America","Six Flags Great Adventure",40.1375,-74.44
theme_park,US,"United States of America","Six Flags Great America",42.3675,-87.934444444
theme_park,US,"United States of America","Six Flags Hurricane Harbor Arlington",32.762,-97.079
theme_park,US,"United States of America","Six Flags Hurricane Harbor Chicago",42.368028,-87.938889
theme_park,US,"United States of America","Six Flags Hurricane Harbor Concord",37.97111,-122.05222
theme_park,US,"United States of America","Six Flags Hurricane Harbor Darien Lake",42.9285,-78.3849
theme_park,US,"United States of America","Six Flags Hurricane Harbor Los Angeles",34.421944444,-118.585277777
theme_park,US,"United States of America","Six Flags Hurricane Harbor New Jersey",40.146388888,-74.438611111
theme_park,US,"United States of America","Six Flags Hurricane Harbor Oklahoma City",35.4614,-97.5885
theme_park,US,"United States of America","Six Flags Hurricane Harbor Phoenix",33.6959,-112.15
theme_park,US,"United States of America","Six Flags Hurricane Harbor Rockford",42.246,-88.964
theme_park,US,"United States of America","Six Flags Magic Mountain",34.4238,-118.597
theme_park,US,"United States of America","Six Flags New England",42.0377,-72.6157
theme_park,US,"United States of America","Six Flags New Orleans",30.051111,-89.934417
theme_park,US,"United States of America","Six Flags Over Georgia",33.7679,-84.5507
theme_park,US,"United States of America","Six Flags Over Texas",32.7551,-97.0702
theme_park,US,"United States of America","Six Flags Power Plant",39.286111111,-76.6075
theme_park,US,"United States of America","Six Flags St. Louis",38.512806,-90.67505
theme_park,US,"United States of America","Six Flags White Water",33.958055555,-84.521388888
theme_park,US,"United States of America","Six Gun Territory",29.209852,-82.068949
botanical_garden,US,"United States of America","Skylands",41.125,-74.2372
botanical_garden,US,"United States of America","Slayton Arboretum",41.9351,-84.628
botanical_garden,US,"United States of America","Smith College",42.3189,-72.6401
theme_park,US,"United States of America","Snow King Mountain",43.4692,-110.751
botanical_garden,US,"United States of America","Society of the Four Arts",26.7064,-80.0422
botanical_garden,US,"United States of America","Sonnenberg Gardens",42.9,-77.2725
botanical_garden,US,"United States of America","Sonoma",38.3747,-122.514
theme_park,US,"United States of America","Sonoma TrainTown Railroad",38.2775,-122.46
botanical_garden,US,"United States of America","South Arkansas Arboretum",33.2181,-92.6846
botanical_garden,US,"United States of America","South Bay",32.6424543,-116.995192
theme_park,US,"United States of America","South Bay Shores",37.3962,-121.9708
botanical_garden,US,"United States of America","South Carolina",34.6736,-82.8238
botanical_garden,US,"United States of America","South Coast",33.783888888,-118.345
theme_park,US,"United States of America","South Florida Fair",26.6845,-80.1913
theme_park,US,"United States of America","South of the Border",34.4978,-79.3097
botanical_garden,US,"United States of America","South Seattle Community College Arboretum",47.5514,-122.354
botanical_garden,US,"United States of America","South Texas & Nature Center",27.6526,-97.407
theme_park,US,"United States of America","Southern Adventures",34.6969,-86.5944
botanical_garden,US,"United States of America","Southern Nevada Zoological-Botanical Park",36.1922,-115.19
theme_park,US,"United States of America","Space City USA",34.6658,-86.7239
theme_park,US,"United States of America","Spaceplex",40.85649,-73.15746
botanical_garden,US,"United States of America","Spencer J. Roemer Arboretum",42.7900034,-77.8235585
theme_park,US,"United States of America","Spider Hill",40.533633,-89.301313
botanical_garden,US,"United States of America","Spirit of Aloha Oceanfront",20.934516,-156.264849
theme_park,US,"United States of America","Splash Amarillo Waterpark",35.194,-101.77
theme_park,US,"United States of America","Splash Down Waterpark",38.7943,-77.4774
theme_park,US,"United States of America","Splash in the Boro",32.4509,-81.738
theme_park,US,"United States of America","Splash Kingdom Waterpark",34.0693,-117.227
theme_park,US,"United States of America","Splash Lagoon",42.0482,-80.0779
theme_park,US,"United States of America","Splash Moraine",39.6853,-84.245
theme_park,US,"United States of America","Splash Station",32.33818,-97.38572
theme_park,US,"United States of America","SplashTown Houston",30.070723,-95.433164
theme_park,US,"United States of America","Splashtown San Antonio",29.447,-98.426
theme_park,US,"United States of America","Splish Splash",40.9207,-72.7282
botanical_garden,US,"United States of America","Spring Grove Cemetery",39.164558333,-84.522672222
theme_park,US,"United States of America","Springlake",35.5131,-97.4786
botanical_garden,US,"United States of America","St. George Village",17.71417,-64.83556
botanical_garden,US,"United States of America","Standish Park Arboretum",40.945,-90.371944444
botanical_garden,US,"United States of America","Stanford University Arboretum",37.437777777,-122.166666666
botanical_garden,US,"United States of America","Stanley M. Rowe Arboretum",39.151111111,-84.359722222
botanical_garden,US,"United States of America","Stanley Park",42.1236,-72.7875
botanical_garden,US,"United States of America","Starhill Forest Arboretum",39.935,-89.8017
theme_park,US,"United States of America","Starin's Glen Island",40.8852,-73.7838
theme_park,US,"United States of America","Starlight Park",40.837,-73.879
botanical_garden,US,"United States of America","State Arboretum of Utah",40.77,-111.84
botanical_garden,US,"United States of America","Staten Island",40.6421,-74.1038
theme_park,US,"United States of America","Steel Pier",39.3575,-74.419
theme_park,US,"United States of America","Steeplechase Park",40.574166666,-73.980555555
botanical_garden,US,"United States of America","Stein Eriksen Lodge",40.6219,-111.492
botanical_garden,US,"United States of America","Stoneleigh: A Natural Garden",40.043,-75.3406
botanical_garden,US,"United States of America","Stones River Greenway Arboretum",35.7864,-86.4161
botanical_garden,US,"United States of America","Stony Brook Millstone Watershed Arboretum",40.3525,-74.7727
theme_park,US,"United States of America","Story Land",44.1161,-71.1828
theme_park,US,"United States of America","Storybook Island",44.072,-103.2633
theme_park,US,"United States of America","Storybook Land",39.4236,-74.5918
theme_park,US,"United States of America","Strawberry Water Park",29.669215,-95.196102
botanical_garden,US,"United States of America","Streissguth Gardens",47.6347,-122.321
theme_park,US,"United States of America","Stricker's Grove",39.295278,-84.669167
theme_park,US,"United States of America","Summer Waves",31.037659703,-81.420763028
botanical_garden,US,"United States of America","Sunken Gardens",27.79,-82.638333
botanical_garden,US,"United States of America","Sunshine Farm and Gardens",38.0633,-80.4336
theme_park,US,"United States of America","Super Nintendo World",34.14095,-118.35789
theme_park,US,"United States of America","Superior Shores",44.7967,-93.4501
botanical_garden,US,"United States of America","Swan Lake/Iris Gardens",33.9188662,-80.3697486
botanical_garden,US,"United States of America","Swiss Pines",40.0905,-75.5524
botanical_garden,US,"United States of America","Taltree Arboretum and Gardens",41.4489,-87.1533
botanical_garden,US,"United States of America","Tanglewood Park Arboretum and Rose Garden",36.0032,-80.4066
theme_park,US,"United States of America","Tashmoo Park",42.5795,-82.5675
botanical_garden,US,"United States of America","Taylor Memorial Arboretum",39.872,-75.37
botanical_garden,US,"United States of America","Thanksgiving Point",40.4313,-111.903
theme_park,US,"United States of America","The Amazing Pizza Machine",41.2027,-96.1332
theme_park,US,"United States of America","The Aquatarium",27.7347228,-82.749441
botanical_garden,US,"United States of America","The Arboretum at Flagstaff",35.1603,-111.731
botanical_garden,US,"United States of America","The Arboretum at Fresno State",36.81275,-119.74525
botanical_garden,US,"United States of America","The Arboretum at Penn State",40.805,-77.8641
theme_park,US,"United States of America","The Beach",35.1323,-106.613
theme_park,US,"United States of America","The Beach at Adventure Landing",39.3617,-84.2621
botanical_garden,US,"United States of America","The Bog Garden",36.0901,-79.8388
theme_park,US,"United States of America","The Chutes of San Francisco",37.780271229,-122.431879165
theme_park,US,"United States of America","The Forge: Lemont Quarries",41.6825,-87.98
botanical_garden,US,"United States of America","The Gardens at SIUE",38.8088,-89.9928
botanical_garden,US,"United States of America","The Gardens at the Las Vegas Springs Preserve",36.1686,-115.189
botanical_garden,US,"United States of America","The Gardens of the American Rose Center",32.459899,-93.949454
botanical_garden,US,"United States of America","The Gardens on Spring Creek",40.561596,-105.084631
botanical_garden,US,"United States of America","The Horticulture Center",39.9834,-75.2102
botanical_garden,US,"United States of America","The Huntington Library, Art Museum, and",34.129166666,-118.1125
botanical_garden,US,"United States of America","The Japanese Garden",34.1837,-118.481
botanical_garden,US,"United States of America","The John Fairey Garden",30.05608,-96.03824
botanical_garden,US,"United States of America","The Journey Museum and Gardens",44.0866,-103.219
botanical_garden,US,"United States of America","The Kampong",25.714722,-80.249722
botanical_garden,US,"United States of America","The New York Chinese Scholar's Garden",40.6419,-74.1044
theme_park,US,"United States of America","The Oasis Exhibits",28.3561,-81.5903
theme_park,US,"United States of America","The Pike",33.7661,-118.189
botanical_garden,US,"United States of America","The State of Georgia",33.901389,-83.379472
theme_park,US,"United States of America","The World of Sid and Marty Krofft",33.7581,-84.3944
botanical_garden,US,"United States of America","Theatricum Botanicum",34.1113,-118.593
national_park,US,"United States of America","Theodore Roosevelt",46.966666666,-103.45
botanical_garden,US,"United States of America","Thompson Mills Forest",34.143,-83.798
theme_park,US,"United States of America","Thrill-Ville USA",44.8331,-123.009
theme_park,US,"United States of America","Thrillvania",32.6863,-96.2467
botanical_garden,US,"United States of America","Tidewater Arboretum",36.89194,-76.179928
theme_park,US,"United States of America","Tiki Gardens",27.854194444,-82.845333333
theme_park,US,"United States of America","Time Town",43.51751,-73.69153
botanical_garden,US,"United States of America","Tohono Chul",32.3397,-110.981
botanical_garden,US,"United States of America","Toledo",41.6680556,-83.6722222
theme_park,US,"United States of America","Tombstone Junction",36.8348,-84.358
theme_park,US,"United States of America","Tonopah Historic Mining Park",38.069771,-117.230445
botanical_garden,US,"United States of America","Tower Hill",42.3619,-71.7267
botanical_garden,US,"United States of America","Tree Hill Nature Center",30.3335,-81.5792
theme_park,US,"United States of America","Trimper's Rides",38.3267,-75.088
botanical_garden,US,"United States of America","Tropical Gardens of Maui",20.8834,-156.535
botanical_garden,US,"United States of America","Tropical Ranch",27.095555555,-80.28
botanical_garden,US,"United States of America","Troy University Arboretum",31.794,-85.958
botanical_garden,US,"United States of America","Tucson",32.2217,-110.926
botanical_garden,US,"United States of America","Tulsa",36.2091,-96.06
botanical_garden,US,"United States of America","Turtle Bay Exploration Park",40.5911,-122.378
theme_park,US,"United States of America","Tweetsie Railroad",36.1709,-81.649
botanical_garden,US,"United States of America","Unbelievable Acres",26.6843,-80.1428
botanical_garden,US,"United States of America","United States",38.888,-77.013
botanical_garden,US,"United States of America","United States National Arboretum",38.910277777,-76.966111111
theme_park,US,"United States of America","Universal Epic Universe",28.442222222,-81.449166666
theme_park,US,"United States of America","Universal Kids Resort",33.192469,-96.833137
theme_park,US,"United States of America","Universal Studios Florida",28.475,-81.47
theme_park,US,"United States of America","Universal Studios Hollywood",34.13585556,-118.3539
theme_park,US,"United States of America","Universal's Islands of Adventure",28.47166667,-81.47138889
theme_park,US,"United States of America","Universal's Volcano Bay",28.461381,-81.473144
botanical_garden,US,"United States of America","University Arboretum at California State University, Sacramento",38.5654,-121.428
botanical_garden,US,"United States of America","University of Alabama Arboretum",33.1935,-87.4806
botanical_garden,US,"United States of America","University of California",37.875,-122.2375
botanical_garden,US,"United States of America","University of California, Davis, Arboretum and Public Garden",38.534441471,-121.752675551
botanical_garden,US,"United States of America","University of California, Irvine Arboretum",33.6635,-117.853
botanical_garden,US,"United States of America","University of California, Riverside",33.9715,-117.32
botanical_garden,US,"United States of America","University of Delaware",39.666,-75.7519
botanical_garden,US,"United States of America","University of Georgia Campus Arboretum",33.951,-83.372
botanical_garden,US,"United States of America","University of Hawaii at Hilo",19.6996,-155.0816
botanical_garden,US,"United States of America","University of Idaho Arboretum and",46.7224,-117.015
botanical_garden,US,"United States of America","University of Illinois Arboretum",40.0939,-88.217
botanical_garden,US,"United States of America","University of Illinois Conservatory and Plant Collection",40.1024,-88.2225
botanical_garden,US,"United States of America","University of Kentucky Arboretum",38.014722222,-84.503888888
botanical_garden,US,"United States of America","University of Kentucky Research and Education Center",37.098,-87.8573
botanical_garden,US,"United States of America","University of Maryland Arboretum &",38.9863,-76.9356
botanical_garden,US,"United States of America","University of Nevada, Reno Arboretum",39.5458,-119.817
botanical_garden,US,"United States of America","University of New Mexico Arboretum",35.085,-106.622
botanical_garden,US,"United States of America","University of North Carolina at Charlotte",35.308,-80.7285
botanical_garden,US,"United States of America","University of North Carolina at Wilmington Arboretum",34.2266,-77.878047222
botanical_garden,US,"United States of America","University of Rhode Island and Everett P. Christopher Arboretum",41.489608,-71.5257232
botanical_garden,US,"United States of America","University of Rochester Arboretum",43.128333333,-77.628333333
botanical_garden,US,"United States of America","University of South Florida",28.0544,-82.4131
botanical_garden,US,"United States of America","University of Tennessee Arboretum",35.9936,-84.221
botanical_garden,US,"United States of America","University of Wisconsin–Madison Arboretum",43.041425,-89.430652777
botanical_garden,US,"United States of America","UNLV Arboretum",39.5458,-119.817
botanical_garden,US,"United States of America","Untermyer Park",40.966667,-73.887778
botanical_garden,US,"United States of America","Utah Botanical Center",41.0192,-111.94
theme_park,US,"United States of America","Valleyfair",44.7988,-93.4514
botanical_garden,US,"United States of America","Van Vleck House and Gardens",40.8222,-74.2119
botanical_garden,US,"United States of America","Vander Veer Botanical Park",41.5438,-90.5752
botanical_garden,US,"United States of America","Vanderbilt University",36.1475,-86.8025
botanical_garden,US,"United States of America","VanSteeland Arboretum",42.963888888,-85.886111111
botanical_garden,US,"United States of America","Ventura",34.28203,-119.29197
botanical_garden,US,"United States of America","Vermont Experimental Cold-Hardy Cactus Garden",43.9777,-73.1361
theme_park,US,"United States of America","Victorian Gardens",40.7686,-73.9773
botanical_garden,US,"United States of America","Viles Arboretum",44.3,-69.764
botanical_garden,US,"United States of America","Vines",33.8632,-83.9223
national_park,US,"United States of America","Virgin Islands",18.328055555,-64.933333333
botanical_garden,US,"United States of America","Virginia Robinson Gardens",34.086389,-118.416667
botanical_garden,US,"United States of America","Vizcaya Museum and Gardens",25.743611,-80.210278
botanical_garden,US,"United States of America","Volunteer Park Conservatory",47.632,-122.315
national_park,US,"United States of America","Voyageurs",48.5,-92.883333333
botanical_garden,US,"United States of America","W. Gordon Belser Arboretum",33.994078,-80.9844517
botanical_garden,US,"United States of America","W. J. Beal",42.7314,-84.4846
theme_park,US,"United States of America","Wacky Waters",41.604,-90.63
botanical_garden,US,"United States of America","Waddell Barnes",32.80716,-83.732226
botanical_garden,US,"United States of America","Wagner Farm Arboretum",40.6505,-74.5058
botanical_garden,US,"United States of America","Wahiawa",21.50307,-158.01779
botanical_garden,US,"United States of America","Waimea Valley",21.6339,-158.052
botanical_garden,US,"United States of America","Wakefield Estate",42.223611111,-71.118611111
theme_park,US,"United States of America","Waldameer Park",42.1087,-80.1555
theme_park,US,"United States of America","Walt Disney World Resort",28.3722,-81.5494
botanical_garden,US,"United States of America","Walter Hunnewell Arboretum",42.285,-71.307
theme_park,US,"United States of America","Wannado City",26.1498,-80.324
botanical_garden,US,"United States of America","Ward-Meade Park",39.0631,-95.6819
theme_park,US,"United States of America","Warner Bros. Jungle Habitat",41.1299,-74.341
botanical_garden,US,"United States of America","Washington Irving Memorial Park and Arboretum",35.9608,-95.8783
botanical_garden,US,"United States of America","Washington Park",39.789921,-89.675055
botanical_garden,US,"United States of America","Washington Park Arboretum",47.637,-122.296
theme_park,US,"United States of America","Water Country",43.0361,-70.7817
theme_park,US,"United States of America","Water Country USA",37.2625,-76.6356
theme_park,US,"United States of America","Water Park of America",44.8611,-93.251
theme_park,US,"United States of America","Water Wizz",41.7568,-70.6595
theme_park,US,"United States of America","Water Works Park",27.9592,-82.4631
theme_park,US,"United States of America","Water World, Colorado",39.856980555,-105.010819444
botanical_garden,US,"United States of America","Waterfront",38.263369,-85.723958
theme_park,US,"United States of America","Waterville USA",30.259,-87.686
theme_park,US,"United States of America","WaterWorks",37.8362,-77.4426
theme_park,US,"United States of America","WaterWorks Park",40.612099,-122.368423
botanical_garden,US,"United States of America","Wave Hill",40.898611,-73.913056
theme_park,US,"United States of America","Wave Waterpark",33.19948,-117.24622
botanical_garden,US,"United States of America","Wayne State College Arboretum",42.2411,-97.015
theme_park,US,"United States of America","Wedgewood Village",35.54,-97.5936
botanical_garden,US,"United States of America","Welkinweir",40.153611,-75.681944
botanical_garden,US,"United States of America","Wellesley College",42.295,-71.304
theme_park,US,"United States of America","Wenona Beach",43.5841,-83.9744
theme_park,US,"United States of America","West View Park",40.5164,-80.0346
botanical_garden,US,"United States of America","West Virginia",39.628055555,-79.865833333
botanical_garden,US,"United States of America","Western Colorado",39.055277777,-108.561388888
botanical_garden,US,"United States of America","Western Kentucky",37.7764,-87.1448
theme_park,US,"United States of America","Western Playland",31.803,-106.56
theme_park,US,"United States of America","Westside Club",29.750122,-95.574832
theme_park,US,"United States of America","Wet 'n Wild",36.140361,-115.15845
theme_park,US,"United States of America","Wet 'n Wild Emerald Pointe",36.0075,-79.8403
theme_park,US,"United States of America","Wet 'n Wild Orlando",28.4609,-81.4648
theme_park,US,"United States of America","Wet N' Wild Waterworld",31.99,-106.585
theme_park,US,"United States of America","Wet'n'Wild Hawaii",21.335,-158.088
theme_park,US,"United States of America","Wet'n'Wild Las Vegas",36.059941,-115.300122
theme_park,US,"United States of America","Whale's Tale Water Park",44.0717,-71.6867
theme_park,US,"United States of America","Whalom Park",42.5756,-71.7466
botanical_garden,US,"United States of America","Wheeler Orchid Collection and Species Bank",40.1996,-85.4159
theme_park,US,"United States of America","White City",29.968,-90.106
botanical_garden,US,"United States of America","White River Gardens",39.7667,-86.1761
national_park,US,"United States of America","White Sands",32.779722,-106.171667
theme_park,US,"United States of America","White Swan Park",40.468,-80.2
theme_park,US,"United States of America","White Water Bay",29.5995,-98.6094
theme_park,US,"United States of America","White Water Branson",36.644,-93.2996
botanical_garden,US,"United States of America","Wilbur D. May Center",39.5462,-119.825
botanical_garden,US,"United States of America","Wilcox Park",41.3775,-71.8272
theme_park,US,"United States of America","Wild Adventures",30.72,-83.323333333
theme_park,US,"United States of America","Wild Island",39.5308,-119.714
theme_park,US,"United States of America","Wild River Country",34.8181,-92.3426
theme_park,US,"United States of America","Wild Rivers",33.6432,-117.748
theme_park,US,"United States of America","Wild Waters",29.2163,-82.0569
theme_park,US,"United States of America","Wild Waves",47.2725,-122.312
theme_park,US,"United States of America","Wild West City",40.93489,-74.7106
theme_park,US,"United States of America","Wild West World",37.8182,-97.3212
botanical_garden,US,"United States of America","Wilder Park Conservatory",41.8948,-87.944
theme_park,US,"United States of America","WildWater Adventure",43.3474,-86.2789
theme_park,US,"United States of America","Wildwater Kingdom",41.3484,-81.3692
theme_park,US,"United States of America","Wildwood",45.056944444,-92.959166666
botanical_garden,US,"United States of America","Wildwood Park for the Arts",34.7361,-92.3222
botanical_garden,US,"United States of America","Will Rogers Gardens",35.5066,-97.5778
botanical_garden,US,"United States of America","William Bartram Arboretum",32.51,-86.25
botanical_garden,US,"United States of America","William F. Curtis Arboretum",40.5869,-75.5151
botanical_garden,US,"United States of America","William Joseph McInnes and Campus Arboretum",37.7807,-122.18
botanical_garden,US,"United States of America","William Lanier Hunt Arboretum",35.8998,-79.0325
botanical_garden,US,"United States of America","William Miranda Marín Botanical and Cultural Garden",18.239997,-66.062309
botanical_garden,US,"United States of America","Williams Conservatory, University of Wyoming",41.3126452,-105.584777
theme_park,US,"United States of America","Williams Grove",40.151,-77.034
botanical_garden,US,"United States of America","Williamsburg",37.3196,-76.7991
theme_park,US,"United States of America","Willow Grove Park",40.1392,-75.1211
theme_park,US,"United States of America","Willow Springs Water Park",34.6284,-92.3198
botanical_garden,US,"United States of America","Willowwood Arboretum",40.726,-74.6991
national_park,US,"United States of America","Wind Cave",43.55635,-103.47865
botanical_garden,US,"United States of America","Wind River Arboretum",45.7992,-121.934
botanical_garden,US,"United States of America","Wing Haven Gardens and Bird Sanctuary",35.179,-80.8409
theme_park,US,"United States of America","Wonderland",44.946346,-93.22569
theme_park,US,"United States of America","Wonderland Park",35.2408,-101.832
botanical_garden,US,"United States of America","Woodland Cemetery and Arboretum",39.742778,-84.179167
theme_park,US,"United States of America","Woods of Terror",36.1961,-79.7849
theme_park,US,"United States of America","Woodside",39.9993,-75.2115
botanical_garden,US,"United States of America","Woodward Park",36.1316,-95.9738
theme_park,US,"United States of America","Woodward's Gardens",37.768,-122.421
botanical_garden,US,"United States of America","World",19.903807,-155.136641
theme_park,US,"United States of America","Worlds of Fun",39.1773,-94.489
national_park,US,"United States of America","Wrangell–St. Elias National Park and Preserve",61.435,-142.953611111
botanical_garden,US,"United States of America","Wright Park Arboretum",47.2603,-122.448
botanical_garden,US,"United States of America","Wrigley",33.3289,-118.341
botanical_garden,US,"United States of America","Yakima Area Arboretum",46.5869,-120.473
botanical_garden,US,"United States of America","Yampa River Botanic Park",40.4697,-106.829
national_park,US,"United States of America","Yellowstone",44.6,-110.5
theme_park,US,"United States of America","York's Wild Kingdom",43.183611111,-70.611111111
national_park,US,"United States of America","Yosemite",37.7425,-119.5375
theme_park,US,"United States of America","ZDT's",29.58,-97.967
botanical_garden,US,"United States of America","Zilker",30.2689,-97.7714
national_park,US,"United States of America","Zion",37.202619444,-112.98785
botanical_garden,US,"United States of America","Zoo Miami",25.61,-80.4
theme_park,US,"United States of America","Zoom Flume",42.3793,-74.1454
theme_park,US,"United States of America","Zoombezi Bay",40.1549,-83.1199
national_park,UY,"Uruguay","Anchorena Park",-34.27958333,-57.98063889
botanical_garden,UY,"Uruguay","Arboretum Lussich",-34.88333333,-55.03555556
national_park,UY,"Uruguay","Cabo Polonio",-34.383333333,-53.8
national_park,UY,"Uruguay","Esteros de Farrapos e Islas del Río Uruguay",-32.778888888,-58.108611111
theme_park,UY,"Uruguay","Parque Rodó",-34.913135909,-56.163631362
botanical_garden,UY,"Uruguay","Prof. Atilio Lombardo Museum and",-34.859679,-56.19945
botanical_garden,UY,"Uruguay","Reserva de Flora y fauna Dr. Rodolfo Tálice",-33.507916666,-56.936833333
botanical_garden,UY,"Uruguay","Rosaleda",-34.859517,-56.205694
national_park,UY,"Uruguay","San Miguel",-33.710555555,-53.543055555
national_park,UY,"Uruguay","Santa Teresa",-34,-53.55
theme_park,UZ,"Uzbekistan","Afsonalar Vodiysi Park",41.003333333,71.616944444
national_park,UZ,"Uzbekistan","Aralkum National Nature Park",44.964211,59.147387
national_park,UZ,"Uzbekistan","Bobotog National Nature Park",38.01564,68.163986
national_park,UZ,"Uzbekistan","Central Kyzylkum National Nature Park",42.3677,62.7429
national_park,UZ,"Uzbekistan","Durman",41.360879595,69.402040117
theme_park,UZ,"Uzbekistan","Navruz Ethnographic Park",41.325381,69.267349
national_park,UZ,"Uzbekistan","Omonqoton National Nature Park",39.302159,66.94519
national_park,UZ,"Uzbekistan","Pop National Nature Park",41.127599,70.782337
national_park,UZ,"Uzbekistan","South Ustyurt National Nature Park",41.912,56.563
botanical_garden,UZ,"Uzbekistan","Tashkent",41.34388889,69.31527778
national_park,UZ,"Uzbekistan","Ugom Chatkal State National Natural Park",41.8625,70.43417
national_park,UZ,"Uzbekistan","Xorazm National Natural Park",41.823140158,60.497374875
national_park,UZ,"Uzbekistan","Yuqori Topalang National Nature Park",38.713376,67.930527
national_park,UZ,"Uzbekistan","Zaamin",39.613,68.501
theme_park,VE,"Venezuela","Aguamania",10.658464,-71.593085
national_park,VE,"Venezuela","Aguaro-Guariquito",8.3,-66.75
national_park,VE,"Venezuela","Archipiélago de Los Roques",11.8628,-66.7826
national_park,VE,"Venezuela","Canaima",5.3193393,-61.7953505
botanical_garden,VE,"Venezuela","Central University",10.4952282,-66.8934775
national_park,VE,"Venezuela","Cerro El Copey",11.0088427,-63.8864207
national_park,VE,"Venezuela","Cerro Saroche",10.871645,-70.043458055
national_park,VE,"Venezuela","Chorro El Indio",7.758345435,-72.168363741
national_park,VE,"Venezuela","Ciénagas de Juan Manuel",9.522487777,-72.319968611
national_park,VE,"Venezuela","Delta del Orinoco",9.8058587,-61.475206
national_park,VE,"Venezuela","Dinira",9.430782,-70.171587833
national_park,VE,"Venezuela","Duida-Marahuaca",3.6530517,-65.4232408
botanical_garden,VE,"Venezuela","Ekobius International",5.5347177,-67.4316447
national_park,VE,"Venezuela","El Avila",10.533333333,-66.866666666
national_park,VE,"Venezuela","El Guacharo",10.171760388,-63.553853611
national_park,VE,"Venezuela","El Guache",9.572388888,-69.5615
national_park,VE,"Venezuela","El Tamá",7.54079,-72.189
national_park,VE,"Venezuela","General Juan Pablo Peñaloza",7.98333333,-71.95
national_park,VE,"Venezuela","Guaramacal",9.206111111,-70.193611111
national_park,VE,"Venezuela","Guatopo",10.076361,-66.416528
national_park,VE,"Venezuela","Henri Pittier",10.38,-67.619
national_park,VE,"Venezuela","Jaua-Sarisariñama",4.6815912,-64.2216176
national_park,VE,"Venezuela","Juan Crisóstomo Falcón",11.1499,-69.6899
national_park,VE,"Venezuela","Laguna de La Restinga",10.9851777,-64.14814
national_park,VE,"Venezuela","Laguna de Tacarigua",10.07841,-65.80851
national_park,VE,"Venezuela","Macarao",10.425561111,-67.032780555
national_park,VE,"Venezuela","Médanos de Coro",11.606419444,-69.737630555
botanical_garden,VE,"Venezuela","Mérida",8.623694444,-71.144111111
national_park,VE,"Venezuela","Mochima",10.3463835,-64.3406582
national_park,VE,"Venezuela","Morrocoy",10.856,-68.306
botanical_garden,VE,"Venezuela","Naguanagua",10.236042,-68.010206
national_park,VE,"Venezuela","Parima-Tapirapecó",3.3302424,-64.7046663
theme_park,VE,"Venezuela","Parque El Agua",11.1092487,-63.847114
national_park,VE,"Venezuela","Peninsula de Paria",10.6657111,-62.2971583
national_park,VE,"Venezuela","Río Viejo San Camilo",7.5,-72.06666667
national_park,VE,"Venezuela","San Esteban",10.390833,-67.980278
national_park,VE,"Venezuela","Santos Luzardo",6.71371,-67.5769
national_park,VE,"Venezuela","Serranía La Neblina",0.9476993,-66.0384751
national_park,VE,"Venezuela","Sierra Nevada",8.56666667,-70.7
national_park,VE,"Venezuela","Tapo-Caparo",7.86666667,-71.85
national_park,VE,"Venezuela","Terepaima",9.86666667,-69.26666667
national_park,VE,"Venezuela","Tirgua",9.86472222,-68.66805556
national_park,VE,"Venezuela","Turuepano",10.451939,-62.9036544
botanical_garden,VE,"Venezuela","Unellez",8.63527778,-70.24916667
national_park,VE,"Venezuela","Yacambú",9.63333333,-69.66666667
national_park,VE,"Venezuela","Yapacana",3.6838873,-66.7890645
national_park,VE,"Venezuela","Yurubí",10.47875,-68.65925
national_park,VN,"Vietnam","Ba Bể",22.405277777,105.615277777
national_park,VN,"Vietnam","Ba Vi",21.07805556,105.35833333
national_park,VN,"Vietnam","Bach Ma",16.2,107.86666667
national_park,VN,"Vietnam","Bai Tu Long",21.0797,107.5665
national_park,VN,"Vietnam","Ben En",19.61666667,105.525
national_park,VN,"Vietnam","Bidoup Núi Bà",12.43333333,108.5
national_park,VN,"Vietnam","Bu Gia Map",12.176944444,107.190277777
national_park,VN,"Vietnam","Cat Ba",20.795,107.010555555
national_park,VN,"Vietnam","Cát Tiên",11.347222222,107.151388888
national_park,VN,"Vietnam","Chu Mom Ray",14.46666667,107.63333333
national_park,VN,"Vietnam","Chư Yang Sin",12.87694444,108.43805556
national_park,VN,"Vietnam","Con Dao",8.69166667,106.63333333
national_park,VN,"Vietnam","Cuc Phuong",20.31666667,105.60833333
theme_park,VN,"Vietnam","Dam Sen Cultural Park",10.766111111,106.637777777
national_park,VN,"Vietnam","Du Già",22.95,105.216666666
theme_park,VN,"Vietnam","Grand World",10.3291,103.8615
botanical_garden,VN,"Vietnam","Hanoi",21.040556,105.831667
theme_park,VN,"Vietnam","Hồ Thủy Tiên",16.4079469,107.578521
national_park,VN,"Vietnam","Hoang Lien",22.303441,103.775139
national_park,VN,"Vietnam","Kon Ka Kinh",14.33333333,108.36666667
national_park,VN,"Vietnam","Lo Go–Xa Mat",11.40833333,106.00833333
national_park,VN,"Vietnam","Lower U Minh",9.25138889,104.94527778
national_park,VN,"Vietnam","Mũi Cà Mau",8.675,104.79166667
national_park,VN,"Vietnam","Nui Chua",11.70027778,109.15277778
theme_park,VN,"Vietnam","Ocean Park Ha Long",20.955479,107.049652
national_park,VN,"Vietnam","Phia Oac – Phia Den",22.583333333,105.883333333
national_park,VN,"Vietnam","Phong Nha–Ke Bang",17.533333333,106.15
national_park,VN,"Vietnam","Phu Quoc",10.325,103.95
national_park,VN,"Vietnam","Phuoc Binh",12.07111111,108.75055556
national_park,VN,"Vietnam","Pu Mat",18.98333333,104.66666667
theme_park,VN,"Vietnam","Saigon Water Park",10.840635,106.74509
botanical_garden,VN,"Vietnam","Saigon Zoo and",10.78805556,106.70472222
national_park,VN,"Vietnam","Sông Thanh",15.670388888,107.715027777
theme_park,VN,"Vietnam","Suối Tiên",10.863885,106.802173
national_park,VN,"Vietnam","Tà Đùng",11.89,107.916666666
national_park,VN,"Vietnam","Tam Dao",21.5167,105.55
national_park,VN,"Vietnam","Tram Chim",10.725,105.517
national_park,VN,"Vietnam","U Minh Thuong",9.58333,105.083
national_park,VN,"Vietnam","Vu Quang",18.2917,105.408
national_park,VN,"Vietnam","Xuan Son",21.15,104.933
national_park,VN,"Vietnam","Xuan Thuy",20.23,106.517
national_park,VN,"Vietnam","Yok Don",12.8038,107.671
national_park,ZM,"Zambia","Blue Lagoon",-15.66666667,27.25
national_park,ZM,"Zambia","Isangano",-11.25,30.66666667
national_park,ZM,"Zambia","Kafue",-15.28,25.7
national_park,ZM,"Zambia","Kasanka",-12.565,30.17788
national_park,ZM,"Zambia","Lavushi Manda",-12.376,30.85855
national_park,ZM,"Zambia","Liuwa Plain",-14.66666667,22.5
national_park,ZM,"Zambia","Lochinvar",-15.89686,27.23801
national_park,ZM,"Zambia","Lower Zambezi",-15.75,29.33333333
national_park,ZM,"Zambia","Luambe",-12.5,32.33333333
national_park,ZM,"Zambia","Lukusuzi",-13,32.5
national_park,ZM,"Zambia","Lusaka",-15.5,28.38333333
national_park,ZM,"Zambia","Lusenga Plain",-9.39639,29.20647
botanical_garden,ZM,"Zambia","Munda Wanga Trust",-15.41666667,28.28333333
national_park,ZM,"Zambia","Mweru Wantipa",-8.75,29.5
national_park,ZM,"Zambia","North Luangwa",-12.11108,32.10562
national_park,ZM,"Zambia","Nsumbu",-8.743938888,30.382688888
national_park,ZM,"Zambia","Nyika",-10.66666667,33.63333333
national_park,ZM,"Zambia","Sioma Ngwezi",-17,23.5
national_park,ZM,"Zambia","South Luangwa",-13,31.5
national_park,ZM,"Zambia","West Lunga",-12.83333333,24.5
national_park,ZW,"Zimbabwe","Chimanimani",-19.75,32.88333333
national_park,ZW,"Zimbabwe","Chizarira",-17.75,28.16666667
national_park,ZW,"Zimbabwe","Gonarezhou",-21.66666667,31.66666667
national_park,ZW,"Zimbabwe","Hwange",-18.735,26.955
national_park,ZW,"Zimbabwe","Kazuma Pan",-18.2735,25.570166666
national_park,ZW,"Zimbabwe","Mana Pools",-15.75,29.333333
national_park,ZW,"Zimbabwe","Mana Pools National Park, Sapi and Chewore Safari Areas",-15.81944444,29.40805556
national_park,ZW,"Zimbabwe","Matobo",-20.55,28.508
national_park,ZW,"Zimbabwe","Matusadona",-16.95,28.6
national_park,ZW,"Zimbabwe","Mosi-oa-Tunya",-17.866666666,25.833333333
botanical_garden,ZW,"Zimbabwe","National",-17.80166667,31.05083333
national_park,ZW,"Zimbabwe","Nyanga",-18.21666667,32.75
national_park,ZW,"Zimbabwe","Victoria Falls",-17.951,25.840722222
national_park,ZW,"Zimbabwe","Zambezi",-17.92648,25.63442