CountryCode,Name,Latitude,Longitude
AE,Abu Dhabi,24.4512,54.397
AE,Ajman City,25.4018,55.4788
AE,Dubai,25.0772,55.3093
AE,Musaffah,24.3589,54.4827
AE,Ras Al Khaimah City,25.7895,55.9432
AE,Sharjah,25.3374,55.4121
AF,Baghlān,36.1307,68.7083
AF,Balkh,36.7563,66.8972
AF,Gardez,33.5974,69.2259
AF,Ghazni,33.5539,68.421
AF,Herāt,34.3482,62.1997
AF,Jalālābād,34.4265,70.4515
AF,Kabul,34.5281,69.1723
AF,Kandahār,31.6133,65.7101
AF,Kunduz,36.7289,68.857
AF,Mazār-e Sharīf,36.709,67.1109
AL,Durrës,41.3235,19.4547
AL,Elbasan,41.1125,20.0822
AL,Tirana,41.3275,19.8189
AM,Gyumri,40.7942,43.8453
AM,Vanadzor,40.8046,44.4939
AM,Yerevan,40.1811,44.5136
AO,Benguela,-12.5763,13.4055
AO,Cuito,-12.3833,16.9333
AO,Huambo,-12.7761,15.7392
AO,Lobito,-12.3644,13.536
AO,Luanda,-8.8368,13.2343
AO,Lubango,-14.9172,13.4925
AO,N’dalatando,-9.2978,14.9116
AR,Bahía Blanca,-38.7196,-62.2724
AR,Balvanera,-34.6103,-58.3977
AR,Belgrano,-34.5627,-58.4583
AR,Berazategui,-34.7653,-58.2128
AR,Buenos Aires,-34.6131,-58.3772
AR,Comodoro Rivadavia,-45.8641,-67.4966
AR,Concordia,-31.393,-58.0209
AR,Córdoba,-31.4135,-64.181
AR,Corrientes,-27.4678,-58.8344
AR,Formosa,-26.1849,-58.1731
AR,José C. Paz,-34.5154,-58.7681
AR,La Plata,-34.9215,-57.9545
AR,La Rioja,-29.411,-66.8507
AR,Mar del Plata,-38.0004,-57.5562
AR,Mendoza,-32.8908,-68.8272
AR,Merlo,-34.6663,-58.7293
AR,Morón,-34.6509,-58.6196
AR,Neuquén,-38.9516,-68.0591
AR,Paraná,-31.7327,-60.529
AR,Pilar,-34.4587,-58.9142
AR,Posadas,-27.3671,-55.8961
AR,Quilmes,-34.729,-58.2637
AR,Resistencia,-27.4606,-58.9839
AR,Río Cuarto,-33.1307,-64.3499
AR,Rosario,-32.9468,-60.6393
AR,Salta,-24.7859,-65.4117
AR,San Fernando del Valle de Catamarca,-28.4696,-65.7852
AR,San Juan,-31.5375,-68.5364
AR,San Luis,-33.295,-66.3356
AR,San Miguel,-34.5433,-58.7123
AR,San Miguel de Tucumán,-26.8241,-65.2226
AR,San Nicolás de los Arroyos,-33.3342,-60.2108
AR,San Rafael,-34.6177,-68.3301
AR,San Salvador de Jujuy,-24.1946,-65.2971
AR,Santa Fe,-31.6488,-60.7087
AR,Santa Rosa,-36.6167,-64.2833
AR,Santiago del Estero,-27.7951,-64.2615
AR,Tandil,-37.3217,-59.1332
AR,Villa Lugano,-34.6791,-58.4726
AT,Donaustadt,48.2333,16.46
AT,Favoriten,48.1612,16.3823
AT,Floridsdorf,48.25,16.4
AT,Graz,47.0667,15.45
AT,Innsbruck,47.2627,11.3945
AT,Linz,48.3064,14.2861
AT,Ottakring,48.2167,16.3
AT,Salzburg,47.7994,13.044
AT,Simmering,48.1833,16.4333
AT,Vienna,48.2085,16.3721
AU,Adelaide,-34.9287,138.5986
AU,Bendigo,-36.7582,144.2802
AU,Brisbane,-27.4679,153.0281
AU,Cairns,-16.9237,145.7661
AU,Canberra,-35.2835,149.1281
AU,Darwin,-12.4611,130.8418
AU,Geelong,-38.1471,144.3607
AU,Gold Coast,-28.0003,153.4309
AU,Hobart,-42.8794,147.3294
AU,Launceston,-41.4388,147.1347
AU,Logan City,-27.6392,153.1094
AU,Melbourne,-37.814,144.9633
AU,Newcastle,-32.9295,151.7801
AU,Perth,-31.9522,115.8614
AU,Rockingham,-32.2768,115.7298
AU,Sydney,-33.8678,151.2073
AU,Toowoomba,-27.5606,151.9539
AU,Townsville,-19.2664,146.8057
AU,Wollongong,-34.424,150.8935
AZ,Baku,40.3777,49.892
AZ,Ganja,40.6828,46.3606
AZ,Lankaran,38.7543,48.8506
AZ,Sumqayıt,40.5897,49.6686
AZ,Yevlakh,40.6183,47.1501
BA,Banja Luka,44.7784,17.1939
BA,Mostar,43.3433,17.8081
BA,Sarajevo,43.8486,18.3564
BA,Tuzla,44.5384,18.6671
BA,Zenica,44.2017,17.904
BD,Bagerhat,22.6566,89.7912
BD,Barisāl,22.705,90.3701
BD,Bhairab Bāzār,24.0524,90.9764
BD,Bogra,24.851,89.3711
BD,Chittagong,22.3384,91.8317
BD,Comilla,23.4619,91.185
BD,Cox’s Bāzār,21.4397,92.0096
BD,Dhaka,23.7104,90.4074
BD,Dinājpur,25.6274,88.6378
BD,Farīdpur,23.6061,89.8406
BD,Jamālpur,24.9197,89.9481
BD,Jessore,23.1697,89.2137
BD,Khulna,22.8098,89.5644
BD,Kushtia,23.9028,89.1194
BD,Mymensingh,24.7564,90.4065
BD,Nāgarpur,24.0578,89.877
BD,Nārāyanganj,23.6135,90.503
BD,Narsingdi,23.923,90.7177
BD,Natore,24.4111,88.9867
BD,Nawābganj,24.5903,88.2744
BD,Pābna,24.0064,89.2372
BD,Paltan,23.7362,90.4143
BD,Pār Naogaon,24.8042,88.9488
BD,Puthia,24.3654,88.8343
BD,Rājshāhi,24.374,88.6011
BD,Rangpur,25.7466,89.2517
BD,Saidpur,25.7777,88.8917
BD,Sātkhira,22.7082,89.0718
BD,Shāhzādpur,24.1769,89.5988
BD,Sherpur,25.0188,90.0175
BD,Shibganj,25.0015,89.3227
BD,Sirajganj,24.4577,89.708
BD,Sonārgaon,23.65,90.6167
BD,Sylhet,24.899,91.872
BD,Tāngāil,24.2498,89.9166
BD,Tungi,23.8915,90.4023
BE,Antwerp,51.2205,4.4003
BE,Brugge,51.2089,3.2242
BE,Brussels,50.8505,4.3488
BE,Charleroi,50.4114,4.4445
BE,Gent,51.05,3.7167
BE,Liège,50.6337,5.5675
BE,Namur,50.4669,4.8675
BF,Bobo-Dioulasso,11.1771,-4.2979
BF,Ouagadougou,12.3657,-1.5339
BG,Burgas,42.5061,27.4678
BG,Pleven,43.4167,24.6167
BG,Plovdiv,42.15,24.75
BG,Ruse,43.8487,25.9534
BG,Sofia,42.6975,23.3241
BG,Stara Zagora,42.4328,25.6419
BG,Varna,43.2167,27.9167
BH,Manama,26.2279,50.5857
BI,Bujumbura,-3.3819,29.3614
BJ,Abomey-Calavi,6.4485,2.3557
BJ,Bohicon,7.1783,2.0667
BJ,Cotonou,6.3654,2.4183
BJ,Djougou,9.7085,1.666
BJ,Kandi,11.1342,2.9386
BJ,Parakou,9.3372,2.6303
BJ,Porto-Novo,6.4965,2.6036
BO,Cochabamba,-17.3895,-66.1568
BO,La Paz,-16.5,-68.15
BO,Oruro,-17.9833,-67.15
BO,Potosí,-19.5836,-65.7531
BO,Sacaba,-17.398,-66.0383
BO,Santa Cruz de la Sierra,-17.7863,-63.1812
BO,Sucre,-19.0333,-65.2627
BO,Tarija,-21.5355,-64.7296
BR,Alagoinhas,-12.1356,-38.4192
BR,Americana,-22.7392,-47.3314
BR,Ananindeua,-1.3656,-48.3722
BR,Anápolis,-16.3267,-48.9528
BR,Angra dos Reis,-23.0067,-44.3181
BR,Aparecida de Goiânia,-16.8233,-49.2439
BR,Apucarana,-23.5508,-51.4608
BR,Aracaju,-10.9111,-37.0717
BR,Araçatuba,-21.2089,-50.4328
BR,Araguaína,-7.1911,-48.2072
BR,Arapiraca,-9.7525,-36.6611
BR,Araraquara,-21.7944,-48.1756
BR,Araras,-22.3569,-47.3842
BR,Araruama,-22.8728,-42.3431
BR,Araucária,-25.5931,-49.4103
BR,Assis,-22.6617,-50.4122
BR,Atibaia,-23.1169,-46.5503
BR,Barbacena,-21.2258,-43.7736
BR,Barra Mansa,-22.5442,-44.1714
BR,Barreiras,-12.1528,-44.99
BR,Barretos,-20.5572,-48.5678
BR,Barueri,-23.5106,-46.8761
BR,Bauru,-22.3147,-49.0606
BR,Belém,-1.4558,-48.5044
BR,Belford Roxo,-22.7642,-43.3994
BR,Belo Horizonte,-19.9208,-43.9378
BR,Betim,-19.9678,-44.1983
BR,Birigui,-21.2886,-50.34
BR,Blumenau,-26.9194,-49.0661
BR,Boa Vista,2.8197,-60.6733
BR,Botucatu,-22.8858,-48.445
BR,Bragança Paulista,-22.9527,-46.5442
BR,Brasília,-15.7797,-47.9297
BR,Cabo,-8.2833,-35.0333
BR,Cabo Frio,-22.8872,-42.0262
BR,Cachoeirinha,-29.9511,-51.0939
BR,Cachoeiro de Itapemirim,-20.8489,-41.1128
BR,Camaçari,-12.6975,-38.3242
BR,Campina Grande,-7.2306,-35.8811
BR,Campinas,-22.9056,-47.0608
BR,Campo Grande,-20.4428,-54.6464
BR,Campos dos Goytacazes,-21.7523,-41.3304
BR,Canoas,-29.9178,-51.1836
BR,Carapicuíba,-23.5227,-46.835
BR,Caruaru,-8.2833,-35.9761
BR,Cascavel,-24.9558,-53.4553
BR,Castanhal,-1.2939,-47.9264
BR,Catanduva,-21.1378,-48.9728
BR,Caucaia,-3.7361,-38.6531
BR,Caxias,-4.8589,-43.3561
BR,Caxias do Sul,-29.1681,-51.1794
BR,Chapecó,-27.0964,-52.6183
BR,Colatina,-19.5394,-40.6306
BR,Colombo,-25.2917,-49.2242
BR,Conselheiro Lafaiete,-20.6603,-43.7861
BR,Contagem,-19.9317,-44.0536
BR,Coronel Fabriciano,-19.5186,-42.6289
BR,Cotia,-23.6039,-46.9192
BR,Criciúma,-28.6775,-49.3697
BR,Cubatão,-23.895,-46.4253
BR,Cuiabá,-15.5961,-56.0967
BR,Curitiba,-25.4278,-49.2731
BR,Diadema,-23.6861,-46.6228
BR,Divinópolis,-20.1436,-44.8907
BR,Dourados,-22.2211,-54.8056
BR,Duque de Caxias,-22.7856,-43.3117
BR,Embu,-23.6489,-46.8522
BR,Esmeraldas,-19.7625,-44.3139
BR,Eunápolis,-16.3775,-39.5803
BR,Feira de Santana,-12.2667,-38.9667
BR,Ferraz de Vasconcelos,-23.5408,-46.3686
BR,Florianópolis,-27.5967,-48.5492
BR,Fortaleza,-3.7172,-38.5431
BR,Foz do Iguaçu,-25.5478,-54.5881
BR,Franca,-20.5386,-47.4008
BR,Francisco Morato,-23.2817,-46.7453
BR,Franco da Rocha,-23.3217,-46.7269
BR,Garanhuns,-8.882,-36.5022
BR,Goiânia,-16.6786,-49.2539
BR,Governador Valadares,-18.8511,-41.9494
BR,Gravataí,-29.9422,-50.9928
BR,Guaíba,-30.1139,-51.325
BR,Guarapari,-20.6718,-40.502
BR,Guarapuava,-25.3905,-51.4654
BR,Guaratinguetá,-22.8164,-45.1925
BR,Guarujá,-23.9931,-46.2564
BR,Guarulhos,-23.4628,-46.5333
BR,Hortolândia,-22.8583,-47.22
BR,Ibirité,-20.0219,-44.0589
BR,Ilhéus,-14.7936,-39.0395
BR,Imperatriz,-5.5264,-47.4917
BR,Indaiatuba,-23.0884,-47.2119
BR,Ipatinga,-19.4683,-42.5367
BR,Itaboraí,-22.7444,-42.8594
BR,Itabuna,-14.7856,-39.2803
BR,Itaguaí,-22.8522,-43.7753
BR,Itajaí,-26.9078,-48.6619
BR,Itapecerica da Serra,-23.7169,-46.8492
BR,Itapetininga,-23.5917,-48.0531
BR,Itapevi,-23.5489,-46.9342
BR,Itaquaquecetuba,-23.4861,-46.3483
BR,Itu,-23.2642,-47.2992
BR,Jaboatão,-8.1803,-35.0014
BR,Jaboatão dos Guararapes,-8.1128,-35.0147
BR,Jacareí,-23.3053,-45.9658
BR,Jandira,-23.5275,-46.9025
BR,Jaraguá do Sul,-26.4861,-49.0667
BR,Jaú,-22.2964,-48.5578
BR,Jequié,-13.8588,-40.0851
BR,Ji Paraná,-10.8853,-61.9517
BR,João Pessoa,-7.115,-34.8631
BR,Joinville,-26.3044,-48.8456
BR,Juazeiro do Norte,-7.2131,-39.3153
BR,Juiz de Fora,-21.7642,-43.3503
BR,Jundiaí,-23.1864,-46.8842
BR,Lages,-27.8161,-50.3261
BR,Lauro de Freitas,-12.8944,-38.3272
BR,Limeira,-22.5647,-47.4017
BR,Linhares,-19.3911,-40.0722
BR,Londrina,-23.3103,-51.1628
BR,Luziânia,-16.2525,-47.9503
BR,Macaé,-22.3848,-41.7832
BR,Macapá,0.0389,-51.0664
BR,Maceió,-9.6658,-35.7353
BR,Manaus,-3.1019,-60.025
BR,Marabá,-5.3815,-49.1323
BR,Maracanaú,-3.8767,-38.6256
BR,Marília,-22.2139,-49.9458
BR,Maringá,-23.4253,-51.9386
BR,Mauá,-23.6678,-46.4614
BR,Mogi das Cruzes,-23.5228,-46.1883
BR,Mogi Guaçu,-22.3677,-46.9455
BR,Montes Claros,-16.735,-43.8617
BR,Mossoró,-5.1875,-37.3442
BR,Natal,-5.795,-35.2094
BR,Nilópolis,-22.8075,-43.4139
BR,Niterói,-22.8833,-43.1036
BR,Nossa Senhora do Socorro,-10.855,-37.1261
BR,Nova Friburgo,-22.2819,-42.5311
BR,Nova Iguaçu,-22.7592,-43.4511
BR,Novo Hamburgo,-29.6783,-51.1306
BR,Olinda,-8.0089,-34.8553
BR,Osasco,-23.5325,-46.7917
BR,Palhoça,-27.6453,-48.6678
BR,Palmas,-10.1675,-48.3277
BR,Paranaguá,-25.5163,-48.5254
BR,Parauapebas,-6.0675,-49.9022
BR,Parnaíba,-2.9047,-41.7767
BR,Parnamirim,-5.9156,-35.2628
BR,Passo Fundo,-28.2628,-52.4067
BR,Patos de Minas,-18.5789,-46.5181
BR,Paulista,-7.9408,-34.8731
BR,Pelotas,-31.77,-52.341
BR,Petrolina,-9.3986,-40.5008
BR,Petrópolis,-22.505,-43.1786
BR,Pindamonhangaba,-22.9239,-45.4617
BR,Pinhais,-25.4447,-49.1925
BR,Piracicaba,-22.7253,-47.6492
BR,Planaltina,-15.6179,-47.6487
BR,Poá,-23.5281,-46.3447
BR,Poços de Caldas,-21.7878,-46.5614
BR,Ponta Grossa,-25.095,-50.1619
BR,Porto Alegre,-30.0328,-51.2302
BR,Porto Seguro,-16.4497,-39.0647
BR,Porto Velho,-8.7619,-63.9039
BR,Pouso Alegre,-22.23,-45.9364
BR,Praia Grande,-24.0058,-46.4028
BR,Presidente Prudente,-22.1256,-51.3889
BR,Queimados,-22.7161,-43.5553
BR,Recife,-8.0539,-34.8811
BR,Resende,-22.4689,-44.4467
BR,Ribeirão das Neves,-19.7669,-44.0867
BR,Ribeirão Pires,-23.7106,-46.4133
BR,Ribeirão Preto,-21.1775,-47.8103
BR,Rio Branco,-9.9747,-67.81
BR,Rio Claro,-22.4114,-47.5614
BR,Rio das Ostras,-22.5269,-41.945
BR,Rio de Janeiro,-22.9064,-43.1822
BR,Rio Grande,-32.035,-52.0986
BR,Rio Verde,-17.7981,-50.9281
BR,Rondonópolis,-16.4708,-54.6356
BR,Salvador,-12.9711,-38.5108
BR,Santa Bárbara d'Oeste,-22.7536,-47.4136
BR,Santa Cruz do Sul,-29.7175,-52.4258
BR,Santa Luzia,-19.7697,-43.8514
BR,Santa Maria,-29.6842,-53.8069
BR,Santa Rita,-7.1139,-34.9781
BR,Santarém,-2.4431,-54.7083
BR,Santo André,-23.6639,-46.5383
BR,Santos,-23.9608,-46.3336
BR,São Bernardo do Campo,-23.6939,-46.565
BR,São Caetano do Sul,-23.6231,-46.5511
BR,São Carlos,-22.0175,-47.8908
BR,São João de Meriti,-22.8039,-43.3722
BR,São José,-28.2117,-49.1632
BR,São José do Rio Preto,-20.8197,-49.3794
BR,São José dos Campos,-23.1794,-45.8869
BR,São José dos Pinhais,-25.5302,-49.2084
BR,São Leopoldo,-29.7603,-51.1472
BR,São Luís,-2.5297,-44.3028
BR,São Paulo,-23.5475,-46.6361
BR,São Vicente,-23.9631,-46.3919
BR,Sapucaia,-29.8333,-51.15
BR,Serra,-20.1286,-40.3078
BR,Sete Lagoas,-19.4658,-44.2467
BR,Simões Filho,-12.7844,-38.4039
BR,Sinop,-11.8642,-55.5025
BR,Sobral,-3.6861,-40.3497
BR,Sorocaba,-23.5017,-47.4581
BR,Sumaré,-22.8219,-47.2669
BR,Suzano,-23.5425,-46.3108
BR,Taboão da Serra,-23.6261,-46.7917
BR,Taubaté,-23.0264,-45.5553
BR,Teófilo Otoni,-17.8575,-41.5053
BR,Teresina,-5.0892,-42.8019
BR,Teresópolis,-22.4167,-42.9782
BR,Timon,-5.0942,-42.8367
BR,Toledo,-24.7136,-53.7431
BR,Uberaba,-19.7483,-47.9319
BR,Uberlândia,-18.9186,-48.2772
BR,Umuarama,-23.7664,-53.325
BR,Uruguaiana,-29.7547,-57.0883
BR,Varginha,-21.5514,-45.4303
BR,Várzea Grande,-15.6467,-56.1325
BR,Várzea Paulista,-23.2114,-46.8283
BR,Viamão,-30.0811,-51.0233
BR,Vila Velha,-20.3297,-40.2925
BR,Vitória,-20.3194,-40.3378
BR,Vitória da Conquista,-14.8661,-40.8394
BR,Vitória de Santo Antão,-8.1181,-35.2914
BR,Volta Redonda,-22.5231,-44.1042
BS,Nassau,25.0582,-77.3431
BW,Gaborone,-24.6545,25.9086
BY,Babruysk,53.1384,29.2214
BY,Baranovichi,53.1327,26.0139
BY,Barysaw,54.2279,28.505
BY,Brest,52.0975,23.6878
BY,Homyel',52.4345,30.9754
BY,Hrodna,53.6884,23.8258
BY,Mahilyow,53.9168,30.3449
BY,Maladzyechna,54.3167,26.854
BY,Mazyr,52.0495,29.2456
BY,Minsk,53.9,27.5667
BY,Navapolatsk,55.5318,28.5987
BY,Orsha,54.5081,30.4172
BY,Pinsk,52.1229,26.0951
BY,Salihorsk,52.7876,27.5415
BY,Vitebsk,55.1904,30.2049
CA,Abbotsford,49.058,-122.2526
CA,Barrie,44.4001,-79.6663
CA,Brampton,43.6834,-79.7663
CA,Burlington,43.3862,-79.8371
CA,Burnaby,49.2664,-122.9526
CA,Calgary,51.0501,-114.0853
CA,Cambridge,43.3601,-80.3127
CA,Coquitlam,49.2846,-122.7822
CA,Dartmouth,44.6713,-63.5772
CA,Delta,49.144,-122.9068
CA,East York,43.6905,-79.3279
CA,Edmonton,53.5501,-113.4687
CA,Etobicoke,43.6542,-79.5671
CA,Gatineau,45.4772,-75.7016
CA,Greater Sudbury,46.49,-80.99
CA,Guelph,43.5459,-80.256
CA,Halifax,44.6464,-63.5729
CA,Hamilton,43.2501,-79.8496
CA,Kelowna,49.8831,-119.4857
CA,Kingston,44.2298,-76.481
CA,Kitchener,43.4254,-80.5112
CA,Ladner,49.0894,-123.0824
CA,Laval,45.5699,-73.692
CA,Lévis,46.8033,-71.1779
CA,London,42.9834,-81.233
CA,Longueuil,45.5312,-73.5181
CA,Markham,43.8668,-79.2663
CA,Milton,43.5168,-79.8829
CA,Mississauga,43.5789,-79.6583
CA,Moncton,46.0945,-64.7965
CA,Montréal,45.5088,-73.5878
CA,Nepean,45.3362,-75.7225
CA,North York,43.7668,-79.4163
CA,Oakville,43.4501,-79.6829
CA,Okanagan,50.3639,-119.35
CA,Oshawa,43.9001,-78.8496
CA,Ottawa,45.4112,-75.6981
CA,Québec,46.8123,-71.2145
CA,Regina,50.4501,-104.6178
CA,Richmond,49.17,-123.1368
CA,Richmond Hill,43.8711,-79.4373
CA,Saguenay,48.4168,-71.0657
CA,Saskatoon,52.1324,-106.6689
CA,Scarborough,43.7722,-79.2567
CA,Sherbrooke,45.4001,-71.8991
CA,St. Catharines,43.1713,-79.2427
CA,Surrey,49.1063,-122.8251
CA,Sydney,46.1351,-60.1831
CA,Toronto,43.7001,-79.4163
CA,Trois-Rivières,46.3451,-72.5477
CA,Vancouver,49.2497,-123.1193
CA,Vaughan,43.8361,-79.4983
CA,Victoria,48.4359,-123.3516
CA,Windsor,42.3001,-83.0165
CA,Winnipeg,49.8844,-97.147
CD,Bandundu,-3.3169,17.3806
CD,Beni,0.4911,29.4731
CD,Boma,-5.851,13.0536
CD,Bukavu,-2.4908,28.8428
CD,Butembo,0.1416,29.2912
CD,Gandajika,-6.745,23.9533
CD,Gemena,3.2565,19.7723
CD,Goma,-1.6741,29.2284
CD,Ilebo,-4.3311,20.5864
CD,Isiro,2.7739,27.616
CD,Kalemie,-5.9475,29.1947
CD,Kananga,-5.8962,22.4166
CD,Kikwit,-5.041,18.8162
CD,Kindu,-2.9437,25.9224
CD,Kinshasa,-4.3276,15.3136
CD,Kisangani,0.5153,25.191
CD,Kolwezi,-10.7148,25.4667
CD,Likasi,-10.983,26.7384
CD,Lubumbashi,-11.6609,27.4794
CD,Masina,-4.3836,15.3914
CD,Matadi,-5.8386,13.4631
CD,Mbandaka,0.0486,18.2603
CD,Mbuji-Mayi,-6.136,23.5898
CD,Mwene-Ditu,-7.0091,23.4528
CD,Tshikapa,-6.4162,20.7999
CD,Uvira,-3.3953,29.1378
CF,Bangui,4.3612,18.555
CF,Bimbo,4.2567,18.4158
CG,Brazzaville,-4.2661,15.2832
CG,Dolisie,-4.1983,12.6666
CG,Pointe-Noire,-4.7761,11.8635
CH,Basel,47.5584,7.5733
CH,Bern,46.9481,7.4474
CH,Geneva,46.2022,6.1457
CH,Lausanne,46.516,6.6328
CH,Zurich,47.3667,8.55
CI,Abengourou,6.7297,-3.4964
CI,Abidjan,5.3544,-4.0017
CI,Abobo,5.4161,-4.0159
CI,Anyama,5.4946,-4.0518
CI,Bouaké,7.6939,-5.0303
CI,Daloa,6.8773,-6.4502
CI,Divo,5.8374,-5.3572
CI,Gagnoa,6.1319,-5.9506
CI,Korhogo,9.458,-5.6296
CI,Man,7.4125,-7.5538
CI,San-Pédro,4.7485,-6.6363
CI,Yamoussoukro,6.8205,-5.2767
CL,Antofagasta,-23.6524,-70.3954
CL,Arica,-18.4746,-70.2979
CL,Calama,-22.4567,-68.9237
CL,Chillán,-36.6066,-72.1034
CL,Concepción,-36.827,-73.0498
CL,Copiapó,-27.3668,-70.3314
CL,Coquimbo,-29.9533,-71.3395
CL,Curicó,-34.9828,-71.2394
CL,Iquique,-20.2133,-70.1503
CL,La Pintana,-33.5833,-70.6342
CL,La Serena,-29.9045,-71.2489
CL,Lo Prado,-33.4443,-70.7255
CL,Los Ángeles,-37.4697,-72.3537
CL,Osorno,-40.574,-73.1335
CL,Puente Alto,-33.6117,-70.5758
CL,Puerto Montt,-41.4693,-72.9424
CL,Punta Arenas,-53.1548,-70.9113
CL,Quilpué,-33.0475,-71.4425
CL,Rancagua,-34.1708,-70.7444
CL,San Bernardo,-33.5922,-70.6996
CL,Santiago,-33.4569,-70.6483
CL,Talca,-35.4264,-71.6554
CL,Talcahuano,-36.7249,-73.1168
CL,Temuco,-38.7396,-72.5984
CL,Valdivia,-39.8142,-73.2459
CL,Valparaíso,-33.036,-71.6296
CL,Viña del Mar,-33.0246,-71.5518
CM,Bafoussam,5.4778,10.4176
CM,Bamenda,5.9597,10.146
CM,Bertoua,4.5773,13.6846
CM,Douala,4.0483,9.7043
CM,Edéa,3.8,10.1333
CM,Garoua,9.3014,13.3977
CM,Kousséri,12.0769,15.0306
CM,Kumba,4.6363,9.4469
CM,Loum,4.7182,9.7351
CM,Maroua,10.5909,14.3159
CM,Mbouda,5.6261,10.2542
CM,Mokolo,10.7424,13.8023
CM,Ngaoundéré,7.3277,13.5847
CM,Nkongsamba,4.9547,9.9404
CM,Yaoundé,3.8667,11.5167
CN,Acheng,45.5455,126.977
CN,Aksu,41.1842,80.2792
CN,Altay,47.8486,88.1336
CN,Anbu,23.4489,116.6809
CN,Anda,46.402,125.3145
CN,Ankang,32.68,109.0172
CN,Anqing,30.5136,117.0472
CN,Anqiu,36.4342,119.1925
CN,Anshan,41.1236,122.99
CN,Anshun,26.25,105.9333
CN,Anyang,36.096,114.3828
CN,Aral,40.5418,81.2657
CN,Baicheng,45.6075,122.8208
CN,Baishan,41.9385,126.4197
CN,Baiyin,36.547,104.1702
CN,Baoding,38.8511,115.4903
CN,Baoshan,46.5586,131.4244
CN,Baotou,40.5834,110.0167
CN,Bayan Nur,40.7414,107.386
CN,Bei’an,48.2667,126.6
CN,Beibei,29.8274,106.4364
CN,Beihai,21.4833,109.1
CN,Beijing,39.9075,116.3972
CN,Beipiao,41.7919,120.7792
CN,Bengbu,32.9408,117.3608
CN,Benxi,41.2886,123.765
CN,Binzhou,37.3667,118.0167
CN,Boshan,36.4833,117.8333
CN,Bozhou,33.8772,115.7703
CN,Buhe,30.2876,112.2298
CN,Cangzhou,38.3167,116.8667
CN,Changchun,43.88,125.3228
CN,Changde,29.0321,111.6984
CN,Changji,44.0078,87.3046
CN,Changsha,28.1987,112.9709
CN,Changshu City,31.6461,120.7422
CN,Changzhi,35.2089,111.7386
CN,Changzhou,31.7736,119.954
CN,Chaohu,31.6,117.8667
CN,Chaoyang,41.5703,120.4586
CN,Chaozhou,23.654,116.6226
CN,Chengde,40.9519,117.9588
CN,Chengdu,30.6667,104.0667
CN,Chenghua,23.4613,116.7701
CN,Chengtangcun,35.0836,117.1907
CN,Chengzhong,30.9445,113.5528
CN,Chenzhou,25.8,113.0333
CN,Chifeng,42.2683,118.9636
CN,Chizhou,30.6613,117.4778
CN,Chongqing,29.5628,106.5528
CN,Chuzhou,32.3219,118.2978
CN,Dadonghai,18.2206,109.5103
CN,Dadukou,26.5479,101.7054
CN,Dali,25.5847,100.2123
CN,Dalian,38.9122,121.6022
CN,Daliang,22.8407,113.2503
CN,Dandong,40.1292,124.3947
CN,Danshui,22.7984,114.4672
CN,Daqing,46.5833,125
CN,Dasha,23.1104,113.4418
CN,Datong,40.0936,113.2914
CN,Dawukou,39.0419,106.3958
CN,Daxing,39.7403,116.3269
CN,Dazhou,31.2159,107.5009
CN,Dehui,44.5333,125.7
CN,Deyang,31.1302,104.382
CN,Dezhou,37.4513,116.3105
CN,Dingzhou,38.5131,114.9956
CN,Dongguan,23.018,113.7487
CN,Donghai,22.9459,115.642
CN,Dongling,41.8144,123.5758
CN,Dongtai,32.8523,120.3095
CN,Dongxing,45.3609,130.7868
CN,Dongyang,29.2678,120.2253
CN,Dunhua,43.3725,128.2425
CN,Encheng,22.1866,112.3042
CN,Ezhou,30.4,114.8333
CN,Fendou,46.6414,124.8628
CN,Fengcheng,40.4536,124.0717
CN,Fenghuang,27.9356,109.5996
CN,Foshan,23.0268,113.1315
CN,Fuling,29.706,107.3958
CN,Fushun,41.8867,123.9436
CN,Fuxin,42.0156,121.6589
CN,Fuyang,32.9,115.8167
CN,Fuyu,45.1833,124.8167
CN,Fuzhou,26.0614,119.3061
CN,Gaomi,36.3833,119.7528
CN,Gaoping,30.7758,106.1029
CN,Gaozhou,21.9392,110.8461
CN,Gejiu,23.3608,103.1537
CN,Gongzhuling,43.5007,124.8198
CN,Guangming,45.3333,122.7833
CN,Guangshui,31.6199,113.9978
CN,Guangyuan,32.442,105.823
CN,Guangzhou,23.1167,113.25
CN,Guankou,28.1586,113.6271
CN,Guilin,25.2819,110.2864
CN,Guiyang,26.5833,106.7167
CN,Guli,28.8816,120.0331
CN,Haicheng,40.8516,122.7475
CN,Haikou,20.0458,110.3417
CN,Hailar,49.2,119.7
CN,Hailun,47.4565,126.9537
CN,Haimen,23.1935,116.6122
CN,Hami,42.8339,93.506
CN,Handan,36.6006,114.4678
CN,Hangu,39.2489,117.7892
CN,Hangzhou,30.2936,120.1614
CN,Hanzhong,33.0751,107.0221
CN,Harbin,45.75,126.65
CN,Hebi,35.8992,114.1925
CN,Hefei,31.8639,117.2808
CN,Hegang,47.3512,130.3001
CN,Heihe,50.2441,127.4902
CN,Hengshui,37.7322,115.7011
CN,Hengyang,26.8895,112.6189
CN,Hepo,23.4308,115.8299
CN,Heze,35.2393,115.4736
CN,Hohhot,40.8106,111.6522
CN,Honggang,46.4012,124.8832
CN,Hotan,37.1075,79.9355
CN,Huadian,42.9633,126.7478
CN,Huai'an,33.5886,119.0192
CN,Huaibei,33.9744,116.7917
CN,Huaihua,27.5634,110.004
CN,Huainan,32.6264,116.9969
CN,Huanggang,23.677,116.9996
CN,Huangshi,30.2471,115.0481
CN,Huangyan,28.6501,121.2659
CN,Huangzhou,30.45,114.8
CN,Huayin,34.5653,110.0664
CN,Huicheng,23.0385,116.2899
CN,Huizhou,23.1115,114.4152
CN,Hulan,45.9833,126.6
CN,Hulan Ergi,47.2042,123.6333
CN,Humen,22.819,113.6731
CN,Huocheng,44.053,80.8717
CN,Huzhou,30.8703,120.0933
CN,Jalai Nur,49.45,117.7
CN,Ji’an,27.1172,114.9793
CN,Jiagedaqi,50.4167,124.1167
CN,Jiamusi,46.7993,130.3163
CN,Jiangmen,22.5833,113.0833
CN,Jiangyin,31.911,120.263
CN,Jiangyou,31.7667,104.7167
CN,Jianshui,24.2774,101.224
CN,Jiaojiang,28.6984,121.4733
CN,Jiaozhou,36.2839,120.0033
CN,Jiaozuo,35.2397,113.2331
CN,Jiashan,30.8492,120.9258
CN,Jiaxing,30.7522,120.75
CN,Jiayuguan,39.8112,98.2862
CN,Jiazi,22.8793,116.0732
CN,Jieshi,22.8103,115.8306
CN,Jieshou,33.2634,115.3611
CN,Jieyang,23.5418,116.3658
CN,Jilin,43.8508,126.5603
CN,Jinan,36.6683,116.9972
CN,Jinchang,38.5006,102.1938
CN,Jincheng,35.5022,112.8328
CN,Jingdezhen,29.2947,117.2079
CN,Jingling,30.65,113.1
CN,Jingmen,31.0336,112.2047
CN,Jingzhou,30.3503,112.1903
CN,Jinhua,29.1068,119.6442
CN,Jining,35.405,116.5814
CN,Jinzhou,41.1078,121.1417
CN,Jishu,44.3167,126.8
CN,Jiujiang,29.7048,116.0021
CN,Jiupu,41.0667,122.95
CN,Jiutai,44.1525,125.8328
CN,Jixi,45.3011,130.9572
CN,Kaifeng,34.7986,114.3074
CN,Kaiyuan,23.6977,103.3037
CN,Kangding,30.0022,101.9569
CN,Karamay,45.5847,84.8872
CN,Kashgar,39.4707,75.9895
CN,Korla,41.7606,86.1523
CN,Kunming,25.0389,102.7183
CN,Kunshan,31.3776,120.9543
CN,Laiwu,36.1928,117.6569
CN,Laiyang,36.9758,120.7136
CN,Laizhou,37.1807,119.9422
CN,Langfang,39.5097,116.6947
CN,Lanzhou,36.057,103.8399
CN,Laohekou,32.3858,111.6678
CN,Lecheng,25.128,113.3504
CN,Leiyang,26.4024,112.8591
CN,Lengshuijiang,27.6881,111.4294
CN,Leshan,29.5623,103.7639
CN,Lhasa,29.65,91.1
CN,Lianghu,29.9915,120.8984
CN,Lianhe,47.1333,129.2743
CN,Lianjiang,21.6467,110.2817
CN,Lianran,24.9227,102.485
CN,Lianshan,40.7643,120.8533
CN,Liaocheng,36.456,115.9777
CN,Liaoyang,41.2719,123.1731
CN,Liaoyuan,42.9036,125.1358
CN,Licheng,23.2955,113.8247
CN,Lijiang,26.8688,100.2207
CN,Linfen,36.0889,111.5189
CN,Linhai,28.8554,121.1447
CN,Linshui,36.4247,114.2047
CN,Linxi,39.7118,118.4495
CN,Linxia Chengguanzhen,35.6003,103.2064
CN,Linyi,35.0631,118.3428
CN,Liupanshui,26.5944,104.8333
CN,Longfeng,46.5317,125.1038
CN,Longjiang,47.3307,123.1782
CN,Longjing,42.7714,129.4233
CN,Loudi,27.7344,111.9944
CN,Luancheng,37.8792,114.6517
CN,Luohe,33.5639,114.0427
CN,Luoyang,34.6836,112.4536
CN,Luqiao,28.5802,121.3749
CN,Maba,24.6841,113.5984
CN,Macheng,31.1801,115.0221
CN,Majie,25.0319,102.638
CN,Meizhou,24.2886,116.1177
CN,Mentougou,39.9382,116.0931
CN,Mianyang,31.4678,104.6817
CN,Mingshui,36.7167,117.5
CN,Minzhu,43.7214,127.334
CN,Mizhou,35.9947,119.3975
CN,Mudanjiang,44.5833,129.6
CN,Nanchang,28.684,115.8531
CN,Nanchong,30.7951,106.0847
CN,Nanjing,32.0617,118.7778
CN,Nanning,22.8167,108.3167
CN,Nanpiao,41.0982,120.7479
CN,Nanping,26.645,118.1736
CN,Nantong,32.0303,120.8747
CN,Nanyang,32.9947,112.5328
CN,Nehe,48.4833,124.8333
CN,Neijiang,29.5835,105.0622
CN,Ningbo,29.8782,121.5494
CN,Ordos,39.6086,109.7816
CN,Panshan,41.1881,122.0494
CN,Pingdingshan,33.7385,113.3012
CN,Pingliang,35.5392,106.6861
CN,Pingshan,22.9938,114.7131
CN,Pingxiang,27.6167,113.8535
CN,Pulandian,39.3953,121.9669
CN,Puning,23.3107,116.1687
CN,Puqi,29.7167,113.8833
CN,Putian,25.4394,119.0103
CN,Puyang,29.4568,119.8887
CN,Puyang Chengguanzhen,35.7051,115.0141
CN,Qapqal,43.8019,81.0872
CN,Qianjiang,30.421,112.8919
CN,Qianzhou,28.3193,109.7335
CN,Qingdao,36.0649,120.3804
CN,Qingnian,36.8403,115.7118
CN,Qingyuan,23.7,113.0333
CN,Qingzhou,36.6967,118.4797
CN,Qinhuangdao,39.9317,119.5883
CN,Qinzhou,21.973,108.6261
CN,Qionghai,19.2425,110.4642
CN,Qiqihar,47.3409,123.9604
CN,Quanzhou,24.9139,118.5858
CN,Qujing,25.4833,103.7833
CN,Rizhao,35.4275,119.4553
CN,Sanming,26.2486,117.6186
CN,Sanshui,23.1549,112.8916
CN,Sanya,18.2431,109.505
CN,Shahecheng,36.9383,114.5058
CN,Shanghai,31.2222,121.4581
CN,Shangqiu,34.45,115.65
CN,Shangrao,28.4518,117.9429
CN,Shangri-La,27.8251,99.7078
CN,Shangyu,30.0156,120.8711
CN,Shanhaiguan,40.0025,119.7489
CN,Shantou,23.3681,116.7148
CN,Shanwei,22.782,115.3475
CN,Shaoguan,24.8,113.5833
CN,Shaowu,27.3409,117.4831
CN,Shaoxing,30.0024,120.5786
CN,Shaping,22.7702,112.9578
CN,Shashi,30.3072,112.2447
CN,Shengli,37.4627,118.4917
CN,Shenyang,41.7922,123.4328
CN,Shenzhen,22.5455,114.0683
CN,Shihezi,44.3023,86.0369
CN,Shijiazhuang,38.0414,114.4786
CN,Shilong,23.1144,113.8472
CN,Shiqi,22.5168,113.3852
CN,Shiqiao,22.9464,113.3577
CN,Shiyan,32.6475,110.7781
CN,Shizuishan,39.2333,106.7694
CN,Shuangcheng,45.35,126.2833
CN,Shuangyashan,46.6361,131.1539
CN,Shunyi,40.1217,116.6478
CN,Siping,43.1614,124.3778
CN,Songjiang,31.0359,121.2146
CN,Songyuan,45.129,124.8277
CN,Suihua,46.6395,126.9951
CN,Suining,30.508,105.5733
CN,Suizhou,31.7111,113.3631
CN,Sujiatun,41.6592,123.3392
CN,Suzhou,31.3041,120.5954
CN,Tai’an,36.1853,117.12
CN,Taihecun,45.7635,130.8505
CN,Taishan,22.2513,112.7799
CN,Taiyuan,37.8694,112.5603
CN,Taizhou,32.4907,119.9081
CN,Tanggu,39.0211,117.6469
CN,Tangshan,39.6333,118.1833
CN,Tianfu,37.2637,122.0523
CN,Tianjin,39.1422,117.1767
CN,Tianshui,34.5795,105.7424
CN,Tieli,46.9804,128.045
CN,Tieling,42.2931,123.8414
CN,Tongchuanshi,35.0747,109.085
CN,Tonghua,41.7197,125.9264
CN,Tongliao,43.6125,122.2653
CN,Tongshan,34.1805,117.1571
CN,Tongzhou,39.904,116.6618
CN,Turpan,42.9477,89.1789
CN,Ulanhot,46.0833,122.0833
CN,Ürümqi,43.801,87.6005
CN,Wafangdian,39.6183,122.0081
CN,Wanxian,30.8154,108.3709
CN,Weifang,36.71,119.1019
CN,Weihai,37.5091,122.1136
CN,Weinan,34.5035,109.5089
CN,Wenchang,19.6157,110.7489
CN,Wenshan City,23.3631,104.2505
CN,Wenzhou,27.9994,120.6668
CN,Wuchuan,21.4571,110.7659
CN,Wuda,39.4994,106.7117
CN,Wuhai,39.6844,106.8158
CN,Wuhan,30.5833,114.2667
CN,Wuhu,31.3373,118.3735
CN,Wusong,30.95,117.7833
CN,Wuwei,37.9267,102.632
CN,Wuxi,31.5689,120.2886
CN,Wuxue,29.8506,115.5525
CN,Wuzhou,23.4833,111.3167
CN,Xi’an,34.2583,108.9286
CN,Xiamen,24.4798,118.0819
CN,Xiangtan,27.85,112.9
CN,Xiangyang,32.0422,112.1448
CN,Xianning,29.8435,114.322
CN,Xiantao,30.3708,113.4429
CN,Xianyang,34.3378,108.7026
CN,Xiaogan,30.9269,113.9222
CN,Xiazhen,34.8022,117.1117
CN,Xichang,27.8964,102.2634
CN,Xilin Hot,43.9667,116.0333
CN,Xindi,29.8167,113.4667
CN,Xinghua,32.9392,119.8342
CN,Xingtai,37.0631,114.4942
CN,Xinhui,22.456,113.0482
CN,Xining,36.6255,101.7574
CN,Xinji,37.9028,115.2036
CN,Xinpu,34.5997,119.1594
CN,Xintai,35.9006,117.7519
CN,Xinxiang,35.1903,113.8015
CN,Xinyang,32.1228,114.0656
CN,Xinyuan,43.4265,83.2496
CN,Xinzhou,38.4092,112.7333
CN,Xiulin,29.7167,112.4
CN,Xiuying,20.0007,110.2936
CN,Xuanzhou,30.9525,118.7553
CN,Xuchang,34.0319,113.863
CN,Yakeshi,49.2833,120.7333
CN,Yancheng,33.3575,120.1573
CN,Yangchun,22.1667,111.7833
CN,Yangjiang,21.8556,111.9627
CN,Yangquan,37.8575,113.5633
CN,Yangshuo,24.7808,110.4897
CN,Yangzhou,32.3972,119.4358
CN,Yanji,42.9075,129.5078
CN,Yantai,37.4765,121.4408
CN,Yibin,28.7593,104.6399
CN,Yichang,30.7144,111.2847
CN,Yichun,47.7214,128.8753
CN,Yinchuan,38.4681,106.2731
CN,Yingkou,40.6648,122.2283
CN,Yiyang,28.5892,112.3283
CN,Yuci,37.6803,112.7319
CN,Yueyang,29.3745,113.0948
CN,Yulin,22.6333,110.15
CN,Yuncheng,35.0231,110.9928
CN,Yunfu,22.9283,112.0395
CN,Yushu,44.8,126.5333
CN,Yuxi,24.355,102.5422
CN,Yuyao,30.05,121.1494
CN,Zaoyang,32.1272,112.7542
CN,Zaozhuang,34.8647,117.5542
CN,Zhabei,31.2586,121.4597
CN,Zhalantun,48.0095,122.7365
CN,Zhangjiakou,40.81,114.8794
CN,Zhangjiakou Shi Xuanhua Qu,40.6103,115.0447
CN,Zhangye,38.9342,100.4517
CN,Zhangzhou,24.5133,117.6556
CN,Zhanjiang,21.2814,110.3427
CN,Zhaodong,46.0677,125.9826
CN,Zhaoqing,23.0489,112.4609
CN,Zhaotong,27.3167,103.7167
CN,Zhaoyuan,37.365,120.41
CN,Zhengzhou,34.7578,113.6486
CN,Zhenjiang,32.2109,119.4551
CN,Zhenzhou,32.2803,119.17
CN,Zhicheng,30.2956,111.5047
CN,Zhongshan,21.3199,110.5723
CN,Zhongxiang,31.1661,112.5831
CN,Zhoucun,36.8167,117.8167
CN,Zhoukou,33.6333,114.6333
CN,Zhu Cheng City,35.995,119.4026
CN,Zhuhai,22.2769,113.5678
CN,Zhuji,29.7188,120.2423
CN,Zhumadian,32.9794,114.0294
CN,Zhuzhou,27.8333,113.15
CN,Zibo,36.7906,118.0633
CN,Zigong,29.3416,104.7769
CN,Zoucheng,35.4006,116.9656
CN,Zunyi,27.6867,106.9072
CO,Armenia,4.5339,-75.6811
CO,Barrancabermeja,7.0653,-73.8547
CO,Barranquilla,10.9685,-74.7813
CO,Bello,6.3373,-75.558
CO,Bogotá,4.6097,-74.0817
CO,Bucaramanga,7.1254,-73.1198
CO,Buenaventura,3.8801,-77.0312
CO,Cali,3.4372,-76.5225
CO,Cartagena,10.3997,-75.5144
CO,Cartago,4.7464,-75.9117
CO,Cúcuta,7.8939,-72.5078
CO,Dosquebradas,4.8392,-75.6673
CO,Envigado,6.1759,-75.5917
CO,Florencia,1.6144,-75.6062
CO,Floridablanca,7.0622,-73.0864
CO,Girardot City,4.3008,-74.8075
CO,Girón,7.0682,-73.1698
CO,Guadalajara de Buga,3.9009,-76.2978
CO,Ibagué,4.4389,-75.2322
CO,Itagüí,6.1846,-75.5991
CO,Magangué,9.242,-74.7547
CO,Maicao,11.3784,-72.2395
CO,Malambo,10.8595,-74.7739
CO,Manizales,5.0689,-75.5174
CO,Medellín,6.2518,-75.5636
CO,Montería,8.748,-75.8814
CO,Neiva,2.9273,-75.2819
CO,Palmira,3.5394,-76.3036
CO,Pasto,1.2136,-77.2811
CO,Pereira,4.8133,-75.6961
CO,Popayán,2.4382,-76.6132
CO,Santa Marta,11.2408,-74.199
CO,Sincelejo,9.3047,-75.3978
CO,Soacha,4.5794,-74.2168
CO,Sogamoso,5.7143,-72.9339
CO,Soledad,10.9184,-74.7646
CO,Tuluá,4.0847,-76.1954
CO,Tunja,5.5353,-73.3678
CO,Valledupar,10.4631,-73.2532
CO,Villavicencio,4.142,-73.6266
CR,San José,9.9333,-84.0833
CU,Alamar,23.1579,-82.2784
CU,Arroyo Naranjo,23.0381,-82.377
CU,Bayamo,20.3742,-76.6436
CU,Boyeros,23.0072,-82.4017
CU,Camagüey,21.3808,-77.9169
CU,Centro Habana,23.1383,-82.3642
CU,Cerro,23.1081,-82.3866
CU,Ciego de Ávila,21.84,-78.7619
CU,Cienfuegos,22.1496,-80.4466
CU,Ciudad Camilo Cienfuegos,23.1608,-82.328
CU,Diez de Octubre,23.0881,-82.3597
CU,Guanabacoa,23.1252,-82.3007
CU,Guantánamo,20.1444,-75.2092
CU,Havana,23.133,-82.383
CU,Holguín,20.8872,-76.2631
CU,Las Tunas,20.9617,-76.9511
CU,Manzanillo,20.3417,-77.1213
CU,Matanzas,23.0411,-81.5775
CU,Palma Soriano,20.2113,-75.9936
CU,Pinar del Río,22.4167,-83.6967
CU,San Miguel del Padrón,23.0954,-82.3267
CU,Sancti Spíritus,21.9297,-79.4425
CU,Santa Clara,22.4069,-79.9647
CU,Santiago de Cuba,20.0208,-75.8267
CV,Praia,14.9315,-23.5125
CW,Willemstad,12.1084,-68.9335
CY,Limassol,34.6841,33.0379
CY,Nicosia,35.1753,33.3642
CZ,Brno,49.1952,16.608
CZ,Olomouc,49.5955,17.2518
CZ,Ostrava,49.8347,18.282
CZ,Pilsen,49.7475,13.3776
CZ,Prague,50.088,14.4208
DE,Aachen,50.7766,6.0834
DE,Altona,53.55,9.9333
DE,Augsburg,48.3715,10.8985
DE,Bergedorf,53.4846,10.229
DE,Bergisch Gladbach,50.9856,7.133
DE,Berlin,52.5244,13.4105
DE,Bielefeld,52.0333,8.5333
DE,Bochum,51.4817,7.2165
DE,Bochum-Hordel,51.5017,7.1756
DE,Bonn,50.7344,7.0955
DE,Bottrop,51.5239,6.9285
DE,Braunschweig,52.2659,10.5267
DE,Bremen,53.0758,8.8072
DE,Bremerhaven,53.5361,8.593
DE,Charlottenburg,52.5167,13.2833
DE,Chemnitz,50.8357,12.9292
DE,Cologne,50.9333,6.95
DE,Darmstadt,49.8717,8.6503
DE,Dortmund,51.5149,7.466
DE,Dresden,51.0509,13.7383
DE,Duisburg,51.4325,6.7652
DE,Düsseldorf,51.2217,6.7762
DE,Eimsbüttel,53.5742,9.9568
DE,Erfurt,50.9787,11.0328
DE,Erlangen,49.591,11.0078
DE,Essen,51.4566,7.0123
DE,Frankfurt am Main,50.1155,8.6842
DE,Freiburg,47.9959,7.8522
DE,Friedrichshain,52.5156,13.4548
DE,Fürth,49.4759,10.9886
DE,Gelsenkirchen,51.5051,7.0965
DE,Gera,50.8803,12.0819
DE,Göttingen,51.5344,9.9323
DE,Hagen,51.3608,7.4717
DE,Halle,51.4816,11.9795
DE,Hamburg,53.5507,9.993
DE,Hamburg-Mitte,53.55,10.0167
DE,Hamburg-Nord,53.5894,9.984
DE,Hamm,51.6803,7.8209
DE,Hannover,52.3705,9.7332
DE,Harburg,53.4606,9.9839
DE,Heidelberg,49.4077,8.6908
DE,Heilbronn,49.1399,9.2205
DE,Herne,51.5388,7.2257
DE,Hildesheim,52.1508,9.9511
DE,Ingolstadt,48.7651,11.4237
DE,Jena,50.9288,11.5899
DE,Karlsruhe,49.0094,8.4044
DE,Kassel,51.3167,9.5
DE,Kiel,54.3213,10.1349
DE,Koblenz,50.3536,7.5788
DE,Krefeld,51.3364,6.5538
DE,Kreuzberg,52.4997,13.4034
DE,Leipzig,51.3396,12.3713
DE,Leverkusen,51.0303,6.9843
DE,Ludwigshafen am Rhein,49.4812,8.4464
DE,Lübeck,53.8689,10.6873
DE,Magdeburg,52.1277,11.6292
DE,Mainz,49.9842,8.2791
DE,Mannheim,49.4891,8.4669
DE,Marienthal,53.5667,10.0833
DE,Marzahn,52.5453,13.5698
DE,Moers,51.4534,6.6326
DE,Mönchengladbach,51.1854,6.4417
DE,Munich,48.1374,11.5755
DE,Mülheim,51.4322,6.8797
DE,Münster,51.9624,7.6257
DE,Neue Neustadt,52.15,11.6333
DE,Neukölln,52.4772,13.4313
DE,Neuss,51.1981,6.685
DE,Nippes,50.9654,6.9531
DE,Nürnberg,49.4542,11.0775
DE,Oberhausen,51.4781,6.8625
DE,Offenbach,50.1006,8.7665
DE,Oldenburg,53.1412,8.2147
DE,Osnabrück,52.2726,8.0498
DE,Paderborn,51.7191,8.7544
DE,Pforzheim,48.8844,8.6989
DE,Potsdam,52.3989,13.0657
DE,Prenzlauer Berg,52.5388,13.4244
DE,Recklinghausen,51.6138,7.1974
DE,Regensburg,49.0151,12.1016
DE,Remscheid,51.1798,7.1925
DE,Reutlingen,48.4914,9.2043
DE,Rostock,54.0887,12.1405
DE,Saarbrücken,49.2326,7.0098
DE,Salzgitter,52.157,10.4154
DE,Schöneberg,52.4667,13.35
DE,Siegen,50.8748,8.0243
DE,Solingen,51.1734,7.0845
DE,Stuttgart,48.7823,9.177
DE,Trier,49.7557,6.6394
DE,Ulm,48.3984,9.9916
DE,Wandsbek,53.5833,10.0831
DE,Wiesbaden,50.0826,8.2493
DE,Witten,51.4436,7.3526
DE,Wolfsburg,52.4245,10.7815
DE,Wuppertal,51.2563,7.1482
DE,Würzburg,49.7939,9.9512
DJ,Djibouti,11.589,43.145
DK,Aalborg,57.048,9.9187
DK,Århus,56.1567,10.2108
DK,Copenhagen,55.6759,12.5655
DK,Odense,55.3959,10.3883
DO,Bella Vista,18.4554,-69.9454
DO,Concepción de La Vega,19.2221,-70.5296
DO,La Romana,18.4273,-68.9728
DO,Puerto Plata,19.7934,-70.6884
DO,Punta Cana,18.5818,-68.4043
DO,Salvaleón de Higüey,18.615,-68.708
DO,San Cristóbal,18.4167,-70.1
DO,San Francisco de Macorís,19.301,-70.2526
DO,San Pedro de Macorís,18.4539,-69.3086
DO,Santiago de los Caballeros,19.4517,-70.697
DO,Santo Domingo,18.4719,-69.8923
DO,Santo Domingo Este,18.4885,-69.8571
DO,Santo Domingo Oeste,18.5,-70
DZ,Aïn Beïda,35.7964,7.3928
DZ,Aïn Oussera,35.4514,2.9058
DZ,Algiers,36.7323,3.0875
DZ,Annaba,36.9,7.7667
DZ,Bab Ezzouar,36.7261,3.1829
DZ,Baraki,36.6666,3.0961
DZ,Batna,35.556,6.1741
DZ,Béchar,31.6167,-2.2167
DZ,Bejaïa,36.7559,5.0843
DZ,Biskra,34.8504,5.728
DZ,Blida,36.47,2.8277
DZ,Bordj Bou Arreridj,36.0732,4.7611
DZ,Bordj el Kiffan,36.7487,3.1925
DZ,Boumerdas,36.7664,3.4772
DZ,Chlef,36.1653,1.3345
DZ,Constantine,36.365,6.6147
DZ,Djelfa,34.6728,3.263
DZ,Ech Chettia,36.1959,1.2554
DZ,El Achir,36.0639,4.6274
DZ,El Eulma,36.1528,5.6902
DZ,El Oued,33.3561,6.8632
DZ,Guelma,36.4621,7.4261
DZ,Jijel,36.821,5.7635
DZ,Khenchela,35.4358,7.1433
DZ,Laghouat,33.8,2.8651
DZ,M’Sila,35.7058,4.5419
DZ,Mascara,35.3966,0.1403
DZ,Médéa,36.2642,2.7539
DZ,Mostaganem,35.9312,0.0892
DZ,Oran,35.6991,-0.6359
DZ,Ouargla,31.9493,5.325
DZ,Oum el Bouaghi,35.8754,7.1135
DZ,Relizane,35.7373,0.556
DZ,Saïda,34.8303,0.1517
DZ,Sétif,36.1911,5.4137
DZ,Sidi Bel Abbès,35.1899,-0.6309
DZ,Skikda,36.8762,6.9092
DZ,Souk Ahras,36.2864,7.9511
DZ,Tébessa,35.4042,8.1242
DZ,Tiaret,35.371,1.317
DZ,Tizi Ouzou,36.7118,4.0459
DZ,Tlemcen,34.8783,-1.315
EC,Ambato,-1.2491,-78.6167
EC,Cuenca,-2.9005,-79.0045
EC,Eloy Alfaro,-2.1758,-79.8552
EC,Esmeraldas,0.9592,-79.654
EC,Guayaquil,-2.1962,-79.8862
EC,Ibarra,0.3517,-78.1223
EC,Loja,-3.9931,-79.2042
EC,Machala,-3.2586,-79.9605
EC,Manta,-0.9621,-80.7127
EC,Milagro,-2.134,-79.5941
EC,Portoviejo,-1.0546,-80.4544
EC,Quevedo,-1.0286,-79.4635
EC,Quito,-0.2298,-78.525
EC,Riobamba,-1.671,-78.6471
EC,Santo Domingo de los Colorados,-0.253,-79.1754
EC,Tutamandahostel,-0.1973,-78.4975
EE,Tallinn,59.437,24.7535
EE,Tartu,58.3806,26.7251
EG,Abū Kabīr,30.7251,31.6715
EG,Al Fayyūm,29.31,30.8418
EG,Al Ḩawāmidīyah,29.9,31.25
EG,Al Maḩallah al Kubrá,30.9706,31.1669
EG,Al Manşūrah,31.0364,31.3807
EG,Al Minyā,28.0919,30.7581
EG,Alexandria,31.2018,29.9158
EG,Arish,31.1316,33.7984
EG,Aswan,24.0908,32.8994
EG,Asyūţ,27.181,31.1837
EG,Banhā,30.4598,31.1842
EG,Banī Suwayf,29.0744,31.0979
EG,Bilbays,30.4204,31.5622
EG,Bilqās,31.2145,31.358
EG,Cairo,30.0626,31.2497
EG,Damanhūr,31.0341,30.4682
EG,Dikirnis,31.089,31.5948
EG,Disūq,31.1326,30.6478
EG,Giza,30.0094,31.2086
EG,Ḩalwān,29.8414,31.3008
EG,Idfū,24.9792,32.8772
EG,Idkū,31.3073,30.2981
EG,Ismailia,30.6043,32.2722
EG,Jirjā,26.3383,31.8916
EG,Kafr ad Dawwār,31.1338,30.1297
EG,Kafr ash Shaykh,31.1117,30.9399
EG,Luxor,25.6989,32.6421
EG,Mallawī,27.7326,30.8413
EG,New Cairo,30.03,31.47
EG,Port Said,31.2653,32.3019
EG,Qalyūb,30.1792,31.2056
EG,Qinā,26.1642,32.7267
EG,Shibīn al Kawm,30.5526,31.009
EG,Sohag,26.557,31.6948
EG,Suez,29.9737,32.5263
EG,Ţalkhā,31.0539,31.3779
EG,Tanda,30.7885,31.0019
EG,Zagazig,30.5877,31.502
EH,Laayoune,27.1418,-13.188
ER,Asmara,15.3381,38.9318
ES,A Coruña,43.3713,-8.396
ES,Albacete,38.9942,-1.8564
ES,Alcalá de Henares,40.4821,-3.36
ES,Alcobendas,40.5475,-3.642
ES,Alcorcón,40.3458,-3.8249
ES,Algeciras,36.1333,-5.4505
ES,Alicante,38.3452,-0.4815
ES,Almería,36.8381,-2.4597
ES,Arganzuela,40.4002,-3.6962
ES,Badajoz,38.8779,-6.9706
ES,Badalona,41.45,2.2474
ES,Barcelona,41.3888,2.159
ES,Bilbao,43.2627,-2.9253
ES,Burgos,42.3411,-3.7018
ES,Cadiz,36.5267,-6.2891
ES,Carabanchel,40.3909,-3.7242
ES,Cartagena,37.6051,-0.9862
ES,Castelló de la Plana,39.9857,-0.0493
ES,Chamartín,40.4621,-3.6766
ES,Chamberí,40.434,-3.7038
ES,City Center,40.4183,-3.7027
ES,Ciudad Lineal,40.4451,-3.6513
ES,Ciutat Vella,41.3802,2.1732
ES,Córdoba,37.8916,-4.7728
ES,Delicias,41.6493,-0.9076
ES,Donostia,43.3128,-1.975
ES,Dos Hermanas,37.2829,-5.9209
ES,Eixample,41.389,2.1618
ES,Elche,38.2622,-0.7011
ES,Fuencarral-El Pardo,40.4984,-3.7314
ES,Fuenlabrada,40.2842,-3.7942
ES,Gasteiz,42.85,-2.6727
ES,Getafe,40.3057,-3.733
ES,Gijón,43.5357,-5.6615
ES,Gràcia,41.4024,2.1564
ES,Granada,37.1882,-3.6067
ES,Horta-Guinardó,41.4185,2.1677
ES,Hortaleza,40.4744,-3.6411
ES,Huelva,37.2664,-6.94
ES,Jaén,37.7692,-3.7903
ES,Jerez de la Frontera,36.6865,-6.1361
ES,L'Hospitalet de Llobregat,41.3597,2.1003
ES,La Laguna,28.4853,-16.3201
ES,Las Palmas de Gran Canaria,28.0997,-15.4134
ES,Latina,40.389,-3.7457
ES,Leganés,40.3272,-3.7635
ES,León,42.6,-5.5703
ES,Lleida,41.6167,0.6222
ES,Logroño,42.4667,-2.45
ES,Madrid,40.4165,-3.7026
ES,Málaga,36.7202,-4.4203
ES,Marbella,36.5154,-4.8858
ES,Mataró,41.5421,2.4445
ES,Moncloa-Aravaca,40.4355,-3.7317
ES,Moratalaz,40.4074,-3.6494
ES,Móstoles,40.3223,-3.865
ES,Murcia,37.987,-1.13
ES,Nou Barris,41.4416,2.1773
ES,Ourense,42.3367,-7.8641
ES,Oviedo,43.3603,-5.8448
ES,Palma,39.5694,2.6502
ES,Pamplona,42.8169,-1.6432
ES,Parla,40.236,-3.7675
ES,Puente de Vallecas,40.3935,-3.662
ES,Retiro,40.4132,-3.6831
ES,Reus,41.1561,1.1069
ES,Sabadell,41.5433,2.1094
ES,Salamanca,40.9688,-5.6639
ES,San Blas-Canillejas,40.4389,-3.6154
ES,Sant Andreu,41.4354,2.1898
ES,Sant Martí,41.4181,2.1993
ES,Santa Coloma de Gramenet,41.4515,2.2081
ES,Santa Cruz de Tenerife,28.4682,-16.2546
ES,Santander,43.4647,-3.8044
ES,Sants-Montjuïc,41.3726,2.1546
ES,Sarrià-Sant Gervasi,41.401,2.1394
ES,Sevilla,37.3828,-5.9732
ES,Tarragona,41.1167,1.25
ES,Telde,27.9924,-15.4192
ES,Terrassa,41.5667,2.0167
ES,Tetuán de las Victorias,40.4597,-3.6975
ES,Torrejón de Ardoz,40.4554,-3.4697
ES,Torrevieja,37.9787,-0.6822
ES,Usera,40.3887,-3.7003
ES,Valencia,39.4697,-0.3774
ES,Valladolid,41.6552,-4.7237
ES,Vigo,42.2328,-8.7226
ES,Villaverde,40.35,-3.7
ES,Zaragoza,41.6561,-0.8773
ET,Addis Ababa,9.025,38.7469
ET,Bahir Dar,11.5936,37.3908
ET,Bishoftu,8.7523,38.9785
ET,Desē,11.1333,39.6333
ET,Dire Dawa,9.5931,41.8661
ET,Gondar,12.6,37.4667
ET,Hawassa,7.0621,38.4763
ET,Jimma,7.6734,36.8344
ET,Mek'ele,13.4967,39.4753
ET,Nazrēt,8.55,39.2667
FI,Espoo,60.2052,24.6522
FI,Helsinki,60.1695,24.9354
FI,Oulu,65.0124,25.4682
FI,Tampere,61.4991,23.7871
FI,Turku,60.4515,22.2687
FI,Vantaa,60.2941,25.041
FR,Aix-en-Provence,43.5283,5.4497
FR,Amiens,49.9,2.3
FR,Angers,47.4738,-0.5477
FR,Argenteuil,48.9479,2.2474
FR,Besançon,47.2488,6.0182
FR,Bordeaux,44.8404,-0.5805
FR,Boulogne-Billancourt,48.8355,2.2413
FR,Brest,48.3903,-4.4863
FR,Caen,49.1859,-0.3591
FR,Cergy-Pontoise,49.0389,2.0781
FR,Clermont-Ferrand,45.7797,3.0868
FR,Dijon,47.3167,5.0167
FR,Grenoble,45.1787,5.7148
FR,Le Havre,49.4938,0.1077
FR,Le Mans,48.0004,0.2047
FR,Lille,50.633,3.0586
FR,Limoges,45.8336,1.2476
FR,Lyon,45.7485,4.8467
FR,Marseille,43.297,5.3811
FR,Metz,49.1191,6.1727
FR,Montpellier,43.6109,3.8772
FR,Mulhouse,47.752,7.3287
FR,Nancy,48.6844,6.185
FR,Nantes,47.2172,-1.5534
FR,Nice,43.7031,7.2661
FR,Nîmes,43.8338,4.3596
FR,Orléans,47.9029,1.9039
FR,Paris,48.8534,2.3488
FR,Perpignan,42.6976,2.8954
FR,Reims,49.2653,4.0285
FR,Rennes,48.112,-1.6743
FR,Rouen,49.4431,1.0993
FR,Saint-Étienne,45.4339,4.39
FR,Saint-Quentin-en-Yvelines,48.7719,2.0189
FR,Strasbourg,48.5839,7.7455
FR,Toulon,43.1244,5.9284
FR,Toulouse,43.6043,1.4437
FR,Tours,47.3948,0.704
FR,Villeurbanne,45.766,4.8795
GA,Libreville,0.3924,9.4536
GA,Port-Gentil,-0.7193,8.7815
GB,Aberdeen,57.1437,-2.0981
GB,Archway,51.5673,-0.1341
GB,Basildon,51.5684,0.4578
GB,Basingstoke,51.2625,-1.0871
GB,Becontree,51.5529,0.129
GB,Bedford,52.1346,-0.4663
GB,Belfast,54.5968,-5.9254
GB,Bexley,51.4416,0.1487
GB,Birkenhead,53.3934,-3.0148
GB,Birmingham,52.4814,-1.8998
GB,Blackburn,53.75,-2.4833
GB,Blackpool,53.8167,-3.05
GB,Bolton,53.5833,-2.4333
GB,Bournemouth,50.7205,-1.8795
GB,Bradford,53.7939,-1.7521
GB,Brent,51.5531,-0.3023
GB,Brighton,50.8284,-0.1395
GB,Bristol,51.4552,-2.5966
GB,Burnley,53.8,-2.2333
GB,Burton upon Trent,52.8073,-1.6426
GB,Cambridge,52.2,0.1167
GB,Cardiff,51.48,-3.18
GB,Chelmsford,51.7358,0.4696
GB,Cheltenham,51.9001,-2.0797
GB,Chesterfield,53.25,-1.4167
GB,City of Westminster,51.4975,-0.1357
GB,Colchester,51.8892,0.9042
GB,Coventry,52.4066,-1.5122
GB,Crawley,51.113,-0.1831
GB,Croydon,51.3833,-0.1
GB,Dagenham,51.55,0.1667
GB,Derby,52.9228,-1.4766
GB,Doncaster,53.5228,-1.1312
GB,Dudley,52.5,-2.0833
GB,Dundee,56.4691,-2.9749
GB,Eastbourne,50.7687,0.2845
GB,Edinburgh,55.9521,-3.1965
GB,Enfield Town,51.6515,-0.085
GB,Exeter,50.7236,-3.5275
GB,Gillingham,51.3891,0.5486
GB,Glasgow,55.8651,-4.2576
GB,Gloucester,51.8657,-2.2431
GB,Grimsby,53.5654,-0.0755
GB,Hastings,50.8552,0.5729
GB,High Wycombe,51.6291,-0.7493
GB,Huddersfield,53.649,-1.7842
GB,Ipswich,52.0592,1.1555
GB,Islington,51.5362,-0.103
GB,Kingston upon Hull,53.7446,-0.3352
GB,Leeds,53.7965,-1.5478
GB,Leicester,52.6386,-1.1317
GB,Lincoln,53.2268,-0.5379
GB,Liverpool,53.4106,-2.9779
GB,London,51.5085,-0.1257
GB,Luton,51.8797,-0.4175
GB,Maidstone,51.2667,0.5167
GB,Manchester,53.4809,-2.2374
GB,Mansfield,53.1333,-1.2
GB,Mendip,51.2372,-2.6266
GB,Middlesbrough,54.5762,-1.2348
GB,Milton Keynes,52.0417,-0.7558
GB,Newcastle upon Tyne,54.9733,-1.614
GB,Newport,51.5877,-2.9983
GB,Northampton,52.25,-0.8833
GB,Norwich,52.6278,1.2983
GB,Nottingham,52.9536,-1.1505
GB,Oldham,53.5405,-2.1183
GB,Oxford,51.7522,-1.256
GB,Peterborough,52.5736,-0.2478
GB,Plymouth,50.3715,-4.143
GB,Poole,50.7143,-1.9846
GB,Portsmouth,50.799,-1.0913
GB,Preston,53.7628,-2.7045
GB,Reading,51.4562,-0.9711
GB,Rotherham,53.4301,-1.3568
GB,Saint Peters,51.3667,1.4167
GB,Sheffield,53.383,-1.4659
GB,Slough,51.5095,-0.5954
GB,Southampton,50.904,-1.4043
GB,Southend-on-Sea,51.5378,0.7143
GB,St Helens,53.45,-2.7333
GB,Stockport,53.4098,-2.1576
GB,Stoke-on-Trent,53.0042,-2.1854
GB,Sunderland,54.9046,-1.3822
GB,Sutton,51.35,-0.2
GB,Sutton Coldfield,52.5667,-1.8167
GB,Swansea,51.6208,-3.9432
GB,Swindon,51.558,-1.7812
GB,Telford,52.6766,-2.4493
GB,Walsall,52.5853,-1.984
GB,Warrington,53.3925,-2.5802
GB,Watford,51.6553,-0.396
GB,West Bromwich,52.5187,-1.9945
GB,Wigan,53.543,-2.6371
GB,Woking,51.319,-0.5589
GB,Wolverhampton,52.5855,-2.123
GB,Worcester,52.1893,-2.22
GB,York,53.9576,-1.0827
GE,Batumi,41.6423,41.6339
GE,Kutaisi,42.2679,42.6946
GE,Tbilisi,41.6941,44.8337
GH,Accra,5.556,-0.1969
GH,Atsiaman,5.6978,-0.3282
GH,Cape Coast,5.1053,-1.2466
GH,Kumasi,6.6885,-1.6244
GH,Medina Estates,5.6658,-0.1631
GH,Obuase,6.2023,-1.668
GH,Sekondi-Takoradi,4.9268,-1.7577
GH,Takoradi,4.8982,-1.7603
GH,Tamale,9.4008,-0.8393
GH,Tema,5.6698,-0.0166
GH,Teshi Old Town,5.5836,-0.1072
GM,Serekunda,13.4383,-16.6781
GN,Camayenne,9.535,-13.6878
GN,Conakry,9.538,-13.6773
GN,Kankan,10.3854,-9.3057
GN,Kindia,10.0569,-12.8658
GN,Nzérékoré,7.7562,-8.8179
GQ,Bata,1.8639,9.7658
GQ,Malabo,3.7558,8.7817
GR,Athens,37.9838,23.7278
GR,Irákleion,35.3279,25.1434
GR,Kallithéa,37.95,23.7
GR,Lárisa,39.6369,22.4176
GR,Pátra,38.2444,21.7344
GR,Peristéri,38.0154,23.6919
GR,Thessaloníki,40.6436,22.9309
GT,Escuintla,14.3009,-90.7858
GT,Guatemala City,14.6407,-90.5133
GT,Mixco,14.6308,-90.6071
GT,Petapa,14.5019,-90.562
GT,Quetzaltenango,14.8347,-91.5181
GT,San Juan Sacatepéquez,14.7189,-90.6442
GT,Villa Canales,14.4828,-90.5343
GT,Villa Nueva,14.5251,-90.5854
GW,Bissau,11.8636,-15.5977
GY,Georgetown,6.8045,-58.1553
HK,Hong Kong,22.2783,114.1747
HK,Kowloon,22.3167,114.1833
HK,Tsuen Wan,22.3714,114.1133
HK,Yuen Long Kau Hui,22.45,114.0333
HN,Choloma,15.6144,-87.953
HN,El Progreso,15.4,-87.8
HN,La Ceiba,15.7597,-86.7822
HN,San Pedro Sula,15.5042,-88.025
HN,Tegucigalpa,14.0818,-87.2068
HR,Rijeka,45.3267,14.4424
HR,Split,43.5089,16.4392
HR,Zagreb,45.8144,15.978
HT,Carrefour,18.5411,-72.3992
HT,Croix-des-Bouquets,18.5768,-72.2262
HT,Delmas 73,18.5447,-72.3028
HT,Jacmel,18.2343,-72.5354
HT,Léogâne,18.5111,-72.6334
HT,Les Cayes,18.1933,-73.746
HT,Okap,19.7594,-72.1981
HT,Pétionville,18.5125,-72.2853
HT,Port-au-Prince,18.5435,-72.3388
HT,Port-de-Paix,19.9398,-72.8304
HT,Tigwav,18.4312,-72.8652
HU,Budapest,47.4984,19.0404
HU,Budapest III. kerület,47.5416,19.045
HU,Budapest XI. kerület,47.476,19.036
HU,Budapest XIII. kerület,47.5298,19.0807
HU,Debrecen,47.5317,21.6244
HU,Győr,47.6833,17.6351
HU,Kecskemét,46.9062,19.6913
HU,Miskolc,48.1031,20.7781
HU,Nyíregyháza,47.9554,21.7167
HU,Pécs,46.0725,18.2308
HU,Szeged,46.253,20.1482
HU,Székesfehérvár,47.19,18.4103
HU,Zugló,47.5176,19.1055
ID,Adiwerna,-6.9375,109.1325
ID,Ambon,-3.6958,128.1833
ID,Arjawinangun,-6.6453,108.4103
ID,Astanajapura,-6.8017,108.6311
ID,Balikpapan,-1.2675,116.8289
ID,Banda Aceh,5.5417,95.3333
ID,Bandar Lampung,-5.4292,105.2611
ID,Bandung,-6.9222,107.6069
ID,Bangil,-7.5994,112.8186
ID,Banjaran,-7.0453,107.5878
ID,Banjarmasin,-3.3199,114.5907
ID,Banyuwangi,-8.2325,114.3576
ID,Batam,1.1494,104.0249
ID,Batang,-6.4846,110.7083
ID,Baturaja,-4.1289,104.1669
ID,Bekasi,-6.2349,106.9896
ID,Belawan,3.7755,98.6832
ID,Bengkulu,-3.8004,102.2655
ID,Binjai,3.6001,98.4854
ID,Blitar,-8.0983,112.1681
ID,Bogor,-6.5944,106.7892
ID,Bontang,0.1324,117.4854
ID,Ciamis,-7.3257,108.3534
ID,Ciampea,-6.5547,106.7008
ID,Cibinong,-6.4817,106.8542
ID,Cikampek,-6.4197,107.4558
ID,Cikarang,-6.2611,107.1528
ID,Cikupa,-6.2364,106.5083
ID,Cileungsir,-6.3947,106.9592
ID,Cileunyi,-6.9389,107.7528
ID,Cimahi,-6.8722,107.5425
ID,Ciputat,-6.2375,106.6956
ID,Cirebon,-6.7063,108.557
ID,Citeureup,-6.4856,106.8819
ID,City of Balikpapan,-1.242,116.8942
ID,Curug,-6.2658,106.5564
ID,Denpasar,-8.65,115.2167
ID,Depok,-6.4,106.8186
ID,Dumai,1.6671,101.4432
ID,Gorontalo,0.5375,123.0625
ID,Grogol,-7.6011,110.8186
ID,Indramayu,-6.3264,108.32
ID,Jakarta,-6.2146,106.8451
ID,Jambi City,-1.6,103.6167
ID,Jayapura,-2.5337,140.7181
ID,Jember,-8.1721,113.6995
ID,Jombang,-7.546,112.2331
ID,Kediri,-7.8167,112.0167
ID,Kedungwuni,-6.9704,109.6479
ID,Kendari,-3.9778,122.5151
ID,Kisaran,2.9845,99.6158
ID,Klaten,-7.7058,110.6064
ID,Kresek,-6.1314,106.3797
ID,Kupang,-10.1708,123.6069
ID,Labuan Bajo,-8.4964,119.8877
ID,Lawang,-7.8353,112.6947
ID,Lembang,-6.8117,107.6175
ID,Loa Janan,-0.5829,117.095
ID,Lubuklinggau,-3.2945,102.8614
ID,Lumajang,-8.1335,113.2248
ID,Madiun,-7.6298,111.5239
ID,Magelang,-7.4706,110.2178
ID,Makassar,-5.1486,119.4319
ID,Malang,-7.9797,112.6304
ID,Manado,1.4822,124.8489
ID,Martapura,-3.4109,114.8642
ID,Mataram,-8.5833,116.1167
ID,Medan,3.5833,98.6667
ID,Metro,-5.1131,105.3067
ID,Mojokerto,-7.4664,112.4338
ID,Padalarang,-6.8378,107.4728
ID,Padang,-0.9492,100.3543
ID,Padangsidempuan,1.3795,99.2715
ID,Palangkaraya,-2.2083,113.9167
ID,Palembang,-2.9167,104.7458
ID,Palopo,-2.9925,120.1969
ID,Palu,-0.9083,119.8708
ID,Pamanukan,-6.2842,107.8106
ID,Pamulang,-6.3428,106.7383
ID,Pangkalpinang,-2.1291,106.1138
ID,Parepare,-4.0135,119.6255
ID,Parung,-6.4214,106.7331
ID,Pasarkemis,-6.1703,106.5303
ID,Paseh,-7.1026,107.7641
ID,Pasuruan,-7.6453,112.9075
ID,Pati,-6.7559,111.038
ID,Payakumbuh,-0.2159,100.6334
ID,Pekalongan,-6.8886,109.6753
ID,Pekanbaru,0.5167,101.4417
ID,Pemalang,-6.8919,109.3826
ID,Pematangsiantar,2.9595,99.0687
ID,Perbaungan,3.5679,98.956
ID,Percut,3.6253,98.864
ID,Plumbon,-6.705,108.4728
ID,Pontianak,-0.0319,109.325
ID,Prabumulih,-3.4345,104.2306
ID,Probolinggo,-7.7543,113.2159
ID,Purwakarta,-6.5569,107.4433
ID,Purwodadi,-7.0868,110.9158
ID,Purwokerto,-7.4214,109.2344
ID,Rangkasbitung,-6.3591,106.2494
ID,Rantauprapat,2.1,99.8333
ID,Rengasdengklok,-6.1592,107.2981
ID,Salatiga,-7.3319,110.4928
ID,Samarinda,-0.4917,117.1458
ID,Sawangan,-6.4028,106.7744
ID,Semarang,-6.9931,110.4208
ID,Sepatan,-6.1189,106.575
ID,Serang,-6.1153,106.1542
ID,Sidoarjo,-7.4478,112.7183
ID,Singaraja,-8.112,115.0882
ID,Singkawang,0.9093,108.9846
ID,Situbondo,-7.7062,114.0098
ID,Soreang,-7.0331,107.5183
ID,Sorong,-0.8796,131.261
ID,South Tangerang,-6.2886,106.7179
ID,Sukabumi,-6.9181,106.9267
ID,Sumedang,-6.8586,107.9164
ID,Sumedang Utara,-6.85,107.9167
ID,Sunggal,3.5765,98.6151
ID,Surabaya,-7.2492,112.7508
ID,Surakarta,-7.5561,110.8317
ID,Tangerang,-6.1781,106.63
ID,Tanjung Pinang,0.9167,104.4583
ID,Tanjungbalai,2.9667,99.8
ID,Tasikmalaya,-7.3274,108.2207
ID,Tebingtinggi,3.3285,99.1625
ID,Tegal,-6.8694,109.1402
ID,Teluknaga,-6.0989,106.6381
ID,Ternate,0.7906,127.3842
ID,Ungaran,-7.1397,110.405
ID,Weru,-6.711,108.5037
ID,Yogyakarta,-7.8014,110.3647
IE,Cork,51.898,-8.4706
IE,Dublin,53.3331,-6.2489
IL,Ashdod,31.7921,34.6497
IL,Ashkelon,31.6693,34.5715
IL,Bat Yam,32.0238,34.7518
IL,Beersheba,31.2518,34.7913
IL,Bnei Brak,32.0807,34.8338
IL,Haifa,32.8184,34.9885
IL,H̱olon,32.0103,34.7792
IL,Jaffa,32.0504,34.7522
IL,Jerusalem,31.769,35.2163
IL,Netanya,32.3329,34.8599
IL,Petaẖ Tiqwa,32.0871,34.8875
IL,Ramat Gan,32.0823,34.8107
IL,Reẖovot,31.8942,34.812
IL,Rishon LeẔiyyon,31.971,34.7894
IL,Tel Aviv,32.0809,34.7806
IL,West Jerusalem,31.782,35.2196
IN,Abohar,30.1445,74.1955
IN,Achalpur,21.2567,77.5101
IN,Ādilābād,19.672,78.5359
IN,Ādoni,15.6279,77.275
IN,Agartala,23.8361,91.2794
IN,Agra,27.1833,78.0167
IN,Ahmadnagar,19.0946,74.7384
IN,Ahmedabad,23.0258,72.5873
IN,Airoli,19.151,72.9963
IN,Aizawl,23.7289,92.7179
IN,Ajmer,26.4521,74.6387
IN,Akola,20.7096,76.9981
IN,Alandur,13.0025,80.2061
IN,Alappuzha,9.49,76.3264
IN,Alīgarh,27.8815,78.0746
IN,Allahābād,25.4448,81.8432
IN,Alwar,27.5625,76.625
IN,Amarnāth,19.2,73.1667
IN,Ambāla,30.361,76.7978
IN,Ambattūr,13.0982,80.1615
IN,Ambur,12.7916,78.7164
IN,Amrāvati,20.9333,77.75
IN,Amritsar,31.6223,74.8753
IN,Amroha,28.9031,78.4698
IN,Anand,22.5525,72.9552
IN,Anantapur,14.6778,77.6081
IN,Arrah,25.5563,84.6633
IN,Āsansol,23.6833,86.9833
IN,Ashoknagar Kalyangarh,22.8642,88.637
IN,Aurangabad,19.8776,75.3423
IN,Āvadi,13.1147,80.1098
IN,Azamgarh,26.0683,83.1836
IN,Badlapur,19.1552,73.2655
IN,Bagaha,27.0992,84.09
IN,Bahādurgarh,28.6929,76.9356
IN,Baharampur,24.1047,88.2515
IN,Bahraigh,27.5743,81.5947
IN,Baidyabāti,22.785,88.3259
IN,Balasore,21.4927,86.9335
IN,Bāli,22.6486,88.3411
IN,Bālurghāt,25.221,88.7773
IN,Bānda,25.4776,80.3349
IN,Bangaon,23.0455,88.8308
IN,Bānkura,23.2324,87.0716
IN,Bānsbāria,22.9539,88.401
IN,Bārākpur,22.766,88.3634
IN,Baranagar,22.6413,88.3773
IN,Bārāsat,22.7215,88.482
IN,Barddhamān,23.2557,87.8569
IN,Bareilly,28.3668,79.4317
IN,Barnāla,30.3745,75.5487
IN,Bārsi,18.2345,75.6928
IN,Bastī,26.7882,82.7162
IN,Batāla,31.8092,75.2029
IN,Bathinda,30.2075,74.9389
IN,Beāwar,26.1012,74.3203
IN,Begusarai,25.4185,86.1339
IN,Belgaum,15.8521,74.5045
IN,Bellary,15.142,76.924
IN,Bengaluru,12.9719,77.5937
IN,Bettiah,26.8023,84.5031
IN,Bhadrāvati,13.8485,75.705
IN,Bhadreswar,22.8245,88.3384
IN,Bhāgalpur,25.2445,86.9718
IN,Bharatpur,27.2173,77.4901
IN,Bharūch,21.6948,72.9805
IN,Bhātpāra,22.8664,88.4011
IN,Bhavnagar,21.7629,72.1533
IN,Bhayandar,19.3016,72.8511
IN,Bhilai,21.2092,81.4285
IN,Bhīlwāra,25.3471,74.6408
IN,Bhīmavaram,16.5408,81.5232
IN,Bhind,26.5667,78.7873
IN,Bhiwandi,19.3002,73.0588
IN,Bhiwāni,28.793,76.1397
IN,Bhopal,23.2547,77.4029
IN,Bhubaneshwar,20.2724,85.8338
IN,Bhuj,23.254,69.6693
IN,Bhusāval,21.0436,75.7851
IN,Bīdar,17.908,77.5152
IN,Bihār Sharīf,25.2008,85.5239
IN,Bijapur,16.8244,75.7154
IN,Bīkaner,28.0176,73.3149
IN,Bilāspur,22.08,82.1554
IN,Bilimora,20.7696,72.9613
IN,Bokāro,23.7871,85.9564
IN,Borivli,19.235,72.8598
IN,Botād,22.1692,71.6667
IN,Brahmapur,19.3115,84.7929
IN,Budaun,28.0381,79.1267
IN,Bulandshahr,28.4039,77.8577
IN,Burhānpur,21.3087,76.2303
IN,Chānda,19.9508,79.2952
IN,Chandannagar,22.8622,88.368
IN,Chandigarh,30.7363,76.7884
IN,Chanduasi,28.4518,78.7828
IN,Chāpra,25.7803,84.7471
IN,Chās,23.6356,86.1671
IN,Chennai,13.0878,80.2785
IN,Chhatarpur,24.9177,79.5887
IN,Chhindwāra,22.057,78.9396
IN,Chikmagalūr,13.3223,75.774
IN,Chitradurga,14.2226,76.4004
IN,Chittaurgarh,24.8896,74.624
IN,Chūru,28.3041,74.9672
IN,Cochin,9.9399,76.2602
IN,Coimbatore,11.0055,76.9661
IN,Cuddalore,11.7562,79.7669
IN,Cuddapah,14.48,78.8235
IN,Cuttack,20.465,85.8793
IN,Dam Dam,22.6334,88.4229
IN,Damoh,23.8331,79.4419
IN,Darbhanga,26.1522,85.8971
IN,Dārjiling,27.0333,88.2667
IN,Davangere,14.4669,75.9269
IN,Dehra Dūn,30.3244,78.0339
IN,Dehri,24.9025,84.1822
IN,Delhi,28.6519,77.2315
IN,Deoli,28.5025,77.2312
IN,Deoria,26.5017,83.7794
IN,Dewas,22.9658,76.0553
IN,Dhanbād,23.802,86.4432
IN,Dharmavaram,14.4144,77.7203
IN,Dhaulpur,26.6929,77.8797
IN,Dhūlia,20.9013,74.7774
IN,Dibrugarh,27.4799,94.9084
IN,Dimāpur,25.9117,93.7217
IN,Dinapore,25.637,85.0479
IN,Dindigul,10.369,77.9804
IN,Dombivli,19.2167,73.0833
IN,Durg,21.1915,81.2762
IN,Durgapur,23.5158,87.308
IN,Ellore,16.7131,81.1044
IN,Erode,11.3428,77.7274
IN,Etāwah,26.7762,79.0213
IN,Faridabad,28.4112,77.3132
IN,Farrukhābād,27.3913,79.5793
IN,Fatehpur,25.9277,80.8127
IN,Ferozepore,30.9257,74.6131
IN,Fīrozābād,27.1509,78.3978
IN,Fyzābād,26.7755,82.1502
IN,Gadag,15.4298,75.6297
IN,Gadag-Betageri,15.4167,75.6167
IN,Gajuwaka,17.7,83.2167
IN,Gāndhīdhām,23.0833,70.1333
IN,Gandhinagar,23.2167,72.6833
IN,Gangānagar,29.9201,73.875
IN,Gangāpur,26.4725,76.7174
IN,Gangāwati,15.4313,76.5293
IN,Gaya,24.7969,85.0038
IN,Ghāziābād,28.6654,77.4391
IN,Ghazīpur,25.5833,83.5853
IN,Godhra,22.7755,73.6149
IN,Gondā City,27.1318,81.9533
IN,Gondal,21.9607,70.8025
IN,Gondiā,21.4603,80.192
IN,Gorakhpur,29.4477,75.6721
IN,Gosāba,22.1655,88.8007
IN,Greater Noida,28.4962,77.536
IN,Gudivāda,16.4355,80.9955
IN,Gulbarga,17.3358,76.8376
IN,Guna,24.6469,77.3113
IN,Guntakal Junction,15.1711,77.3624
IN,Guntur,16.2997,80.4573
IN,Gurgaon,28.4601,77.0263
IN,Guwahati,26.1844,91.7458
IN,Gwalior,26.2298,78.1734
IN,Hābra,22.842,88.6561
IN,Hājīpur,25.6854,85.2098
IN,Haldia,22.0605,88.1098
IN,Haldwani,29.2225,79.5286
IN,Hālīsahar,22.9322,88.4186
IN,Hanumāngarh,29.5818,74.3294
IN,Hāora,22.5769,88.3186
IN,Hāpur,28.7298,77.7807
IN,Hardoī,27.3949,80.1316
IN,Haridwar,29.9479,78.1603
IN,Hassan,13.0071,76.0962
IN,Hāthras,27.5955,78.052
IN,Hazāribāgh,23.9924,85.3616
IN,Hindupur,13.8281,77.4914
IN,Hisar,29.1539,75.7229
IN,Hoshangābād,22.7475,77.7274
IN,Hoshiārpur,31.5372,75.9127
IN,Hospet,15.2695,76.3871
IN,Hosūr,12.7365,77.8326
IN,Hubli,15.3478,75.1338
IN,Hugli,22.9088,88.3967
IN,Hyderabad,17.384,78.4564
IN,Ichalkaranji,16.6912,74.4605
IN,Imphal,24.8081,93.9442
IN,Indore,22.7179,75.8333
IN,Ingrāj Bāzār,25.0045,88.1457
IN,Itārsi,22.6148,77.7622
IN,Jabalpur,23.167,79.9501
IN,Jagādhri,30.1672,77.3037
IN,Jaigaon,26.8477,89.3756
IN,Jaipur,26.9196,75.7878
IN,Jalandhar,31.3256,75.5792
IN,Jalgaon,21.0029,75.566
IN,Jālna,19.841,75.8864
IN,Jalpāiguri,26.5167,88.7333
IN,Jamālpur,25.3126,86.4889
IN,Jammu,32.7357,74.8691
IN,Jamnagar,22.4729,70.0667
IN,Jamshedpur,22.8028,86.1855
IN,Jāmuria,23.7047,87.0787
IN,Jaunpur,25.7536,82.6869
IN,Jetpur,21.7548,70.6235
IN,Jhānsi,25.4589,78.5799
IN,Jhunjhunūn,28.1256,75.398
IN,Jīnd,29.3158,76.315
IN,Jodhpur,26.2684,73.0059
IN,Jūnāgadh,21.5197,70.4598
IN,Kaithal,29.8015,76.3996
IN,Kākināda,16.9604,82.2381
IN,Kalyān,19.2437,73.1355
IN,Kāmārhāti,22.6711,88.3747
IN,Kanchipuram,12.8352,79.7001
IN,Kānchrāpāra,22.96,88.4285
IN,Kanpur,26.4652,80.3498
IN,Karīmnagar,18.4392,79.1286
IN,Karnāl,29.692,76.9845
IN,Karol Bāgh,28.6514,77.1907
IN,Kashipur,29.214,78.9569
IN,Katihar,25.5385,87.5704
IN,Khammam,17.2477,80.1437
IN,Khandwa,21.8243,76.3509
IN,Khanna,30.7055,76.222
IN,Kharagpur,22.3397,87.325
IN,Khardah,22.7186,88.3781
IN,Khurja,28.2538,77.8554
IN,Kishangarh,26.5901,74.854
IN,Kolār,13.1377,78.13
IN,Kolhāpur,16.6956,74.2317
IN,Kolkata,22.5626,88.363
IN,Kollam,8.8811,76.5847
IN,Korba,22.3458,82.6963
IN,Kota,25.1825,75.8391
IN,Kozhikode,11.248,75.7804
IN,Krishnanagar,23.4058,88.4907
IN,Kūkatpalli,17.4849,78.4138
IN,Kultali,21.9,88.4
IN,Kulti,23.7317,86.8437
IN,Kumbakonam,10.9621,79.3912
IN,Kurnool,15.8289,78.036
IN,Lakhīmpur,27.9482,80.7793
IN,Lal Bahadur Nagar,17.3477,78.5576
IN,Lalitpur,24.6901,78.4192
IN,Latur,18.3972,76.5678
IN,Loni,28.7514,77.2902
IN,Lucknow,26.8393,80.9231
IN,Ludhiāna,30.912,75.8538
IN,Machilīpatnam,16.1875,81.1389
IN,Madanapalle,13.5503,78.5029
IN,Madhyamgram,22.6894,88.4459
IN,Madurai,9.919,78.1195
IN,Mahbūbnagar,16.7438,77.986
IN,Mālegaon,20.5497,74.5346
IN,Māler Kotla,30.5309,75.8795
IN,Malkajgiri,17.4478,78.5263
IN,Mandsaur,24.0718,75.0699
IN,Mandya,12.5223,76.8975
IN,Mangalore,12.9172,74.856
IN,Mathura,27.5035,77.6722
IN,Mau,25.9417,83.5611
IN,Medinīpur,22.4211,87.3226
IN,Meerut,28.98,77.7064
IN,Miriālgūda,16.8722,79.5625
IN,Mirzāpur,25.1449,82.5653
IN,Moga,30.8138,75.1688
IN,Mohali,30.68,76.7221
IN,Monghyr,25.3746,86.4745
IN,Morādābād,28.8389,78.7768
IN,Morbi,22.8173,70.8377
IN,Morena,26.4989,77.9953
IN,Mormugao,15.3891,73.8149
IN,Mothīhāri,26.6486,84.9166
IN,Mumbai,19.0728,72.8826
IN,Murwāra,23.8378,80.394
IN,Muzaffarnagar,29.4709,77.7033
IN,Muzaffarpur,26.1226,85.3906
IN,Mysore,12.2979,76.6393
IN,Nadiād,22.6939,72.8616
IN,Nagda,23.4583,75.4176
IN,Nāgercoil,8.179,77.4323
IN,Nagpur,21.1463,79.0849
IN,Naihāti,22.894,88.4152
IN,Najafgarh,28.6092,76.9798
IN,Nalgonda,17.0544,79.2671
IN,Nanded,19.1602,77.315
IN,Nandurbar,21.3667,74.2405
IN,Nandyāl,15.478,78.4836
IN,Nangi,22.5083,88.2153
IN,Nāngloi Jāt,28.6796,77.068
IN,Narela,28.8527,77.0929
IN,Nashik,19.9973,73.791
IN,Navadwīp,23.4067,88.3686
IN,Navi Mumbai,19.0368,73.0158
IN,Navsāri,20.9424,72.9247
IN,Nellore,14.4499,79.987
IN,New Delhi,28.6358,77.2245
IN,Nizāmābād,18.6715,78.0988
IN,Noida,28.58,77.33
IN,Nowrangapur,19.2311,82.5483
IN,Ongole,15.5036,80.0445
IN,Orai,25.9902,79.4533
IN,Pālanpur,24.1713,72.4383
IN,Pālghāt,10.7732,76.6537
IN,Pāli,25.7728,73.3234
IN,Pallāvaram,12.968,80.1502
IN,Palwal,28.1447,77.3255
IN,Panchkula,30.6946,76.8504
IN,Pānihāti,22.6909,88.374
IN,Pānīpat,29.3875,76.9682
IN,Panvel,18.9888,73.1101
IN,Parbhani,19.2686,76.7708
IN,Pātan,23.8507,72.1296
IN,Pathānkot,32.2748,75.6529
IN,Patiāla,30.3362,76.3922
IN,Patna,25.5941,85.1356
IN,Phagwāra,31.2245,75.7739
IN,Pīlibhīt,28.6312,79.8044
IN,Pimpri,18.6229,73.807
IN,Ponnāni,10.7669,75.9252
IN,Porbandar,21.6422,69.6093
IN,Port Blair,11.6661,92.7464
IN,Proddatūr,14.7502,78.5481
IN,Puducherry,11.9338,79.8298
IN,Pudukkottai,10.3813,78.8214
IN,Punāsa,22.2351,76.3933
IN,Pune,18.5196,73.8554
IN,Puri,19.7982,85.8249
IN,Purnia,25.7789,87.4742
IN,Puruliya,23.3306,86.363
IN,Quthbullapur,17.5011,78.4582
IN,Raebareli,26.2309,81.2331
IN,Rāichūr,16.2055,77.3557
IN,Rāiganj,25.6128,88.1245
IN,Raigarh,21.8976,83.3966
IN,Raipur,21.2333,81.6333
IN,Rāj-Nāndgaon,21.0969,81.0289
IN,Rājahmundry,17.0052,81.7778
IN,Rajapalaiyam,9.453,77.5533
IN,Rājkot,22.2916,70.7932
IN,Ramagundam,18.755,79.474
IN,Rāmgundam,18.8008,79.4521
IN,Rāmpur,28.8101,79.027
IN,Ranchi,23.3432,85.3094
IN,Rānīganj,23.6164,87.1306
IN,Ratlām,23.3303,75.0403
IN,Raurkela,22.225,84.8641
IN,Rewa,24.5326,81.2923
IN,Rewāri,28.199,76.6183
IN,Rishra,22.7239,88.3456
IN,Robertsonpet,12.9563,78.2754
IN,Rohini,28.7432,77.0678
IN,Rohtak,28.8945,76.5892
IN,Roorkee,29.8663,77.8912
IN,Sahāranpur,29.9679,77.5452
IN,Saharsa,25.875,86.5961
IN,Salem,11.6538,78.1554
IN,Sambalpur,21.4653,83.9757
IN,Sambhal,28.585,78.5696
IN,Sāngli,16.8544,74.5642
IN,Satara,17.6859,73.9933
IN,Satna,24.5773,80.8272
IN,Saugor,23.8388,78.7387
IN,Sawāi Mādhopur,26.023,76.3441
IN,Secunderabad,17.5043,78.5426
IN,Seoni,22.085,79.5504
IN,Serilingampalle,17.4931,78.302
IN,Shāhjānpur,27.8817,79.9092
IN,Shāntipur,23.2472,88.433
IN,Shillong,25.5689,91.8831
IN,Shimla,31.1044,77.1666
IN,Shimoga,13.9316,75.5679
IN,Shivaji Nagar,18.5302,73.8526
IN,Shivpuri,25.4238,77.6622
IN,Shrīrāmpur,22.7528,88.3422
IN,Shyamnagar,22.8333,88.3667
IN,Sīkar,27.6121,75.14
IN,Silchar,24.8273,92.7979
IN,Siliguri,26.71,88.4285
IN,Singrauli,24.1997,82.6753
IN,Sirsa,29.5349,75.029
IN,Sītāpur,27.5619,80.6826
IN,Siwān,26.221,84.3561
IN,Solāpur,17.6715,75.9104
IN,Sonīpat,28.9948,77.0194
IN,Soyībug,34.0768,74.7057
IN,Srikakulam,18.2989,83.8975
IN,Srinagar,34.0857,74.8055
IN,Sūjāngarh,27.7,74.4667
IN,Sultānpur,26.2579,82.0727
IN,Sūrat,21.1959,72.8302
IN,Surendranagar,22.7271,71.6486
IN,Suriāpet,17.1405,79.6205
IN,Tādepallegūdem,16.8147,81.5272
IN,Tambaram,12.9246,80.1271
IN,Tanjore,10.7852,79.1391
IN,Teni,10.0112,77.4777
IN,Thāne,19.197,72.9635
IN,Thānesar,29.9732,76.8321
IN,Thiruvananthapuram,8.4855,76.9492
IN,Thoothukudi,8.7674,78.1342
IN,Thrissur,10.5167,76.2167
IN,Tiruchirappalli,10.8155,78.6965
IN,Tirunelveli,8.7274,77.6838
IN,Tirupati,13.6355,79.4199
IN,Tiruppur,11.1154,77.3546
IN,Tiruvannāmalai,12.2266,79.0746
IN,Tiruvottiyūr,13.1582,80.3018
IN,Titāgarh,22.7425,88.3733
IN,Tonk,26.1664,75.7882
IN,Tumkūr,13.3414,77.1022
IN,Udaipur,24.5858,73.7135
IN,Udgīr,18.3926,77.1176
IN,Udupi,13.3347,74.7462
IN,Ujjain,23.1824,75.7764
IN,Ulhasnagar,19.2167,73.15
IN,Unnāo,26.5471,80.4878
IN,Uppal Kalan,17.4058,78.5591
IN,Vadodara,22.2994,73.2081
IN,Varanasi,25.3167,83.0104
IN,Vasco da Gama,15.3958,73.8157
IN,Vejalpur,22.6902,73.563
IN,Vellore,12.9184,79.1325
IN,Verāval,20.9077,70.3679
IN,Vidisha,23.526,77.8109
IN,Vijayawada,16.5074,80.6466
IN,Virār,19.4559,72.8114
IN,Visakhapatnam,17.6801,83.2016
IN,Vizianagaram,18.1169,83.4115
IN,Warangal,18,79.5833
IN,Wardha,20.7393,78.5978
IN,Yamunānagar,30.128,77.2837
IN,Yavatmāl,20.3932,78.132
IN,Yelahanka,13.1007,77.5963
IQ,Abū Ghurayb,33.3056,44.1848
IQ,Ad Dīwānīyah,31.9929,44.9255
IQ,Al ‘Amārah,31.8356,47.1448
IQ,Al Başrah al Qadīmah,30.5032,47.8151
IQ,Al Fallūjah,33.3491,43.786
IQ,Al Fāw,29.9742,48.4731
IQ,Al Ḩillah,32.4637,44.4196
IQ,Al Kūt,32.5128,45.8182
IQ,Al Mawşil al Jadīdah,36.3327,43.1056
IQ,As Samawah,31.332,45.2944
IQ,As Sulaymānīyah,35.565,45.4329
IQ,Az Zubayr,30.3921,47.7017
IQ,Baghdad,33.3406,44.4009
IQ,Baqubah,33.754,44.6052
IQ,Basrah,30.5085,47.7804
IQ,Dihok,36.8671,42.9885
IQ,Erbil,36.1833,44.0119
IQ,Karbala,32.616,44.0249
IQ,Kirkuk,35.4681,44.3922
IQ,Kufa,32.0511,44.4402
IQ,Mosul,36.335,43.1189
IQ,Najaf,32.0259,44.3462
IQ,Nasiriyah,31.058,46.2573
IQ,Ramadi,33.4206,43.3078
IQ,Sāmarrā’,34.1959,43.8857
IQ,Sīnah,36.8085,43.0393
IQ,Soran,36.6532,44.5441
IQ,Umm Qaşr,30.0362,47.9195
IR,Abadan,30.3392,48.3043
IR,Ahvaz,31.319,48.6842
IR,Āmol,36.4696,52.3507
IR,Arāk,34.0949,49.6981
IR,Ardabīl,38.2498,48.2933
IR,Āzādshahr,34.7905,48.5701
IR,Bābol,36.551,52.6786
IR,Bandar Abbas,27.1865,56.2808
IR,Bandar-e Anzalī,37.4732,49.4579
IR,Bāneh,35.9975,45.8853
IR,Bīrjand,32.8663,59.2211
IR,Bojnūrd,37.4747,57.329
IR,Borūjerd,33.8973,48.7516
IR,Būkān,36.521,46.2089
IR,Bushehr,28.9689,50.8366
IR,Gonbad-e Kāvūs,37.25,55.1672
IR,Gorgān,36.8427,54.4439
IR,Hamadān,34.7992,48.5146
IR,Īlām,33.6374,46.4227
IR,Iranshahr,27.2024,60.6848
IR,Isfahan,32.6525,51.6746
IR,Kahrīz,34.3838,47.0553
IR,Karaj,35.8327,50.9915
IR,Kerman,30.2832,57.0788
IR,Kermanshah,34.3142,47.065
IR,Khomeynī Shahr,32.6856,51.5361
IR,Khorramabad,33.4878,48.3558
IR,Khorramshahr,30.4408,48.1843
IR,Khowy,38.5503,44.9521
IR,Kūhdasht,33.5333,47.61
IR,Mahābād,36.7631,45.7222
IR,Malāyer,34.3016,48.8217
IR,Marand,38.4329,45.7749
IR,Marvdasht,29.8742,52.8025
IR,Mashhad,36.3156,59.568
IR,Masjed Soleymān,31.9364,49.3039
IR,Mīāndoāb,36.9667,46.1096
IR,Najafābād,32.6346,51.3653
IR,Naz̧arābād,35.9541,50.6061
IR,Neyshābūr,36.2133,58.7957
IR,Orūmīyeh,37.5527,45.0761
IR,Pārsābād,39.6482,47.9174
IR,Pasragad Branch,34.7777,48.4717
IR,Qarchak,35.4287,51.5754
IR,Qazvin,36.2688,50.0041
IR,Qom,34.6401,50.8764
IR,Qūchān,37.106,58.5095
IR,Rafsanjān,30.4067,55.9939
IR,Rasht,37.2761,49.5886
IR,Sabzevar,36.2126,57.6819
IR,Sanandaj,35.315,46.9988
IR,Saqqez,36.2499,46.2735
IR,Sari,36.5633,53.0601
IR,Sāveh,35.0213,50.3566
IR,Semnan,35.5769,53.392
IR,Shahr-e Kord,32.3261,50.8572
IR,Shahrud,36.4182,54.9763
IR,Shiraz,29.6103,52.5311
IR,Sirjan,29.4514,55.6809
IR,Tabriz,38.08,46.2919
IR,Tehran,35.6944,51.4215
IR,Torbat-e Ḩeydarīyeh,35.274,59.2195
IR,Varāmīn,35.3242,51.6457
IR,Yazd,31.8972,54.3675
IR,Zābol,31.0306,61.4949
IR,Zahedan,29.4963,60.8629
IR,Zanjān,36.6764,48.4963
IS,Reykjavík,64.1355,-21.8954
IT,Acilia-Castel Fusano-Ostia Antica,41.7634,12.3308
IT,Bari,41.1207,16.8698
IT,Bergamo,45.696,9.6672
IT,Bologna,44.4938,11.3387
IT,Brescia,45.5356,10.2147
IT,Cagliari,39.2305,9.1192
IT,Catania,37.4922,15.0704
IT,Florence,43.7792,11.2463
IT,Foggia,41.4584,15.5519
IT,Genoa,44.4048,8.9444
IT,Livorno,43.5443,10.3262
IT,Messina,38.1939,15.5526
IT,Mestre,45.4917,12.2454
IT,Milan,45.4643,9.1895
IT,Modena,44.6478,10.9254
IT,Monza,45.58,9.2725
IT,Naples,40.8522,14.2681
IT,Padova,45.408,11.8859
IT,Palermo,38.132,13.3356
IT,Parma,44.7993,10.3262
IT,Perugia,43.1122,12.3888
IT,Pescara,42.4584,14.2028
IT,Prato,43.8805,11.097
IT,Reggio Calabria,38.1105,15.6613
IT,Reggio nell'Emilia,44.6983,10.6312
IT,Rimini,44.0575,12.5653
IT,Rome,41.8919,12.5113
IT,Salerno,40.6754,14.7933
IT,Taranto,40.4644,17.2471
IT,Trieste,45.6495,13.7768
IT,Turin,45.0705,7.6868
IT,Verona,45.4299,10.9844
IT,Vicenza,45.5467,11.5475
JM,Kingston,17.997,-76.7936
JM,New Kingston,18.0075,-76.7832
JM,Portmore,17.9503,-76.8821
JM,Spanish Town,17.9911,-76.9574
JO,‘Ajlūn,32.3333,35.7528
JO,Amman,31.9552,35.945
JO,Irbid,32.5556,35.85
JO,Russeifa,32.0178,36.0464
JO,Wādī as Sīr,31.9545,35.8183
JO,Zarqa,32.0727,36.088
JP,Abiko,35.8667,140.0167
JP,Ageoshimo,35.9714,139.6138
JP,Akashi,34.6552,135.0069
JP,Akita,39.7167,140.1167
JP,Amagasaki,34.7167,135.4167
JP,Anjō,34.9583,137.0805
JP,Aomori,40.8167,140.7333
JP,Asahikawa,43.7706,142.3649
JP,Asaka,35.8047,139.6019
JP,Ashikaga,36.3333,139.45
JP,Atsugi,35.4427,139.3693
JP,Beppu,33.2794,131.4975
JP,Chiba,35.6,140.1167
JP,Chigasaki,35.3364,139.4043
JP,Chikushino-shi,33.4963,130.5156
JP,Chōfu,35.6592,139.5484
JP,Daitōchō,34.7138,135.6203
JP,Ebetsu,43.1081,141.5506
JP,Fuji,35.1667,138.6833
JP,Fujieda,34.8667,138.2667
JP,Fujinomiya,35.2167,138.6167
JP,Fujisawa,35.3493,139.4767
JP,Fukayachō,36.2,139.2833
JP,Fukui-shi,36.0644,136.2226
JP,Fukuoka,33.6,130.4167
JP,Fukushima,37.75,140.4667
JP,Fukuyama,34.4833,133.3667
JP,Gifu-shi,35.4229,136.7604
JP,Hachinohe,40.5,141.5
JP,Hachiōji,35.6558,139.3239
JP,Hadano,35.3711,139.2236
JP,Hakodate,41.7758,140.7367
JP,Hamamatsu,34.7,137.7333
JP,Handa,34.8833,136.9333
JP,Higashimurayama,35.7546,139.4685
JP,Hikone,35.25,136.25
JP,Himeji,34.8167,134.7
JP,Hino,35.6731,139.4003
JP,Hirakata,34.8135,135.6491
JP,Hiratsuka,35.3278,139.3373
JP,Hirosaki,40.5931,140.4725
JP,Hiroshima,34.4,132.45
JP,Hitachi,36.6,140.65
JP,Hitachi-Naka,36.3966,140.5348
JP,Hōfu,34.05,131.5667
JP,Honchō,35.7013,139.9865
JP,Honmachi,32.5044,130.5995
JP,Ibaraki,34.8164,135.5683
JP,Ichihara,35.5167,140.0833
JP,Ichinomiya,35.3,136.8
JP,Iida,35.5196,137.8207
JP,Ikoma,34.6833,135.7
JP,Inazawa,35.25,136.7833
JP,Isehara,35.3993,139.3102
JP,Isesaki,36.3167,139.2
JP,Ishinomaki,38.4167,141.3
JP,Itami,34.7843,135.4013
JP,Iwaki,37.05,140.8833
JP,Iwakuni,34.163,132.22
JP,Iwatsuki,35.9647,139.6964
JP,Izumi,34.4833,135.4333
JP,Izumisano,34.4167,135.3167
JP,Jōetsu,37.1483,138.2364
JP,Kadoma,34.7381,135.5744
JP,Kagoshima,31.5667,130.55
JP,Kakamigahara,35.4167,136.8667
JP,Kakogawachō-honmachi,34.7694,134.829
JP,Kamakura,35.3089,139.5503
JP,Kamirenjaku,35.6942,139.5549
JP,Kanazawa,36.6,136.6167
JP,Kariya,34.9833,136.9833
JP,Kashihara-shi,34.509,135.7929
JP,Kashiwa,35.8622,139.9773
JP,Kasugai,35.2476,136.9723
JP,Kasukabe,35.9831,139.7497
JP,Katsuta,36.3833,140.5333
JP,Kawagoe,35.9086,139.4853
JP,Kawaguchi,35.8052,139.7107
JP,Kawanishi,34.8167,135.4167
JP,Kawasaki,35.5206,139.7172
JP,Kiryū,36.4,139.3333
JP,Kisarazu,35.3833,139.9325
JP,Kishiwada,34.4667,135.3667
JP,Kitakyushu,33.8518,130.8503
JP,Kitami,43.8031,143.8908
JP,Kobe,34.6913,135.183
JP,Kochi,33.55,133.5333
JP,Kōfu,35.6667,138.5667
JP,Kokubunji,35.7022,139.4756
JP,Komaki,35.2833,136.9167
JP,Komatsu,36.4026,136.4509
JP,Kōnan,35.3317,136.8704
JP,Kōriyama,37.4,140.3833
JP,Koshigaya,35.8903,139.7892
JP,Kumagaya,36.135,139.39
JP,Kumamoto,32.8059,130.6918
JP,Kurashiki,34.5833,133.7667
JP,Kure,34.2322,132.5666
JP,Kurume,33.3167,130.5167
JP,Kusatsu,35.0167,135.9667
JP,Kushiro,42.975,144.3747
JP,Kuwana,35.0519,136.6696
JP,Kyoto,35.0211,135.7538
JP,Machida,35.5403,139.4508
JP,Maebashi,36.4,139.0833
JP,Matsubara,34.5667,135.55
JP,Matsudo,35.7799,139.9014
JP,Matsue,35.4833,133.05
JP,Matsumoto,36.2333,137.9667
JP,Matsuyama,33.8392,132.7657
JP,Minamirinkan,35.4953,139.4428
JP,Minato,34.2152,135.1501
JP,Mino,34.8269,135.4706
JP,Mishima,35.1167,138.9167
JP,Mito,36.35,140.45
JP,Miyakonojō,31.7333,131.0667
JP,Miyazaki,31.9167,131.4167
JP,Moriguchi,34.7333,135.5667
JP,Morioka,39.7,141.15
JP,Musashino,35.7061,139.5594
JP,Nagano,36.65,138.1833
JP,Nagaoka,37.45,138.85
JP,Nagareyama,35.8563,139.9027
JP,Nagasaki,32.75,129.8833
JP,Nagoya,35.1815,136.9064
JP,Naha,26.2167,127.6833
JP,Nara-shi,34.685,135.8048
JP,Narita,35.7833,140.3167
JP,Neyagawa,34.7662,135.6276
JP,Niigata,37.8864,139.0059
JP,Niihama,33.9605,133.3052
JP,Nishi-Tokyo-shi,35.7253,139.5383
JP,Nishinomiya-hama,34.7156,135.332
JP,Nishio,34.8667,137.05
JP,Nobeoka,32.5833,131.6667
JP,Noda,35.949,139.8679
JP,Numazu,35.1,138.8667
JP,Obihiro,42.9172,143.2044
JP,Odawara,35.2556,139.1597
JP,Ōgaki,35.35,136.6167
JP,Ōita,33.2333,131.6
JP,Okayama,34.65,133.9333
JP,Okazaki,34.95,137.1667
JP,Okinawa,26.3358,127.8014
JP,Ōme,35.7839,139.2431
JP,Ōmuta,33.0333,130.45
JP,Osaka,34.6937,135.5022
JP,Ōta,36.3,139.3667
JP,Otaru,43.1894,141.0022
JP,Ōtsu,35,135.8667
JP,Oyama,36.3,139.8
JP,Saga,33.2333,130.3
JP,Saitama,35.9081,139.6566
JP,Sakai,34.5833,135.4667
JP,Sakata,38.9167,139.855
JP,Sakura,35.7167,140.2333
JP,Sandachō,34.8844,135.2269
JP,Sapporo,43.0667,141.35
JP,Sasebo,33.1683,129.725
JP,Sayama,35.8529,139.4121
JP,Sendai,38.2667,140.8667
JP,Seto,35.2333,137.1
JP,Shimonoseki,33.95,130.95
JP,Shimotoda,35.815,139.6853
JP,Shizuoka,34.9833,138.3833
JP,Sōka,35.8364,139.7996
JP,Suita,34.7614,135.5157
JP,Suzuka,34.8833,136.5833
JP,Tajimi,35.3167,137.1333
JP,Takamatsu,34.3333,134.05
JP,Takaoka,36.75,137.0167
JP,Takarazuka,34.7994,135.357
JP,Takasaki,36.3333,139.0167
JP,Takatsuki,34.8483,135.6168
JP,Tokorozawa,35.7992,139.469
JP,Tokushima,34.0667,134.5667
JP,Tokuyama,34.05,131.8167
JP,Tokyo,35.6895,139.6917
JP,Tomakomai,42.6369,141.6033
JP,Tondabayashichō,34.5007,135.6021
JP,Tottori,35.5,134.2333
JP,Toyama,36.7,137.2167
JP,Toyohashi,34.7667,137.3833
JP,Toyokawa,34.8167,137.4
JP,Toyonaka,34.7824,135.4693
JP,Toyota,35.0833,137.15
JP,Tsu,34.7333,136.5167
JP,Tsukuba,36.2,140.1
JP,Ube,33.9431,131.2511
JP,Ueda,36.4027,138.2816
JP,Uji,34.8904,135.8032
JP,Urayasu,35.6706,139.8886
JP,Utsunomiya,36.5667,139.8833
JP,Wakayama,34.2333,135.1667
JP,Yaizu,34.8688,138.3195
JP,Yamagata,38.2333,140.3667
JP,Yamaguchi,34.1833,131.4667
JP,Yao,34.6167,135.6
JP,Yokkaichi,34.9667,136.6167
JP,Yokohama,35.4333,139.65
JP,Yokosuka,35.2836,139.6672
JP,Yonago,35.4333,133.3333
JP,Yono,35.8833,139.6333
JP,Zama,35.4879,139.391
KE,Eldoret,0.5204,35.2699
KE,Kisumu,-0.1022,34.7617
KE,Malindi,-3.218,40.1169
KE,Mombasa,-4.0547,39.6636
KE,Nairobi,-1.2833,36.8167
KE,Nakuru,-0.3072,36.0722
KE,Thika,-1.0333,37.0693
KG,Bishkek,42.87,74.59
KG,Osh,40.5283,72.7985
KH,Battambang,13.1027,103.1982
KH,Phnom Penh,11.5625,104.916
KH,Siem Reap,13.3618,103.8606
KH,Sihanoukville,10.6093,103.5296
KH,Takeo,10.9908,104.785
KP,Chongjin,41.7956,129.7758
KP,Haeju,38.0406,125.7147
KP,Hamhŭng,39.9183,127.5364
KP,Hŭngnam,39.8317,127.6186
KP,Hyesan,41.4017,128.1778
KP,Kaesŏng,37.9708,126.5544
KP,Kanggye,40.9695,126.5852
KP,Manp’o,41.1547,126.2894
KP,Namp’o,38.7375,125.4078
KP,P’yŏngsŏng,39.2464,125.8719
KP,Pyongyang,39.0339,125.7543
KP,Sariwŏn,38.5072,125.7558
KP,Sinŭiju,40.1006,124.3981
KP,Songnim,38.7542,125.645
KP,Sunch’ŏn,39.4317,125.9328
KP,Wŏnsan,39.1528,127.4436
KR,Andong,36.5664,128.7227
KR,Ansan-si,37.3236,126.8219
KR,Anyang-si,37.3925,126.9269
KR,Bucheon-si,37.4989,126.7831
KR,Busan,35.1017,129.03
KR,Changwon,35.2281,128.6811
KR,Cheonan,36.8065,127.1522
KR,Cheongju-si,36.6372,127.4897
KR,Chinju,35.1928,128.0847
KR,Chuncheon,37.8747,127.7342
KR,Daegu,35.8703,128.5911
KR,Daejeon,36.3491,127.3849
KR,Gangneung,37.7527,128.8724
KR,Gimcheon,36.1218,128.1198
KR,Goyang-si,37.6564,126.835
KR,Gumi,36.1136,128.336
KR,Gunsan,35.9786,126.7114
KR,Guri-si,37.5986,127.1394
KR,Gwangju,35.1547,126.9156
KR,Gyeongju,35.8428,129.2117
KR,Gyeongsan-si,35.8233,128.7378
KR,Hanam,37.54,127.2056
KR,Hwado,37.6525,127.3075
KR,Hwaseong-si,37.2068,126.8169
KR,Icheon-si,37.2792,127.4425
KR,Iksan,35.9439,126.9544
KR,Incheon,37.4565,126.7052
KR,Jeju City,33.5097,126.5219
KR,Jeongeup,35.6,126.917
KR,Jeonju,35.8219,127.1489
KR,Kimhae,35.2342,128.8811
KR,Kwangmyŏng,37.4772,126.8664
KR,Masan,35.1272,126.8315
KR,Mokpo,34.8128,126.3918
KR,Osan,37.1522,127.0706
KR,Pohang,36.0292,129.3648
KR,Sejong,36.5924,127.2922
KR,Seogwipo,33.2533,126.5618
KR,Seongnam-si,37.4386,127.1378
KR,Seoul,37.566,126.9784
KR,Suncheon,34.9505,127.4878
KR,Suwon,37.2911,127.0089
KR,Tonghae,37.5439,129.1069
KR,Uijeongbu-si,37.7415,127.0474
KR,Ulsan,35.5372,129.3167
KR,Wŏnju,37.3514,127.9453
KR,Yangju,37.8331,127.0617
KR,Yeosu,34.7606,127.6621
KW,Al Aḩmadī,29.0769,48.0839
KW,As Sālimīyah,29.3339,48.0761
KW,Ḩawallī,29.3328,48.0286
KW,Şabāḩ as Sālim,29.2572,48.0572
KZ,Aktau,43.65,51.1667
KZ,Aktobe,50.2797,57.2072
KZ,Almaty,43.2567,76.9286
KZ,Atyrau,47.1167,51.8833
KZ,Ekibastuz,51.7237,75.3229
KZ,Karagandy,49.8019,73.1021
KZ,Kokshetau,53.2833,69.4
KZ,Kostanay,53.2144,63.6246
KZ,Kyzylorda,44.8528,65.5092
KZ,Nur-Sultan,51.1801,71.446
KZ,Oral,51.2333,51.3667
KZ,Pavlodar,52.2833,76.9667
KZ,Petropavl,54.8667,69.15
KZ,Rudnyy,52.9729,63.1168
KZ,Semey,50.4267,80.2667
KZ,Shymkent,42.3,69.6
KZ,Taldykorgan,45.0156,78.3739
KZ,Taraz,42.9,71.3667
KZ,Temirtau,50.0549,72.9646
KZ,Ust-Kamenogorsk,49.9714,82.6059
KZ,Zhanaozen,43.3412,52.8619
KZ,Zhezqazghan,47.7833,67.7667
LA,Vientiane,17.9667,102.6
LB,Beirut,33.8933,35.5016
LB,Nabatîyé et Tahta,33.3789,35.4839
LB,Ra’s Bayrūt,33.9,35.4833
LB,Sidon,33.5575,35.3715
LB,Tripoli,34.4335,35.8441
LB,Tyre,33.2733,35.1939
LK,Colombo,6.9355,79.8487
LK,Dehiwala-Mount Lavinia,6.8402,79.8712
LK,Jaffna,9.6684,80.0074
LK,Kalmunai,7.409,81.8347
LK,Kandy,7.2906,80.6336
LK,Moratuwa,6.773,79.8816
LK,Negombo,7.2083,79.8358
LK,Pita Kotte,6.8905,79.9015
LK,Sri Jayewardenepura Kotte,6.883,79.9071
LK,Trincomalee,8.5778,81.2289
LR,Monrovia,6.3005,-10.7969
LS,Maseru,-29.3167,27.4833
LT,Kaunas,54.9027,23.9096
LT,Klaipėda,55.7068,21.1391
LT,Panevėžys,55.7333,24.35
LT,Šiauliai,55.9333,23.3167
LT,Vilnius,54.6892,25.2798
LV,Daugavpils,55.8833,26.5333
LV,Riga,56.946,24.1059
LY,Ajdabiya,30.7554,20.2263
LY,Al Ajaylat,32.7572,12.3763
LY,Al Jadīd,27.05,14.4
LY,Al Khums,32.6486,14.2619
LY,Az Zāwīyah,32.7571,12.7276
LY,Benghazi,32.1149,20.0686
LY,Mişrātah,32.3753,15.0925
LY,Sabhā,27.0377,14.4283
LY,Sirte,31.2089,16.5887
LY,Şabrātah,32.7933,12.4885
LY,Tagiura,32.8817,13.3506
LY,Tarhuna,32.435,13.6332
LY,Tobruk,32.0896,23.9538
LY,Tripoli,32.8874,13.1873
LY,Zawiya,32.7522,12.7278
LY,Zliten,32.4674,14.5687
MA,Agadir,30.4202,-9.5982
MA,Al Hoceïma,35.2516,-3.9372
MA,Beni Mellal,32.3372,-6.3498
MA,Casablanca,33.5883,-7.6114
MA,El Jadid,33.2568,-8.5088
MA,Fès,34.0331,-5.0003
MA,Fès al Bali,34.0701,-4.9547
MA,Kenitra,34.261,-6.5802
MA,Khemisset,33.824,-6.0663
MA,Khouribga,32.8811,-6.9063
MA,Ksar El Kebir,35.0004,-5.9038
MA,Larache,35.1932,-6.1557
MA,Marrakesh,31.6342,-7.9999
MA,Meknès,33.8935,-5.5473
MA,Mohammedia,33.6861,-7.383
MA,Nador,35.1681,-2.9335
MA,Oujda-Angad,34.6814,-1.9086
MA,Rabat,34.0132,-6.8326
MA,Safi,32.2994,-9.2372
MA,Sale,34.0531,-6.7985
MA,Salé Al Jadida,33.9972,-6.7405
MA,Settat,33.001,-7.6166
MA,Tangier,35.7673,-5.7998
MA,Taza,34.21,-4.01
MA,Temara,33.9287,-6.9066
MA,Tétouan,35.5784,-5.3684
MD,Bălţi,47.7631,27.9293
MD,Bender,46.8316,29.4777
MD,Chisinau,47.0056,28.8575
MD,Tiraspol,46.8427,29.6291
ME,Podgorica,42.4411,19.2636
MG,Antananarivo,-18.9137,47.5361
MG,Antsirabe,-19.8659,47.0333
MG,Fianarantsoa,-21.4527,47.0857
MG,Mahajanga,-15.7167,46.3167
MG,Toamasina,-18.1492,49.4023
MG,Toliara,-23.35,43.6667
MK,Skopje,41.9965,21.4314
ML,Bamako,12.65,-8
ML,Mopti,14.4843,-4.183
ML,Sikasso,11.3176,-5.6665
MM,Bago,17.3352,96.4814
MM,Dawei,14.0823,98.1915
MM,Hinthada,17.6494,95.457
MM,Kyain Seikgyi Township,15.8229,98.2526
MM,Lashio,22.9359,97.7498
MM,Mandalay,21.9747,96.0836
MM,Mawlamyine,16.4905,97.6282
MM,Meiktila,20.8778,95.8584
MM,Monywa,22.1086,95.1358
MM,Myeik,12.4395,98.6003
MM,Myingyan,21.46,95.3884
MM,Nay Pyi Taw,19.745,96.1297
MM,Pakokku,21.3349,95.0844
MM,Pathein,16.7792,94.7321
MM,Pyay,18.8246,95.2222
MM,Pyin Oo Lwin,22.035,96.4568
MM,Sittwe,20.1462,92.8983
MM,Taunggyi,20.7892,97.0378
MM,Taungoo,18.9429,96.4341
MM,Thaton,16.9187,97.37
MM,Yangon,16.8053,96.1561
MM,Yenangyaung,20.465,94.8712
MN,Ulan Bator,47.9077,106.8832
MO,Macau,22.2006,113.5461
MR,Nouakchott,18.0858,-15.9785
MU,Beau Bassin-Rose Hill,-20.2333,57.4661
MU,Port Louis,-20.1619,57.4989
MU,Vacoas,-20.2981,57.4783
MV,Male,4.1752,73.5092
MW,Blantyre,-15.785,35.0085
MW,Lilongwe,-13.9669,33.7873
MW,Mzuzu,-11.4656,34.0207
MX,Acapulco de Juárez,16.8494,-99.9089
MX,Aguascalientes,21.8823,-102.2826
MX,Álvaro Obregón,19.3587,-99.2033
MX,Azcapotzalco,19.487,-99.1859
MX,Benito Juárez,19.3727,-99.1564
MX,Buenavista,19.6083,-99.1694
MX,Campeche,19.8439,-90.5255
MX,Cancún,21.1743,-86.8466
MX,Celaya,20.5235,-100.8157
MX,Chalco,19.2617,-98.8978
MX,Chetumal,18.5141,-88.3038
MX,Chicoloapan,19.4169,-98.902
MX,Chihuahua,28.6353,-106.0889
MX,Chilpancingo,17.5506,-99.5058
MX,Ciudad Acuña,29.3232,-100.9522
MX,Ciudad Apodaca,25.7819,-100.1884
MX,Ciudad Benito Juárez,25.6472,-100.0958
MX,Ciudad de Villa de Álvarez,19.2672,-103.7378
MX,Ciudad del Carmen,18.6459,-91.8299
MX,Ciudad Delicias,28.1901,-105.4701
MX,Ciudad General Escobedo,25.797,-100.3179
MX,Ciudad López Mateos,19.5579,-99.2567
MX,Ciudad Madero,22.2723,-97.8362
MX,Ciudad Nezahualcoyotl,19.4006,-99.0148
MX,Ciudad Obregón,27.4864,-109.9408
MX,Ciudad Valles,21.9963,-99.0109
MX,Ciudad Victoria,23.7417,-99.146
MX,Coacalco,19.6292,-99.1069
MX,Coatzacoalcos,18.149,-94.4447
MX,Colima,19.25,-103.7271
MX,Colonia del Valle,19.3861,-99.162
MX,Colonia Lindavista,19.4916,-99.1248
MX,Córdoba,18.8842,-96.9256
MX,Coyoacán,19.3467,-99.1617
MX,Cuauhtémoc,19.4451,-99.1461
MX,Cuautitlán,19.6705,-99.1799
MX,Cuautitlán Izcalli,19.6439,-99.216
MX,Cuautla,18.8106,-98.9352
MX,Cuernavaca,18.9261,-99.2308
MX,Culiacán,24.7903,-107.3878
MX,Delegación Cuajimalpa de Morelos,19.3692,-99.2909
MX,Ecatepec de Morelos,19.6049,-99.0606
MX,Ensenada,31.8715,-116.6007
MX,Fresnillo,23.1813,-102.8714
MX,Gómez Palacio,25.5698,-103.4959
MX,Guadalajara,20.6668,-103.3918
MX,Guadalupe,25.6768,-100.2565
MX,Gustavo Adolfo Madero,19.4939,-99.1107
MX,Hermosillo,29.1026,-110.9773
MX,Heroica Guaymas,27.9193,-110.8975
MX,Heroica Matamoros,25.8797,-97.5042
MX,Huixquilucan,19.3599,-99.3502
MX,Iguala de la Independencia,18.3454,-99.5413
MX,Irapuato,20.6767,-101.3563
MX,Ixtapaluca,19.3156,-98.8828
MX,Iztacalco,19.3953,-99.0978
MX,Iztapalapa,19.3553,-99.0622
MX,Jiutepec,18.8814,-99.1778
MX,Juárez,31.7202,-106.4608
MX,La Paz,24.1444,-110.3005
MX,León de los Aldama,21.1291,-101.6737
MX,Los Mochis,25.793,-108.9981
MX,Magdalena Contreras,19.3321,-99.2112
MX,Manzanillo,19.1169,-104.3421
MX,Mazatlán,23.2329,-106.4062
MX,Mérida,20.9754,-89.617
MX,Mexicali,32.6278,-115.4545
MX,Mexico City,19.4285,-99.1277
MX,Miguel Hidalgo,19.4341,-99.2002
MX,Minatitlán,18.0001,-94.5569
MX,Miramar,22.3609,-97.9
MX,Monclova,26.9069,-101.4206
MX,Monterrey,25.6751,-100.3185
MX,Morelia,19.7008,-101.1844
MX,Naucalpan de Juárez,19.4785,-99.2396
MX,Navojoa,27.0703,-109.4437
MX,Nicolás Romero,19.6418,-99.3068
MX,Nogales,31.3086,-110.9422
MX,Nuevo Laredo,27.4763,-99.5164
MX,Oaxaca,17.0654,-96.7237
MX,Ojo de Agua,19.6803,-99.01
MX,Orizaba,18.8519,-97.0996
MX,Pachuca de Soto,20.117,-98.7333
MX,Parral,26.9302,-105.6664
MX,Piedras Negras,28.7001,-100.5235
MX,Playa del Carmen,20.6274,-87.0799
MX,Poza Rica de Hidalgo,20.5331,-97.4595
MX,Puebla,19.0379,-98.2035
MX,Puerto Vallarta,20.617,-105.2302
MX,Reynosa,26.0806,-98.2883
MX,Salamanca,20.572,-101.1915
MX,Saltillo,25.4232,-101.0053
MX,San Cristóbal de las Casas,16.7318,-92.6413
MX,San Juan del Río,20.3889,-99.9958
MX,San Luis Potosí,22.1498,-100.9792
MX,San Luis Río Colorado,32.4561,-114.7719
MX,San Nicolás de los Garza,25.7417,-100.3022
MX,San Pablo de las Salinas,19.6666,-99.0948
MX,San Pedro Garza García,25.6604,-100.4065
MX,Santa Catarina,25.6732,-100.4581
MX,Santa María Chimalhuacán,19.4215,-98.9504
MX,Santiago de Querétaro,20.5881,-100.3881
MX,Soledad de Graciano Sánchez,22.1891,-100.9379
MX,Tampico,22.2852,-97.8778
MX,Tapachula,14.9039,-92.2575
MX,Tehuacán,18.4642,-97.3974
MX,Tepexpan,19.6139,-98.9364
MX,Tepic,21.5095,-104.8957
MX,Texcoco de Mora,19.5119,-98.8829
MX,Tijuana,32.5027,-117.0037
MX,Tláhuac,19.2869,-99.0051
MX,Tlalnepantla,19.5401,-99.1954
MX,Tlalpan,19.2951,-99.1621
MX,Tlaquepaque,20.6409,-103.2933
MX,Toluca,19.2879,-99.6532
MX,Tonalá,20.6244,-103.2342
MX,Torreón,25.5439,-103.419
MX,Tulancingo,20.0835,-98.3629
MX,Tuxtepec,18.0883,-96.1253
MX,Tuxtla,16.7597,-93.1131
MX,Uruapan,19.4112,-102.0564
MX,Venustiano Carranza,19.4436,-99.105
MX,Veracruz,19.1809,-96.1429
MX,Victoria de Durango,24.0203,-104.6576
MX,Villahermosa,17.9869,-92.9303
MX,Xalapa de Enríquez,19.5312,-96.9159
MX,Xico,19.2703,-98.9509
MX,Xochimilco,19.2547,-99.1036
MX,Zacatecas,22.7684,-102.5814
MX,Zamora,19.9855,-102.2839
MX,Zapopan,20.7236,-103.3848
MY,Alor Setar,6.121,100.3601
MY,Ampang,3.15,101.7667
MY,Batu Pahat,1.8548,102.9325
MY,Bintulu,3.1667,113.0333
MY,Bukit Mertajam,5.363,100.4667
MY,Butterworth,5.3991,100.3638
MY,George Town,5.4112,100.3354
MY,Ipoh,4.5841,101.0829
MY,Johor Bahru,1.4655,103.7578
MY,Kampung Baru Subang,3.15,101.5333
MY,Kampung Pasir Gudang Baru,1.4726,103.878
MY,Kampung Sungai Ara,5.327,100.2735
MY,Klang,3.0367,101.4433
MY,Kluang,2.0305,103.3169
MY,Kota Bharu,6.1236,102.2433
MY,Kota Kinabalu,5.9749,116.0724
MY,Kuala Lumpur,3.1412,101.6865
MY,Kuala Terengganu,5.3302,103.1408
MY,Kuantan,3.8077,103.326
MY,Kuching,1.55,110.3333
MY,Kulim,5.365,100.5618
MY,Lahad Datu,5.023,118.329
MY,Malacca,2.196,102.2405
MY,Miri,4.3993,113.9916
MY,Muar,2.0442,102.5689
MY,Petaling Jaya,3.1073,101.6067
MY,Rawang,3.3213,101.5767
MY,Sandakan,5.8402,118.1179
MY,Sepang,2.6931,101.7498
MY,Seremban,2.7297,101.9381
MY,Shah Alam,3.0851,101.5328
MY,Sibu,2.3,111.8167
MY,Skudai,1.5374,103.6578
MY,Subang Jaya,3.0438,101.5806
MY,Sungai Petani,5.647,100.4877
MY,Taiping,4.85,100.7333
MY,Tasek Glugor,5.4803,100.4985
MY,Tawau,4.2448,117.8911
MZ,Beira,-19.8436,34.8389
MZ,Chimoio,-19.1164,33.4833
MZ,Lichinga,-13.3128,35.2406
MZ,Mandimba,-14.3525,35.6506
MZ,Maputo,-25.9655,32.5832
MZ,Matola,-25.9622,32.4589
MZ,Maxixe,-23.8597,35.3472
MZ,Nacala,-14.5626,40.6854
MZ,Nampula,-15.1165,39.2666
MZ,Pemba,-12.974,40.5177
MZ,Quelimane,-17.8786,36.8883
MZ,Ressano Garcia,-25.4428,31.9953
MZ,Tete,-16.1564,33.5867
MZ,Xai-Xai,-25.0519,33.6442
NA,Windhoek,-22.5594,17.0832
NE,Agadez,16.9733,7.9911
NE,Maradi,13.5,7.1017
NE,Niamey,13.5137,2.1098
NE,Zinder,13.8072,8.9881
NG,Aba,5.1066,7.3667
NG,Abakaliki,6.3248,8.1137
NG,Abeokuta,7.1557,3.3451
NG,Abuja,9.0579,7.4951
NG,Ado-Ekiti,7.6233,5.2209
NG,Akure,7.2526,5.1931
NG,Amaigbo,5.7892,7.8383
NG,Atani,6.0128,6.7477
NG,Awka,6.2127,7.072
NG,Azare,11.6748,10.1907
NG,Bama,11.5213,13.6895
NG,Bauchi,10.3103,9.8439
NG,Benin City,6.3381,5.6258
NG,Bida,9.0804,6.0099
NG,Birnin Kebbi,12.4539,4.1975
NG,Buguma,4.7361,6.8624
NG,Calabar,4.9589,8.327
NG,Chakwama,11.5596,9.6641
NG,Ebute Ikorodu,6.6009,3.4882
NG,Efon-Alaaye,7.6565,4.9223
NG,Ejigbo,7.9029,4.3142
NG,Enugu,6.4413,7.4988
NG,Esuk Oron,4.8029,8.2534
NG,Funtua,11.5235,7.3117
NG,Gashua,12.874,11.0406
NG,Gbongan,7.4773,4.3535
NG,Gombe,10.2897,11.1673
NG,Gusau,12.1702,6.6641
NG,Hadejia,12.4535,10.0412
NG,Ibadan,7.3776,3.9059
NG,Igboho,8.8378,3.7563
NG,Ijebu-Igbo,6.972,3.9994
NG,Ijebu-Ode,6.8194,3.9173
NG,Ijero-Ekiti,7.8151,5.0672
NG,Ikeja,6.5965,3.342
NG,Ikere-Ekiti,7.4975,5.2304
NG,Ikire,7.3698,4.1863
NG,Ikirun,7.9128,4.6674
NG,Ikot Ekpene,5.1819,7.7148
NG,Ila Orangun,8.0171,4.9042
NG,Ilesa,7.6279,4.7416
NG,Ilobu,7.8404,4.4856
NG,Ilorin,8.4966,4.5421
NG,Inisa,7.8486,4.3298
NG,Ise-Ekiti,7.4648,5.4233
NG,Iwo,7.6353,4.1816
NG,Jalingo,8.8937,11.3596
NG,Jimeta,9.2795,12.4582
NG,Jos,9.9285,8.8921
NG,Kaduna,10.5264,7.4388
NG,Kano,12.0001,8.5167
NG,Katsina,12.9908,7.6018
NG,Kisi,9.083,3.852
NG,Lafia,8.4939,8.5153
NG,Lafiagi,8.853,5.4164
NG,Lagos,6.4541,3.3947
NG,Lekki,6.4095,4.0915
NG,Maiduguri,11.8469,13.1571
NG,Makurdi,7.7337,8.5214
NG,Minna,9.6152,6.5478
NG,Modakeke,7.383,4.2603
NG,Mubi,10.2686,13.267
NG,Nguru,12.877,10.4554
NG,Nkpor,6.1504,6.8304
NG,Nnewi,6.0196,6.9173
NG,Nsukka,6.8578,7.3958
NG,Offa,8.1491,4.7207
NG,Okene,7.5512,6.2359
NG,Okigwe,5.8292,7.3506
NG,Okrika,4.7421,7.0837
NG,Ondo,7.0932,4.8353
NG,Onitsha,6.1498,6.7857
NG,Osogbo,7.771,4.557
NG,Owerri,5.4836,7.0332
NG,Owo,7.1962,5.5868
NG,Oyo,7.8526,3.9312
NG,Pindiga,9.9843,10.9523
NG,Port Harcourt,4.7774,7.0134
NG,Saki,8.6676,3.3939
NG,Sapele,5.8941,5.6767
NG,Shagamu,6.8485,3.6463
NG,Sokoto,13.0627,5.2432
NG,Suleja,9.1806,7.1794
NG,Ugep,5.8087,8.081
NG,Umuahia,5.5249,7.4946
NG,Uromi,6.7,6.3333
NG,Uyo,5.0513,7.9335
NG,Warri,5.5174,5.7501
NG,Zaria,11.1113,7.7227
NI,Chinandega,12.6294,-87.1311
NI,León,12.4379,-86.878
NI,Managua,12.1328,-86.2504
NI,Masaya,11.9744,-86.0942
NI,Matagalpa,12.9256,-85.9175
NL,'s-Hertogenbosch,51.6992,5.3042
NL,Almere Stad,52.3702,5.2141
NL,Amersfoort,52.155,5.3875
NL,Amsterdam,52.374,4.8897
NL,Apeldoorn,52.21,5.9694
NL,Arnhem,51.98,5.9111
NL,Breda,51.5866,4.776
NL,Dordrecht,51.81,4.6736
NL,Eindhoven,51.4408,5.4778
NL,Enschede,52.2183,6.8958
NL,Groningen,53.2192,6.5667
NL,Haarlem,52.3808,4.6368
NL,Hoofddorp,52.3025,4.6889
NL,Leiden,52.1583,4.4931
NL,Maastricht,50.8483,5.6889
NL,Nijmegen,51.8425,5.8528
NL,Rotterdam,51.9225,4.4792
NL,The Hague,52.0767,4.2986
NL,Tilburg,51.5555,5.0913
NL,Utrecht,52.0908,5.1222
NL,Zaanstad,52.4531,4.8136
NL,Zoetermeer,52.0575,4.4931
NL,Zwolle,52.5125,6.0944
NO,Bergen,60.393,5.3242
NO,Oslo,59.9127,10.7461
NO,Stavanger,58.9701,5.7333
NO,Trondheim,63.4305,10.3951
NP,Bharatpur,27.6768,84.4359
NP,Biratnagar,26.455,87.2701
NP,Birgañj,27.0171,84.8808
NP,Dharān,26.8144,87.2797
NP,Kathmandu,27.7017,85.3206
NP,Pātan,27.6766,85.3142
NP,Pokhara,28.2669,83.9685
NZ,Auckland,-36.8485,174.7635
NZ,Christchurch,-43.5333,172.6333
NZ,Dunedin,-45.8742,170.5036
NZ,Hamilton,-37.7833,175.2833
NZ,Lower Hutt,-41.2167,174.9167
NZ,Manukau City,-36.9928,174.8799
NZ,North Shore,-36.8,174.75
NZ,Tauranga,-37.6861,176.1667
NZ,Wellington,-41.2866,174.7756
OM,‘Ibrī,23.2257,56.5157
OM,As Suwayq,23.8494,57.4386
OM,Bawshar,23.5777,58.3998
OM,Muscat,23.5841,58.4078
OM,Seeb,23.6703,58.1891
OM,Sohar,24.3474,56.7094
OM,Şalālah,17.015,54.0924
PA,Juan Díaz,9.05,-79.45
PA,Panamá,8.9936,-79.5197
PA,San Miguelito,9.0503,-79.4707
PE,Arequipa,-16.3989,-71.535
PE,Ayacucho,-13.1588,-74.2232
PE,Cajamarca,-7.1638,-78.5003
PE,Callao,-12.0566,-77.1181
PE,Chiclayo,-6.7714,-79.8409
PE,Chimbote,-9.0853,-78.5783
PE,Chincha Alta,-13.4099,-76.1324
PE,Cusco,-13.5226,-71.9673
PE,Huancayo,-12.0651,-75.2049
PE,Huánuco,-9.9306,-76.2422
PE,Ica,-14.0678,-75.7286
PE,Iquitos,-3.7491,-73.2538
PE,Juliaca,-15.5,-70.1333
PE,Lima,-12.0432,-77.0282
PE,Piura,-5.1945,-80.6328
PE,Pucallpa,-8.3791,-74.5539
PE,Puno,-15.8422,-70.0199
PE,Santiago de Surco,-12.1359,-77.0074
PE,Sullana,-4.9039,-80.6853
PE,Tacna,-18.0146,-70.2536
PE,Trujillo,-8.116,-79.03
PE,Tumbes,-3.5669,-80.4515
PG,Port Moresby,-9.4772,147.1509
PH,Angeles City,15.15,120.5833
PH,Antipolo,14.6258,121.1225
PH,Bacolod City,10.6667,122.95
PH,Bacoor,14.459,120.9385
PH,Bago City,10.5333,122.8333
PH,Baguio,16.4164,120.5931
PH,Baliuag,14.9547,120.8969
PH,Batangas,13.7567,121.0584
PH,Biñan,14.3427,121.0807
PH,Binangonan,14.4646,121.1929
PH,Budta,7.2042,124.4397
PH,Bulaon,15.0826,120.6629
PH,Butuan,8.9492,125.5436
PH,Cabanatuan City,15.4859,120.9665
PH,Cabuyao,14.2726,121.1262
PH,Cadiz,10.9465,123.288
PH,Cagayan de Oro,8.4822,124.6472
PH,Cainta,14.5786,121.1222
PH,Calamba,14.2117,121.1653
PH,Caloocan City,14.6495,120.9679
PH,Cavite City,14.4837,120.8988
PH,Cebu City,10.3167,123.8907
PH,Cotabato,7.2236,124.2464
PH,Dagupan,16.0431,120.3333
PH,Dasmariñas,14.3294,120.9367
PH,Davao,7.0731,125.6128
PH,Digos,6.7497,125.3572
PH,Dumaguete,9.3072,123.3026
PH,General Santos,6.1128,125.1717
PH,Guyong,14.8361,120.9784
PH,Hagonoy,14.8341,120.7327
PH,Iligan City,8.25,124.4
PH,Iloilo,10.6969,122.5644
PH,Imus,14.4297,120.9367
PH,Jolo,6.0522,121.0022
PH,Kabankalan,9.9839,122.8142
PH,Koronadal,6.5031,124.8469
PH,Laoag,18.1978,120.5957
PH,Lapu-Lapu City,10.3103,123.9494
PH,Las Piñas,14.4506,120.9828
PH,Legaspi,13.1412,123.7407
PH,Libertad,8.9442,125.5019
PH,Lipa City,13.9411,121.1631
PH,Lucena,13.9314,121.6172
PH,Mabalacat City,15.223,120.5712
PH,Magugpo Poblacion,7.4475,125.8046
PH,Makati City,14.5503,121.0327
PH,Malingao,7.1608,124.475
PH,Malolos,14.8443,120.8104
PH,Mandaluyong City,14.5832,121.0409
PH,Mandaue City,10.3236,123.9222
PH,Manila,14.6042,120.9822
PH,Mansilingan,10.6311,122.9789
PH,Mantampay,8.1667,124.2167
PH,Marawi City,8.0034,124.284
PH,Mati,6.9551,126.2165
PH,Meycauayan,14.7369,120.9608
PH,Muricay,7.8275,123.4782
PH,Naga,13.6192,123.1814
PH,Navotas,14.6667,120.95
PH,Olongapo,14.8292,120.2828
PH,Ormoc,11.0064,124.6075
PH,Pagadian,7.8257,123.437
PH,Panalanoy,11.2511,125.0064
PH,Pasay,14.5375,121.0014
PH,Pasig City,14.5869,121.0614
PH,Puerto Princesa,9.7392,118.7353
PH,Pulong Santa Cruz,14.2732,121.0764
PH,Quezon City,14.6488,121.0509
PH,Rodriguez,14.7601,121.1999
PH,Roxas City,11.5853,122.7511
PH,San Fernando,15.0343,120.6844
PH,San Jose,12.3528,121.0676
PH,San Jose del Monte,14.8139,121.0453
PH,San Juan,14.6,121.0333
PH,San Mateo,14.6982,121.1236
PH,San Pablo,14.0683,121.3256
PH,San Pedro,14.3595,121.0473
PH,Santa Cruz,14.2814,121.4161
PH,Santa Rosa,14.3122,121.1114
PH,Santiago,16.6881,121.5487
PH,Santol,15.1622,120.5675
PH,Silang,14.2157,120.9714
PH,Tacloban,11.2433,125.0047
PH,Taguig,14.5243,121.0792
PH,Talisay,10.2447,123.8494
PH,Tanza,14.6753,120.9389
PH,Tarlac City,15.4802,120.5979
PH,Taytay,14.5588,121.1329
PH,Toledo,10.3773,123.6386
PH,Tuguegarao,17.6158,121.7228
PH,Urdaneta,15.9761,120.5711
PH,Zamboanga,6.9103,122.0739
PK,Abbottabad,34.1463,73.2117
PK,Ahmadpur East,29.1427,71.2577
PK,Bahawalnagar,30.5508,73.3908
PK,Bahawalpur,29.3978,71.6752
PK,Battagram,34.6772,73.0233
PK,Bhimbar,32.9746,74.0785
PK,Būrewāla,30.1667,72.65
PK,Chakwal,32.9329,72.8539
PK,Chiniot,31.7209,72.9784
PK,Chishtian,29.7971,72.8577
PK,Dadu,26.7303,67.7769
PK,Daska Kalan,32.3242,74.3504
PK,Dera Ghazi Khan,30.0459,70.6403
PK,Dera Ismail Khan,31.8313,70.9017
PK,Faisalabad,31.4155,73.0897
PK,Gojra,31.1493,72.6832
PK,Gujranwala,32.1557,74.187
PK,Gujrat,32.5742,74.0754
PK,Hafizabad,32.071,73.688
PK,Hyderabad,25.3924,68.3737
PK,Islamabad,33.7215,73.0433
PK,Jacobabad,28.2819,68.4376
PK,Jaranwala,31.3332,73.4187
PK,Jhang Sadr,31.2698,72.3169
PK,Jhelum,32.9345,73.731
PK,Kamalia,30.7271,72.6461
PK,Kamoke,31.9753,74.223
PK,Karachi,24.8608,67.0104
PK,Kasur,31.1187,74.4502
PK,Khairpur Mir’s,27.5295,68.7592
PK,Khanpur,28.6474,70.6569
PK,Khushāb,32.2967,72.3525
PK,Khuzdar,27.8119,66.611
PK,Kohat,33.582,71.4493
PK,Kot Addu,30.4691,70.967
PK,Kotli,33.5184,73.9022
PK,Lahore,31.558,74.3507
PK,Larkana,27.559,68.212
PK,Malir Cantonment,24.9434,67.2059
PK,Mandi Bahauddin,32.587,73.4912
PK,Mardan,34.1979,72.0496
PK,Mingora,34.7795,72.3627
PK,Mirpur Khas,25.5276,69.0126
PK,Multan,30.1968,71.4782
PK,Muridke,31.8026,74.2577
PK,Muzaffarābād,34.37,73.4708
PK,Muzaffargarh,30.0726,71.1938
PK,Nawabshah,26.2394,68.4037
PK,New Mirpur,33.1478,73.7519
PK,Okara,30.8103,73.4515
PK,Pakpattan,30.3431,73.3894
PK,Peshawar,34.008,71.5785
PK,Quetta,30.1841,67.0014
PK,Rahim Yar Khan,28.4199,70.3034
PK,Rawalpindi,33.5973,73.0479
PK,Saddiqabad,28.3091,70.1265
PK,Sahiwal,30.6659,73.1019
PK,Sargodha,32.0859,72.6742
PK,Shahkot,31.5709,73.4853
PK,Shekhupura,31.7129,73.9856
PK,Shikarpur,27.9556,68.6382
PK,Sialkot,32.4927,74.5313
PK,Sukkur,27.7032,68.8589
PK,Tando Adam,25.7682,68.662
PK,Tando Allahyar,25.4605,68.7174
PK,Tordher,33.9905,72.2863
PK,Vihari,30.0445,72.3556
PK,Wazirabad,32.4432,74.12
PL,Bemowo,52.2546,20.9084
PL,Białystok,53.1333,23.1643
PL,Bielany,52.2924,20.9353
PL,Bielsko-Biala,49.8225,19.0469
PL,Bydgoszcz,53.1235,18.0076
PL,Bytom,50.348,18.9328
PL,Chorzów,50.3058,18.9742
PL,Częstochowa,50.7965,19.1241
PL,Dąbrowa Górnicza,50.3339,19.2048
PL,Elbląg,54.1522,19.4088
PL,Gdansk,54.3523,18.6491
PL,Gdynia,54.5189,18.5319
PL,Gliwice,50.2976,18.6766
PL,Gorzów Wielkopolski,52.7368,15.2288
PL,Kalisz,51.7611,18.091
PL,Katowice,50.2584,19.0275
PL,Kielce,50.8703,20.6275
PL,Koszalin,54.1944,16.1722
PL,Krakow,50.0614,19.9366
PL,Legnica,51.2101,16.1619
PL,Lodz,51.7706,19.4739
PL,Lublin,51.25,22.5667
PL,Mokotów,52.1934,21.0349
PL,Olsztyn,53.7799,20.4942
PL,Opole,50.6721,17.9253
PL,Płock,52.5468,19.7064
PL,Poznan,52.4069,16.9299
PL,Praga Południe,52.2442,21.0855
PL,Radom,51.4025,21.1471
PL,Ruda Śląska,50.2584,18.8563
PL,Rybnik,50.0971,18.5418
PL,Rzeszów,50.0413,21.999
PL,Sosnowiec,50.2868,19.1039
PL,Śródmieście,52.229,21.0164
PL,Szczecin,53.4289,14.553
PL,Targówek,52.2918,21.0484
PL,Tarnów,50.0138,20.987
PL,Toruń,53.0138,18.5981
PL,Tychy,50.1372,18.9664
PL,Ursynów,52.1505,21.0504
PL,Wałbrzych,50.7714,16.2843
PL,Warsaw,52.2298,21.0118
PL,Włocławek,52.6482,19.0678
PL,Wola,52.2401,20.9887
PL,Wroclaw,51.1,17.0333
PL,Zabrze,50.3249,18.7858
PL,Zielona Góra,51.9355,15.5064
PR,Bayamón,18.3986,-66.1557
PR,Carolina,18.3808,-65.9574
PR,Ponce,18.0103,-66.624
PR,San Juan,18.4663,-66.1057
PS,East Jerusalem,31.7834,35.2339
PS,Gaza,31.5016,34.4667
PS,Hebron,31.5294,35.0938
PS,Jabālyā,31.5272,34.4835
PS,Khān Yūnis,31.3402,34.3063
PS,Nablus,32.2211,35.2544
PS,Rafaḩ,31.2972,34.2436
PT,Amadora,38.7538,-9.2308
PT,Braga,41.5503,-8.42
PT,Coimbra,40.2056,-8.4195
PT,Funchal,32.6657,-16.9255
PT,Lisbon,38.7167,-9.1333
PT,Porto,41.1496,-8.611
PT,Queluz,38.7566,-9.2545
PT,Setúbal,38.5244,-8.8882
PY,Asunción,-25.2865,-57.647
PY,Capiatá,-25.3552,-57.4455
PY,Ciudad del Este,-25.5097,-54.6111
PY,Fernando de la Mora,-25.3386,-57.5217
PY,Lambaré,-25.3468,-57.6065
PY,San Lorenzo,-25.3397,-57.5088
QA,Ar Rayyān,25.2919,51.4244
QA,Doha,25.2855,51.531
RE,Saint-Denis,-20.8823,55.4504
RO,Arad,46.1833,21.3167
RO,Bacău,46.5672,26.9138
RO,Baia Mare,47.6573,23.5681
RO,Botoşani,47.75,26.6667
RO,Brăila,45.2715,27.9743
RO,Braşov,45.6486,25.6061
RO,Bucharest,44.4323,26.1063
RO,Buzău,45.15,26.8333
RO,Cluj-Napoca,46.7667,23.6
RO,Constanţa,44.1807,28.6343
RO,Craiova,44.3167,23.8
RO,Drobeta-Turnu Severin,44.6269,22.6529
RO,Galaţi,45.4369,28.0503
RO,Iaşi,47.1667,27.6
RO,Oradea,47.0458,21.9183
RO,Piatra Neamţ,46.9167,26.3333
RO,Piteşti,44.85,24.8667
RO,Ploieşti,44.95,26.0167
RO,Râmnicu Vâlcea,45.1,24.3667
RO,Satu Mare,47.7993,22.8625
RO,Sector 1,44.4924,26.0483
RO,Sibiu,45.8,24.15
RO,Suceava,47.6333,26.25
RO,Târgu-Mureş,46.5425,24.5575
RO,Timişoara,45.7537,21.2257
RS,Belgrade,44.804,20.4651
RS,Čačak,43.8914,20.3497
RS,Kragujevac,44.0167,20.9167
RS,Niš,43.3247,21.9033
RS,Novi Sad,45.2517,19.8369
RS,Subotica,46.1,19.6667
RS,Zemun,44.8458,20.4012
RU,Abakan,53.7156,91.4292
RU,Achinsk,56.2694,90.4993
RU,Admiralteisky,59.9084,30.2848
RU,Akademicheskoe,60.0138,30.3947
RU,Al’met’yevsk,54.9044,52.3154
RU,Angarsk,52.5367,103.8864
RU,Arkhangel’sk,64.5401,40.5433
RU,Armavir,44.9892,41.1234
RU,Artëm,43.3595,132.1889
RU,Arzamas,55.3948,43.8399
RU,Astrakhan,46.3497,48.0408
RU,Balakovo,52.0278,47.8007
RU,Balashikha,55.8094,37.9581
RU,Barnaul,53.3606,83.7636
RU,Bataysk,47.1397,39.7518
RU,Belgorod,50.6107,36.5802
RU,Berezniki,59.4091,56.8204
RU,Bibirevo,55.8833,37.6
RU,Biryulëvo,55.5864,37.6778
RU,Biysk,52.5364,85.2072
RU,Blagoveshchensk,50.2796,127.5405
RU,Bogorodskoye,55.8135,37.7162
RU,Brateyevo,55.6375,37.7644
RU,Bratsk,56.1325,101.6142
RU,Bryansk,53.2521,34.3717
RU,Centralniy,59.9311,30.3607
RU,Cheboksary,56.1322,47.2519
RU,Chelyabinsk,55.154,61.4291
RU,Cherëmushki,55.6647,37.5613
RU,Cherepovets,59.1333,37.9
RU,Cherkessk,44.2233,42.0578
RU,Chertanovo Yuzhnoye,55.5907,37.5952
RU,Chita,52.0317,113.5009
RU,Derbent,42.0678,48.2899
RU,Dimitrovgrad,54.2139,49.6184
RU,Dzerzhinsk,56.2414,43.4554
RU,Elektrostal’,55.7896,38.4467
RU,Elista,46.3078,44.2558
RU,Engel’s,51.4839,46.1053
RU,Glazov,58.1393,52.658
RU,Gol’yanovo,55.823,37.8131
RU,Groznyy,43.312,45.6889
RU,Irkutsk,52.2978,104.2964
RU,Ivanovo,56.9972,40.9714
RU,Ivanovskoye,55.7667,37.8333
RU,Izhevsk,56.8498,53.2045
RU,Izmaylovo,55.7868,37.8017
RU,Kaliningrad,54.7065,20.511
RU,Kalininskiy,59.9967,30.3899
RU,Kaluga,54.5293,36.2754
RU,Kamensk-Ural’skiy,56.4185,61.9329
RU,Kamyshin,50.0983,45.416
RU,Kansk,56.2017,95.7175
RU,Kazan,55.7887,49.1221
RU,Kemerovo,55.3333,86.0833
RU,Khabarovsk,48.4827,135.0838
RU,Khabarovsk Vtoroy,48.4378,135.1333
RU,Khasavyurt,43.2509,46.5877
RU,Khimki,55.897,37.4297
RU,Khoroshëvo-Mnevniki,55.7836,37.4714
RU,Kirov,58.5966,49.6601
RU,Kiselëvsk,53.99,86.6621
RU,Kislovodsk,43.9133,42.7208
RU,Kolomna,55.0794,38.7783
RU,Kolpino,59.7507,30.5886
RU,Komsomolsk-on-Amur,50.5503,137.01
RU,Korolev,55.9142,37.8256
RU,Kostroma,57.7665,40.9269
RU,Kovrov,56.3572,41.3192
RU,Krasnodar,45.0448,38.976
RU,Krasnogvargeisky,59.9731,30.4761
RU,Krasnoyarsk,56.0184,92.8672
RU,Kurgan,55.45,65.3333
RU,Kursk,51.7373,36.1874
RU,Kuz’minki,55.7,37.8
RU,Kyzyl,51.7108,94.4534
RU,Leninsk-Kuznetsky,54.6567,86.1737
RU,Lipetsk,52.6031,39.5708
RU,Lyubertsy,55.6772,37.8932
RU,Lyublino,55.6774,37.76
RU,Magnitogorsk,53.4186,59.0472
RU,Makhachkala,42.9764,47.5024
RU,Mar’ino,55.65,37.7167
RU,Maykop,44.6078,40.1058
RU,Mezhdurechensk,53.6942,88.0603
RU,Miass,55.045,60.1083
RU,Moscow,55.7522,37.6156
RU,Murmansk,68.9792,33.0925
RU,Murom,55.575,42.0426
RU,Mytishchi,55.9116,37.7308
RU,Naberezhnyye Chelny,55.7255,52.4112
RU,Nakhodka,42.8138,132.8735
RU,Nal’chik,43.4981,43.6189
RU,Nazran’,43.226,44.7732
RU,Neftekamsk,56.092,54.2661
RU,Nefteyugansk,61.0998,72.6035
RU,Nevinnomyssk,44.6333,41.9444
RU,Nizhnekamsk,55.6366,51.8245
RU,Nizhnevartovsk,60.9344,76.5531
RU,Nizhniy Novgorod,56.3287,44.002
RU,Nizhny Tagil,57.9194,59.965
RU,Noginsk,55.8665,38.4438
RU,Norilsk,69.3535,88.2027
RU,Novo-Peredelkino,55.6453,37.3358
RU,Novocheboksarsk,56.111,47.4776
RU,Novocherkassk,47.421,40.0919
RU,Novokuybyshevsk,53.0959,49.9462
RU,Novokuznetsk,53.7557,87.1099
RU,Novomoskovsk,54.0105,38.2846
RU,Novorossiysk,44.7244,37.7675
RU,Novosibirsk,55.0415,82.9346
RU,Novotroitsk,51.203,58.3267
RU,Novyye Cherëmushki,55.7,37.5833
RU,Novyye Kuz’minki,55.7,37.75
RU,Noyabrsk,63.1931,75.4373
RU,Obninsk,55.0968,36.6101
RU,Ochakovo-Matveyevskoye,55.6843,37.4465
RU,Odintsovo,55.678,37.2777
RU,Oktyabr’skiy,54.4815,53.471
RU,Omsk,54.9924,73.3686
RU,Orekhovo-Borisovo,55.6125,37.7264
RU,Orekhovo-Borisovo Severnoye,55.6167,37.6833
RU,Orekhovo-Zuyevo,55.8067,38.9618
RU,Orël,52.9651,36.0785
RU,Orenburg,51.7727,55.0988
RU,Orsk,51.2049,58.5669
RU,Penza,53.2007,45.0046
RU,Perm,58.0105,56.2502
RU,Pervoural’sk,56.9053,59.9436
RU,Petrogradka,59.9657,30.3115
RU,Petropavlovsk-Kamchatsky,53.0444,158.6508
RU,Petrozavodsk,61.7849,34.3469
RU,Podolsk,55.4242,37.5547
RU,Presnenskiy,55.75,37.55
RU,Prokop’yevsk,53.9059,86.719
RU,Pskov,57.8136,28.3496
RU,Pushkino,56.0172,37.8667
RU,Pyatigorsk,44.0486,43.0594
RU,Ramenki,55.7,37.5
RU,Rostov-na-Donu,47.2313,39.7233
RU,Rubtsovsk,51.5147,81.2061
RU,Ryazan’,54.6269,39.6916
RU,Ryazanskiy,55.7333,37.7667
RU,Rybinsk,58.0446,38.8426
RU,Saint Petersburg,59.9386,30.3141
RU,Salavat,53.3837,55.9077
RU,Samara,53.2001,50.15
RU,Saransk,54.1838,45.1749
RU,Saratov,51.5406,46.0086
RU,Sergiyev Posad,56.3,38.1333
RU,Serpukhov,54.9158,37.4111
RU,Severnyy,55.9358,37.5489
RU,Severodvinsk,64.5635,39.8302
RU,Seversk,56.6006,84.8864
RU,Shakhty,47.7091,40.2144
RU,Shchelkovo,55.925,37.9722
RU,Shchukino,55.8,37.45
RU,Smolensk,54.7818,32.0401
RU,Sochi,43.5992,39.7257
RU,Solikamsk,59.6316,56.7685
RU,Solntsevo,55.6371,37.3811
RU,Staryy Oskol,51.2967,37.8417
RU,Stavropol’,45.0428,41.9734
RU,Sterlitamak,53.6246,55.9502
RU,Strogino,55.8184,37.4122
RU,Surgut,61.25,73.4167
RU,Syktyvkar,61.664,50.815
RU,Syzran’,53.1585,48.4681
RU,Taganrog,47.2362,38.8969
RU,Taganskiy,55.7333,37.6667
RU,Tambov,52.7317,41.4433
RU,Tekstil’shchiki,55.7003,37.7427
RU,Tobol’sk,58.1981,68.2546
RU,Tol’yatti,53.5303,49.3461
RU,Tomsk,56.4977,84.9744
RU,Troparëvo,55.6563,37.485
RU,Tsaritsyno,55.6254,37.6503
RU,Tula,54.1961,37.6182
RU,Tver,56.8584,35.9006
RU,Tyoply Stan,55.6205,37.4934
RU,Tyumen,57.1522,65.5272
RU,Ufa,54.7431,55.9678
RU,Ukhta,63.5671,53.6835
RU,Ulan-Ude,51.8272,107.6063
RU,Ulyanovsk,54.3282,48.3866
RU,Ussuriysk,43.8029,131.9458
RU,Ust’-Ilimsk,58.0006,102.6619
RU,Vasyl'evsky Ostrov,59.9409,30.2538
RU,Velikiy Novgorod,58.5213,31.271
RU,Velikiye Luki,56.34,30.5452
RU,Veshnyaki,55.7239,37.8195
RU,Vladikavkaz,43.0367,44.6678
RU,Vladimir,56.1365,40.3966
RU,Vladivostok,43.1056,131.8735
RU,Volgodonsk,47.5136,42.1514
RU,Volgograd,48.7194,44.5018
RU,Vologda,59.2239,39.884
RU,Volzhskiy,48.7858,44.7797
RU,Voronezh,51.672,39.1843
RU,Vykhino-Zhulebino,55.702,37.8118
RU,Yakutsk,62.0339,129.7331
RU,Yaroslavl,57.6299,39.8737
RU,Yasenevo,55.6069,37.5199
RU,Yekaterinburg,56.8519,60.6122
RU,Yelets,52.6237,38.5017
RU,Yoshkar-Ola,56.6388,47.8908
RU,Yuzhno-Sakhalinsk,46.9541,142.736
RU,Zelenograd,55.9825,37.1814
RU,Zheleznodorozhnyy,55.744,38.0168
RU,Zhulebino,55.7,37.85
RU,Zlatoust,55.1711,59.6508
RU,Zyablikovo,55.6167,37.7667
RU,Zyuzino,55.6561,37.5685
RW,Kigali,-1.95,30.0588
SA,Abha,18.2164,42.5053
SA,Al Hufūf,25.3647,49.5876
SA,Al Jubayl,27.0174,49.6225
SA,Al Kharj,24.1554,47.3346
SA,Al Mubarraz,25.4077,49.5903
SA,Arar,30.9753,41.0381
SA,Buraydah,26.326,43.975
SA,Dammam,26.4344,50.1033
SA,Ha'il,27.5219,41.6907
SA,Hafar Al-Batin,28.4328,45.9708
SA,Jeddah,21.4901,39.1862
SA,Jizan,16.8892,42.5511
SA,Khamis Mushait,18.3,42.7333
SA,Khobar,26.2794,50.2083
SA,Mecca,21.4266,39.8256
SA,Medina,24.4686,39.6142
SA,Najrān,17.4933,44.1277
SA,Qurayyat,31.3318,37.3428
SA,Riyadh,24.6877,46.7219
SA,Sakakah,29.9697,40.2064
SA,Sulţānah,24.4926,39.5857
SA,Ta’if,21.2703,40.4158
SA,Tabuk,28.3998,36.5715
SA,Yanbu,24.0895,38.0618
SD,Ad-Damazin,11.7891,34.3592
SD,Al Manāqil,14.2459,32.9891
SD,Al Qadarif,14.0349,35.3834
SD,An Nuhūd,12.7,28.4333
SD,Atbara,17.7022,33.9864
SD,Ed Damer,17.599,33.9721
SD,El Daein,11.4619,26.1258
SD,El Fasher,13.6279,25.3494
SD,El Obeid,13.1842,30.2167
SD,Geneina,13.4526,22.4473
SD,Gereida,11.2754,25.1403
SD,Kassala,15.451,36.4
SD,Khartoum,15.5518,32.5324
SD,Kosti,13.1629,32.6635
SD,Nyala,12.0489,24.8807
SD,Omdurman,15.6445,32.4777
SD,Port Sudan,19.6175,37.2164
SD,Rabak,13.1809,32.74
SD,Singa,13.1483,33.9312
SD,Sinnar,13.5691,33.5672
SD,Wad Medani,14.4012,33.5199
SE,Gothenburg,57.7072,11.9668
SE,Helsingborg,56.0467,12.6944
SE,Linköping,58.4109,15.6216
SE,Malmö,55.6059,13.0007
SE,Örebro,59.2741,15.2066
SE,Sollentuna,59.428,17.9509
SE,Södermalm,59.3128,18.0758
SE,Stockholm,59.3294,18.0687
SE,Uppsala,59.8588,17.6389
SE,Västerås,59.6162,16.5528
SG,Singapore,1.2897,103.8501
SG,Woodlands,1.438,103.7888
SI,Ljubljana,46.0511,14.5051
SK,Bratislava,48.1482,17.1067
SK,Košice,48.7139,21.2581
SL,Bo,7.9647,-11.7383
SL,Freetown,8.4871,-13.2356
SL,Kenema,7.8769,-11.1903
SN,Dakar,14.6937,-17.4441
SN,Kaolack,14.152,-16.0726
SN,Pikine,14.7646,-17.3907
SN,Saint-Louis,16.0179,-16.4896
SN,Thiès,14.7894,-16.926
SN,Thiès Nones,14.7833,-16.9667
SN,Tiébo,14.6333,-16.2333
SN,Touba,14.85,-15.8833
SN,Ziguinchor,12.568,-16.2733
SO,Baidoa,3.1138,43.6498
SO,Berbera,10.4396,45.0143
SO,Hargeysa,9.56,44.065
SO,Jamaame,0.0697,42.745
SO,Kismayo,-0.3582,42.5454
SO,Marka,1.7159,44.7717
SO,Mogadishu,2.0371,45.3438
SR,Paramaribo,5.8664,-55.1668
SS,Juba,4.8517,31.5825
SS,Malakal,9.5334,31.6605
SS,Wau,7.7011,27.9897
SS,Winejok,9.0122,27.5708
SV,Apopa,13.8072,-89.1792
SV,Mejicanos,13.724,-89.188
SV,San Miguel,13.4833,-88.1833
SV,San Salvador,13.6893,-89.1872
SV,Santa Ana,13.9942,-89.5597
SV,Santa Tecla,13.6769,-89.2797
SV,Soyapango,13.7102,-89.1399
SY,Al Bāb,36.3705,37.5157
SY,Aleppo,36.2012,37.1612
SY,Ar Raqqah,35.9528,39.0079
SY,Damascus,33.5102,36.2913
SY,Deir ez-Zor,35.3359,40.1408
SY,Douma,33.5718,36.4027
SY,Ḩamāh,35.1318,36.7578
SY,Homs,34.7268,36.7234
SY,Idlib,35.9306,36.6339
SY,Latakia,35.5317,35.7901
SZ,Manzini,-26.4988,31.38
TD,Moundou,8.5667,16.0833
TD,N'Djamena,12.1067,15.0444
TD,Sarh,9.1429,18.3923
TG,Kara,9.5511,1.1861
TG,Lomé,6.1287,1.2215
TG,Sokodé,8.9833,1.1333
TH,Bangkok,13.754,100.5014
TH,Chiang Mai,18.7904,98.9847
TH,Chon Buri,13.3622,100.9835
TH,Hat Yai,7.0084,100.4767
TH,Khlong Luang,14.0647,100.6458
TH,Khon Kaen,16.4467,102.833
TH,Lampang,18.2923,99.4928
TH,Mueang Nonthaburi,13.8607,100.5148
TH,Nakhon Pathom,13.8196,100.0443
TH,Nakhon Ratchasima,14.9707,102.102
TH,Nakhon Si Thammarat,8.4333,99.9667
TH,Pak Kret,13.913,100.4988
TH,Phitsanulok,16.8248,100.2586
TH,Phra Pradaeng,13.6585,100.5336
TH,Rayong,12.6809,101.258
TH,Samut Prakan,13.5993,100.5968
TH,Si Racha,13.1737,100.9311
TH,Surat Thani,9.1401,99.3331
TH,Ubon Ratchathani,15.2384,104.8487
TH,Udon Thani,17.4157,102.7859
TJ,Dushanbe,38.5358,68.779
TJ,Khujand,40.2826,69.6222
TL,Dili,-8.5586,125.5736
TM,Ashgabat,37.95,58.3833
TM,Daşoguz,41.8362,59.9666
TM,Mary,37.5938,61.8303
TM,Türkmenabat,39.0733,63.5786
TN,Bizerte,37.2744,9.8739
TN,Gabès,33.8815,10.0982
TN,Kairouan,35.6781,10.0963
TN,Sfax,34.7406,10.7603
TN,Sousse,35.8254,10.637
TN,Tunis,36.819,10.1658
TR,Adana,36.9862,35.3253
TR,Adapazarı,40.7806,30.4033
TR,Adıyaman,37.7644,38.2763
TR,Afyonkarahisar,38.7567,30.5433
TR,Aksaray,38.3725,34.0254
TR,Alanya,36.5438,31.9998
TR,Ankara,39.9199,32.8543
TR,Antakya,36.2066,36.1572
TR,Antalya,36.9081,30.6956
TR,Ataşehir,40.9833,29.1167
TR,Aydın,37.845,27.8396
TR,Bağcılar,41.039,28.8567
TR,Bahçelievler,41.0023,28.8598
TR,Balıkesir,39.6492,27.8861
TR,Bandırma,40.3522,27.9767
TR,Başakşehir,41.0931,28.802
TR,Batikent,39.9683,32.7308
TR,Batman,37.8874,41.1322
TR,Beylikdüzü,40.982,28.6399
TR,Bursa,40.1956,29.0601
TR,Büyükçekmece,41.0207,28.585
TR,Çankaya,39.9179,32.8627
TR,Çorlu,41.1592,27.8
TR,Çorum,40.5489,34.9533
TR,Denizli,37.7742,29.0875
TR,Derince,40.7569,29.8147
TR,Diyarbakır,37.9136,40.2172
TR,Edirne,41.6772,26.556
TR,Elazığ,38.6743,39.2232
TR,Erzincan,39.7392,39.4901
TR,Erzurum,39.9086,41.2769
TR,Esenler,41.0435,28.8762
TR,Esenyurt,41.027,28.6773
TR,Eskişehir,39.7767,30.5206
TR,Gaziantep,37.0594,37.3825
TR,Gebze,40.8028,29.4307
TR,Isparta,37.7644,30.5522
TR,Istanbul,41.0138,28.9497
TR,İnegol,40.0781,29.5133
TR,İskenderun,36.5872,36.1735
TR,İzmir,38.4127,27.1384
TR,İzmit,40.765,29.9293
TR,Kahramanmaraş,37.5847,36.9264
TR,Karabağlar,38.374,27.1352
TR,Karaman,37.1811,33.215
TR,Kayseri,38.7322,35.4853
TR,Kırıkkale,39.8453,33.5064
TR,Kızıltepe,37.1884,40.5772
TR,Konya,37.8713,32.4846
TR,Kütahya,39.4242,29.9833
TR,Malatya,38.3502,38.3167
TR,Maltepe,40.9357,29.1551
TR,Manisa,38.612,27.4265
TR,Merkezefendi,37.8054,29.0424
TR,Mersin,36.812,34.6389
TR,Muratpaşa,36.8916,30.765
TR,Mustafakemalpaşa,40.0382,28.4087
TR,Nazilli,37.9163,28.3223
TR,Ordu,40.9778,37.8905
TR,Osmaniye,37.0742,36.2478
TR,Samsun,41.2798,36.3361
TR,Sancaktepe,41.0024,29.2319
TR,Siirt,37.9293,41.9413
TR,Sivas,39.7483,37.0161
TR,Siverek,37.755,39.3167
TR,Sultanbeyli,40.9607,29.2707
TR,Sultangazi,41.1065,28.8685
TR,Şanlıurfa,37.1671,38.7939
TR,Şişli,41.0605,28.9872
TR,Tarsus,36.9177,34.8928
TR,Tekirdağ,40.9781,27.511
TR,Tokat,40.3139,36.5544
TR,Trabzon,41.005,39.7269
TR,Turgutlu,38.4953,27.6997
TR,Turhal,40.3875,36.0811
TR,Umraniye,41.0164,29.1248
TR,Uşak,38.6735,29.4058
TR,Üsküdar,41.0227,29.0137
TR,Van,38.4946,43.3832
TR,Viranşehir,37.2235,39.7552
TR,Zeytinburnu,40.9944,28.9042
TR,Zonguldak,41.4514,31.7931
TW,Banqiao,25.0143,121.4672
TW,Douliu,23.7094,120.5433
TW,Hsinchu,24.8036,120.9686
TW,Hualien City,23.9769,121.6044
TW,Kaohsiung,22.6163,120.3133
TW,Keelung,25.1283,121.7419
TW,Nantou,23.9157,120.6639
TW,Taichung,24.1469,120.6839
TW,Tainan,22.9908,120.2133
TW,Taipei,25.0478,121.5319
TW,Taitung City,22.7583,121.1444
TW,Taoyuan City,24.9937,121.297
TW,Yuanlin,23.9567,120.5761
TZ,Arusha,-3.3667,36.6833
TZ,Dar es Salaam,-6.8235,39.2695
TZ,Dodoma,-6.1722,35.7395
TZ,Iringa,-7.7667,35.7
TZ,Katumba,-9.2333,33.6167
TZ,Kigoma,-4.8769,29.6267
TZ,Mbeya,-8.9,33.45
TZ,Morogoro,-6.821,37.6612
TZ,Moshi,-3.35,37.3333
TZ,Musoma,-1.5,33.8
TZ,Mwanza,-2.5167,32.9
TZ,Shinyanga,-3.6639,33.4212
TZ,Songea,-10.6833,35.65
TZ,Tabora,-5.0162,32.8266
TZ,Tanga,-5.0689,39.0988
TZ,Zanzibar,-6.1639,39.1979
UA,Alchevs’k,48.4689,38.8167
UA,Berdyansk,46.7664,36.7987
UA,Bila Tserkva,49.8094,30.1121
UA,Cherkasy,49.4285,32.0621
UA,Chernihiv,51.5055,31.2849
UA,Chernivtsi,48.2915,25.9403
UA,Dnipro,48.4593,35.0386
UA,Donetsk,48.023,37.8022
UA,Horlivka,48.3358,38.0532
UA,Ivano-Frankivsk,48.9215,24.7097
UA,Kamianets-Podilskyi,48.6845,26.5856
UA,Kamianske,48.5113,34.6021
UA,Kerch,45.3567,36.4754
UA,Kharkiv,49.9808,36.2527
UA,Kherson,46.6558,32.6178
UA,Khmelnytskyi,49.4216,26.9965
UA,Kramators’k,48.7231,37.5563
UA,Kremenchuk,49.068,33.4204
UA,Kropyvnytskyi,48.5132,32.2597
UA,Kryvyi Rih,47.9097,33.3804
UA,Kyiv,50.4547,30.5238
UA,Luhansk,48.5671,39.3171
UA,Lutsk,50.7593,25.3424
UA,Lviv,49.8383,24.0232
UA,Lysychans’k,48.9049,38.4421
UA,Makiyivka,48.0478,37.9258
UA,Mariupol,47.0951,37.5413
UA,Melitopol,46.8489,35.3653
UA,Mykolayiv,46.9659,31.9974
UA,Nikopol,47.5712,34.3964
UA,Odessa,46.4775,30.7326
UA,Oleksandriya,48.6696,33.1159
UA,Pavlohrad,48.5343,35.871
UA,Poltava,49.5937,34.5407
UA,Rivne,50.6231,26.2274
UA,Sevastopol,44.608,33.5213
UA,Simferopol,44.9572,34.1108
UA,Sloviansk,48.8667,37.6167
UA,Sumy,50.9216,34.8003
UA,Syevyerodonets’k,48.9483,38.4917
UA,Ternopil,49.5534,25.5892
UA,Uzhgorod,48.6167,22.3
UA,Vinnytsia,49.2328,28.481
UA,Yenakiyeve,48.2333,38.2114
UA,Yevpatoriya,45.2009,33.3665
UA,Zaporizhia,47.8229,35.1903
UA,Zhytomyr,50.2649,28.6767
UG,Gulu,2.7746,32.299
UG,Kampala,0.3163,32.5822
UG,Lira,2.2499,32.8999
US,Abilene,32.4487,-99.7331
US,Akron,41.0814,-81.519
US,Albuquerque,35.0845,-106.6511
US,Alexandria,38.8048,-77.0469
US,Alhambra,33.4984,-112.1343
US,Allentown,40.6084,-75.4902
US,Amarillo,35.222,-101.8313
US,Amherst,42.9784,-78.7998
US,Anaheim,33.8353,-117.9145
US,Anchorage,61.2181,-149.9003
US,Ann Arbor,42.2776,-83.7409
US,Antioch,38.0049,-121.8058
US,Arlington,32.7357,-97.1081
US,Arvada,39.8028,-105.0875
US,Astoria,40.7721,-73.9301
US,Athens,33.9609,-83.3779
US,Atlanta,33.749,-84.388
US,Aurora,39.7294,-104.8319
US,Austin,30.2672,-97.7431
US,Bakersfield,35.3733,-119.0187
US,Baltimore,39.2904,-76.6122
US,Baton Rouge,30.4433,-91.1875
US,Beaumont,30.0861,-94.1018
US,Bellevue,47.6104,-122.2007
US,Berkeley,37.8716,-122.2728
US,Billings,45.7833,-108.5007
US,Birmingham,33.5207,-86.8025
US,Boise,43.6135,-116.2035
US,Borough Park,40.634,-73.9968
US,Boston,42.3584,-71.0598
US,Boulder,40.015,-105.2706
US,Brandon,27.9378,-82.2859
US,Bridgeport,41.1792,-73.1894
US,Broken Arrow,36.0526,-95.7908
US,Brooklyn,40.6501,-73.9496
US,Brownsville,25.9017,-97.4975
US,Buffalo,42.8865,-78.8784
US,Burbank,34.1808,-118.309
US,Bushwick,40.6943,-73.9188
US,Cambridge,42.3751,-71.1056
US,Cape Coral,26.5629,-81.9495
US,Carlsbad,33.1581,-117.3506
US,Carrollton,32.9537,-96.8903
US,Cary,35.7915,-78.7811
US,Cedar Rapids,42.0083,-91.6441
US,Centennial,39.5792,-104.8769
US,Chandler,33.3062,-111.8413
US,Charleston,32.7766,-79.9309
US,Charlotte,35.2271,-80.8431
US,Chattanooga,35.0456,-85.3097
US,Chesapeake,36.819,-76.2749
US,Chicago,41.85,-87.65
US,Chinatown,37.7966,-122.4086
US,Chula Vista,32.6401,-117.0842
US,Cincinnati,39.1271,-84.5144
US,Clarksville,36.5298,-87.3594
US,Clearwater,27.9658,-82.8001
US,Cleveland,41.4995,-81.6954
US,Clovis,36.8252,-119.7029
US,College Station,30.628,-96.3344
US,Colorado Springs,38.8339,-104.8214
US,Columbia,34.0007,-81.0348
US,Columbus,39.9612,-82.9988
US,Concord,37.978,-122.0311
US,Coral Springs,26.2712,-80.2706
US,Corona,33.8753,-117.5664
US,Corpus Christi,27.8006,-97.3964
US,Costa Mesa,33.6411,-117.9187
US,Dallas,32.7831,-96.8067
US,Daly City,37.7058,-122.4619
US,Davenport,41.5236,-90.5776
US,Davie,26.0629,-80.2331
US,Dayton,39.7589,-84.1916
US,Deer Valley,33.6839,-112.1349
US,Denton,33.2148,-97.1331
US,Denver,39.7392,-104.9847
US,Des Moines,41.6005,-93.6091
US,Detroit,42.3314,-83.0457
US,Downey,33.94,-118.1326
US,Durham,35.994,-78.8986
US,East Chattanooga,35.0654,-85.2491
US,East Flatbush,40.6537,-73.9304
US,East Hampton,37.0374,-76.3316
US,East Harlem,40.7947,-73.9425
US,East Independence,39.0956,-94.3552
US,East Los Angeles,34.0239,-118.172
US,East New York,40.6668,-73.8824
US,Edison,40.5187,-74.4121
US,El Cajon,32.7948,-116.9625
US,El Monte,34.0686,-118.0276
US,El Paso,31.7587,-106.4869
US,Elgin,42.0373,-88.2812
US,Elizabeth,40.664,-74.2107
US,Elk Grove,38.4088,-121.3716
US,Elmhurst,40.7365,-73.8779
US,Enterprise,36.0252,-115.2419
US,Escondido,33.1192,-117.0864
US,Eugene,44.0521,-123.0867
US,Evansville,37.9748,-87.5559
US,Everett,47.979,-122.2021
US,Fargo,46.8772,-96.7898
US,Fayetteville,35.0527,-78.8784
US,Fontana,34.0922,-117.4351
US,Fort Collins,40.5853,-105.0844
US,Fort Lauderdale,26.1223,-80.1434
US,Fort Wayne,41.1306,-85.1289
US,Fort Worth,32.7254,-97.3208
US,Fremont,37.5483,-121.9886
US,Fresno,36.7477,-119.7724
US,Frisco,33.1507,-96.8236
US,Fullerton,33.8703,-117.9253
US,Gainesville,29.6516,-82.3248
US,Garden Grove,33.7739,-117.9415
US,Garland,32.9126,-96.6389
US,Gilbert,33.3528,-111.789
US,Glendale,33.5386,-112.186
US,Grand Prairie,32.746,-96.9978
US,Grand Rapids,42.9634,-85.6681
US,Gravesend,40.5976,-73.9651
US,Greeley,40.4233,-104.7091
US,Green Bay,44.5192,-88.0198
US,Greensboro,36.0726,-79.792
US,Gresham,45.4982,-122.4315
US,Hampton,37.0299,-76.3452
US,Harlem,40.8079,-73.9454
US,Hartford,41.7637,-72.6851
US,Hayward,37.6688,-122.0808
US,Henderson,36.0397,-114.9819
US,Hialeah,25.8576,-80.2781
US,High Point,35.9557,-80.0053
US,Hillsboro,45.5229,-122.9898
US,Hollywood,34.0983,-118.3267
US,Honolulu,21.3069,-157.8583
US,Houston,29.7633,-95.3633
US,Huntington Beach,33.6603,-117.9992
US,Huntsville,34.7304,-86.5859
US,Independence,39.0911,-94.4155
US,Indianapolis,39.7684,-86.158
US,Inglewood,33.9617,-118.3531
US,Ironville,38.4565,-82.6924
US,Irvine,33.6695,-117.8231
US,Irving,32.814,-96.9489
US,Jackson,32.2988,-90.1848
US,Jacksonville,30.3322,-81.6556
US,Jamaica,40.6915,-73.8057
US,Jersey City,40.7282,-74.0776
US,Joliet,41.5252,-88.0834
US,Kansas City,39.0997,-94.5786
US,Kent,47.3809,-122.2348
US,Killeen,31.1171,-97.7278
US,Knoxville,35.9606,-83.9207
US,Koreatown,34.0578,-118.3009
US,Lafayette,30.2241,-92.0198
US,Lakeland,28.0395,-81.9498
US,Lakewood,39.7047,-105.0814
US,Lancaster,34.698,-118.1367
US,Lansing,42.7325,-84.5555
US,Laredo,27.5064,-99.5075
US,Las Cruces,32.3123,-106.7783
US,Las Vegas,36.175,-115.1372
US,Lewisville,33.0462,-96.9942
US,Lexington,37.9887,-84.4777
US,Lexington-Fayette,38.0498,-84.4586
US,Lincoln,40.8,-96.667
US,Little Rock,34.7465,-92.2896
US,Long Beach,33.767,-118.1892
US,Los Angeles,34.0522,-118.2437
US,Louisville,38.2542,-85.7594
US,Lowell,42.6334,-71.3162
US,Lubbock,33.5779,-101.8552
US,Madison,43.0731,-89.4012
US,Manchester,42.9956,-71.4548
US,Manhattan,40.7834,-73.9663
US,Maryvale,33.502,-112.1776
US,McAllen,26.2034,-98.23
US,McKinney,33.1976,-96.6153
US,Meads,38.4126,-82.7091
US,Memphis,35.1495,-90.049
US,Mesa,33.4223,-111.8226
US,Mesquite,32.7668,-96.5992
US,Metairie,29.9841,-90.1529
US,Metairie Terrace,29.9785,-90.164
US,Miami,25.7743,-80.1937
US,Miami Gardens,25.942,-80.2456
US,Midland,31.9974,-102.0779
US,Milwaukee,43.0389,-87.9065
US,Minneapolis,44.98,-93.2638
US,Miramar,25.9873,-80.2323
US,Mobile,30.6944,-88.043
US,Modesto,37.6391,-120.9969
US,Montgomery,32.3668,-86.3
US,Moreno Valley,33.9375,-117.2306
US,Murfreesboro,35.8456,-86.3903
US,Murrieta,33.5539,-117.2139
US,Naperville,41.7859,-88.1473
US,Nashville,36.1659,-86.7844
US,New Haven,41.3081,-72.9282
US,New Orleans,29.9547,-90.0751
US,New South Memphis,35.0868,-90.0568
US,New York City,40.7143,-74.006
US,Newark,40.7357,-74.1724
US,Newport News,37.0834,-76.4697
US,Norfolk,36.8468,-76.2852
US,Norman,35.2226,-97.4395
US,North Charleston,32.8546,-79.9748
US,North Las Vegas,36.1989,-115.1175
US,North Peoria,40.7175,-89.5843
US,North Stamford,41.1382,-73.5435
US,Norwalk,33.9022,-118.0817
US,Oakland,37.8044,-122.2708
US,Oceanside,33.1959,-117.3795
US,Odessa,31.8457,-102.3676
US,Oklahoma City,35.4676,-97.5164
US,Olathe,38.8814,-94.8191
US,Omaha,41.2563,-95.9404
US,Ontario,34.0633,-117.6509
US,Orange,33.7878,-117.8531
US,Orlando,28.5383,-81.3792
US,Overland Park,38.9822,-94.6708
US,Oxnard,34.1975,-119.177
US,Palm Bay,28.0345,-80.5887
US,Palmdale,34.5794,-118.1165
US,Paradise,36.0972,-115.1467
US,Pasadena,29.6911,-95.2091
US,Paterson,40.9168,-74.1718
US,Pearland,29.5636,-95.2861
US,Pembroke Pines,26.0032,-80.2239
US,Peoria,33.5806,-112.2374
US,Philadelphia,39.9523,-75.1638
US,Phoenix,33.4484,-112.074
US,Pittsburgh,40.4406,-79.9959
US,Plano,33.0198,-96.6989
US,Pomona,34.0553,-117.7523
US,Pompano Beach,26.2379,-80.1248
US,Port Saint Lucie,27.2939,-80.3503
US,Portland,45.5234,-122.6762
US,Providence,41.824,-71.4128
US,Provo,40.2338,-111.6585
US,Pueblo,38.2544,-104.6091
US,Queens,40.6815,-73.8365
US,Raleigh,35.7721,-78.6386
US,Rancho Cucamonga,34.1064,-117.5931
US,Reno,39.5296,-119.8138
US,Renton,47.4829,-122.2171
US,Rialto,34.1064,-117.3703
US,Richardson,32.9482,-96.7297
US,Richmond,37.5538,-77.4603
US,Riverside,33.9534,-117.3962
US,Rochester,43.1548,-77.6156
US,Rockford,42.2711,-89.094
US,Roseville,38.7521,-121.288
US,Round Rock,30.5083,-97.6789
US,Sacramento,38.5816,-121.4944
US,Saint Paul,44.9444,-93.0933
US,Saint Petersburg,27.7709,-82.6793
US,Salem,44.9429,-123.0351
US,Salinas,36.6777,-121.6555
US,Salt Lake City,40.7608,-111.8911
US,San Angelo,31.4638,-100.437
US,San Antonio,29.4241,-98.4936
US,San Bernardino,34.1083,-117.2898
US,San Diego,32.7157,-117.1647
US,San Francisco,37.7749,-122.4194
US,San Jose,37.3394,-121.895
US,San Mateo,37.563,-122.3255
US,Sandy Springs,33.9243,-84.3785
US,Santa Ana,33.7456,-117.8678
US,Santa Clara,37.3541,-121.9552
US,Santa Clarita,34.3917,-118.5426
US,Santa Maria,34.953,-120.4357
US,Santa Rosa,38.4405,-122.7144
US,Savannah,32.0835,-81.0998
US,Scottsdale,33.5092,-111.899
US,Seattle,47.6062,-122.3321
US,Sheepshead Bay,40.5912,-73.9446
US,Shreveport,32.5251,-93.7502
US,Simi Valley,34.2694,-118.7815
US,Sioux Falls,43.55,-96.7003
US,South Bend,41.6834,-86.25
US,South Boston,42.3334,-71.0495
US,Spokane,47.6597,-117.4291
US,Spring Valley,36.108,-115.245
US,Springfield,37.2153,-93.2982
US,St. Louis,38.6273,-90.1979
US,Stamford,41.0534,-73.5387
US,Staten Island,40.5623,-74.1399
US,Sterling Heights,42.5803,-83.0302
US,Stockton,37.9577,-121.2908
US,Sunnyvale,37.3688,-122.0363
US,Sunrise Manor,36.2111,-115.0731
US,Sunset Park,40.6455,-74.0124
US,Surprise,33.6306,-112.3332
US,Syracuse,43.0481,-76.1474
US,Tacoma,47.2529,-122.4443
US,Tallahassee,30.4383,-84.2807
US,Tampa,27.9475,-82.4584
US,Temecula,33.4936,-117.1484
US,Tempe,33.4148,-111.9093
US,Tempe Junction,33.4142,-111.9435
US,The Bronx,40.8499,-73.8664
US,Thornton,39.868,-104.9719
US,Thousand Oaks,34.1706,-118.8376
US,Toledo,41.6639,-83.5552
US,Topeka,39.0483,-95.678
US,Torrance,33.8359,-118.3406
US,Tucson,32.2217,-110.9265
US,Tulsa,36.154,-95.9928
US,Tyler,32.3513,-95.3011
US,Universal City,34.1389,-118.3534
US,Valencia,34.4436,-118.6095
US,Vallejo,38.1041,-122.2566
US,Van Nuys,34.1867,-118.449
US,Vancouver,45.6387,-122.6615
US,Victorville,34.5361,-117.2912
US,Virginia Beach,36.8529,-75.978
US,Visalia,36.3302,-119.2921
US,Vista,33.2,-117.2425
US,Waco,31.5493,-97.1467
US,Warren,42.4904,-83.013
US,Washington Heights,40.8501,-73.9354
US,Washington, D.C.,38.8951,-77.0364
US,Waterbury,41.5581,-73.0515
US,West Covina,34.0686,-117.939
US,West Jordan,40.6097,-111.9391
US,West Palm Beach,26.7153,-80.0534
US,West Raleigh,35.7868,-78.6639
US,West Valley City,40.6916,-112.0011
US,Westminster,39.8366,-105.0372
US,Wichita,37.6922,-97.3375
US,Wichita Falls,33.9137,-98.4934
US,Wilmington,34.2257,-77.9447
US,Winston-Salem,36.0999,-80.2442
US,Worcester,42.2626,-71.8023
US,Yonkers,40.9312,-73.8988
UY,Montevideo,-34.9033,-56.1882
UZ,Andijon,40.7821,72.3442
UZ,Angren,41.0167,70.1436
UZ,Bukhara,39.7747,64.4286
UZ,Chirchiq,41.4689,69.5822
UZ,Fergana,40.3842,71.7843
UZ,Jizzax,40.1234,67.8284
UZ,Marg‘ilon,40.4724,71.7246
UZ,Namangan,40.9983,71.6726
UZ,Navoiy,40.0844,65.3792
UZ,Nukus,42.4531,59.6103
UZ,Olmaliq,40.8447,69.5983
UZ,Qarshi,38.8606,65.7891
UZ,Qo‘qon,40.5286,70.9425
UZ,Samarkand,39.6542,66.9597
UZ,Tashkent,41.2647,69.2163
UZ,Tirmiz,37.2242,67.2783
UZ,Urganch,41.55,60.6333
VE,Acarigua,9.5545,-69.1956
VE,Alto Barinas,8.5931,-70.2261
VE,Anaco,9.4296,-64.4643
VE,Barcelona,10.1363,-64.6862
VE,Barinas,8.6226,-70.2075
VE,Barquisimeto,10.0647,-69.357
VE,Baruta,10.4342,-66.8756
VE,Cabimas,10.3991,-71.4521
VE,Cagua,10.1863,-67.4594
VE,Calabozo,8.9242,-67.4293
VE,Caracas,10.488,-66.8792
VE,Carúpano,10.6652,-63.2539
VE,Catia La Mar,10.6054,-67.0324
VE,Charallave,10.2425,-66.8572
VE,Ciudad Bolívar,8.1292,-63.5409
VE,Ciudad Guayana,8.3512,-62.641
VE,Coro,11.4045,-69.6734
VE,Cúa,10.1624,-66.8825
VE,Cumaná,10.454,-64.1826
VE,Ejido,8.5466,-71.2409
VE,El Limón,10.3059,-67.6321
VE,El Tigre,8.889,-64.2527
VE,Guacara,10.2261,-67.877
VE,Guanare,9.0418,-69.7421
VE,Guarenas,10.4703,-66.6193
VE,Guatire,10.474,-66.5424
VE,Los Teques,10.3445,-67.0433
VE,Maracaibo,10.6666,-71.6124
VE,Maracay,10.2354,-67.5911
VE,Mariara,10.2953,-67.7177
VE,Maturín,9.7457,-63.1832
VE,Mérida,8.5897,-71.1561
VE,Mucumpiz,8.4167,-71.1333
VE,Ocumare del Tuy,10.1182,-66.7751
VE,Palo Negro,10.1739,-67.5419
VE,Petare,10.4768,-66.8079
VE,Puerto Cabello,10.4731,-68.0125
VE,Puerto La Cruz,10.2138,-64.6328
VE,Punto Fijo,11.6915,-70.1992
VE,San Cristóbal,7.7669,-72.225
VE,Santa Teresa del Tuy,10.2329,-66.6647
VE,Turmero,10.2286,-67.4742
VE,Valencia,10.162,-68.0076
VN,Bạc Liêu,9.2941,105.7278
VN,Bảo Lộc,11.548,107.8077
VN,Biên Hòa,10.9447,106.8243
VN,Buôn Ma Thuột,12.6675,108.0378
VN,Cà Mau,9.1768,105.1524
VN,Cẩm Phả Mines,21.0167,107.3
VN,Cam Ranh,11.9214,109.1591
VN,Cần Giuộc,10.6086,106.6714
VN,Cần Thơ,10.0371,105.7883
VN,Ðà Lạt,11.9465,108.4419
VN,Da Nang,16.0678,108.2208
VN,Đưc Trọng,11.7356,108.3733
VN,Hạ Long,20.9505,107.0734
VN,Haiphong,20.8648,106.6834
VN,Hanoi,21.0245,105.8412
VN,Ho Chi Minh City,10.823,106.6296
VN,Hòa Bình,20.8172,105.3376
VN,Huế,16.4619,107.5955
VN,La Gi,10.6599,107.7721
VN,Long Xuyên,10.3864,105.4352
VN,Mỹ Tho,10.36,106.36
VN,Nam Định,20.4339,106.1773
VN,Nha Trang,12.2451,109.1943
VN,Phan Thiết,10.9289,108.1021
VN,Pleiku,13.9833,108
VN,Qui Nhon,13.7765,109.2237
VN,Rạch Giá,10.0124,105.0809
VN,Sa Dec,10.2909,105.7563
VN,Sóc Trăng,9.5999,105.9719
VN,Thái Nguyên,21.5942,105.8482
VN,Thanh Hóa,19.8,105.7667
VN,Thị Xã Phú Mỹ,10.5681,107.13
VN,Vinh,18.6734,105.6923
VN,Vĩnh Long,10.2537,105.9722
VN,Vũng Tàu,10.346,107.0843
VN,Yên Vinh,18.6667,105.6667
XK,Mitrovicë,42.8833,20.8667
XK,Pristina,42.6727,21.1669
XK,Prizren,42.2139,20.7397
YE,Aden,12.7794,45.0367
YE,Al Ḩudaydah,14.7978,42.9545
YE,Dhamār,14.5427,44.4051
YE,Ibb,13.9667,44.1833
YE,Mukalla,14.5425,49.1242
YE,Sanaa,15.3547,44.2067
YE,Ta‘izz,13.5795,44.0209
ZA,Alberton,-26.2679,28.1223
ZA,Benoni,-26.1885,28.3208
ZA,Bethal,-26.4579,29.4655
ZA,Bhisho,-32.8472,27.4422
ZA,Bloemfontein,-29.1211,26.214
ZA,Boksburg,-26.212,28.2596
ZA,Botshabelo,-29.2674,26.726
ZA,Brakpan,-26.2366,28.3694
ZA,Brits,-25.6347,27.7802
ZA,Cape Town,-33.9258,18.4232
ZA,Carletonville,-26.3609,27.3977
ZA,Centurion,-25.8589,28.1858
ZA,Diepsloot,-25.9331,28.0121
ZA,Durban,-29.8579,31.0292
ZA,East London,-33.0153,27.9116
ZA,eMbalenhle,-26.5333,29.0667
ZA,Johannesburg,-26.2023,28.0436
ZA,Kimberley,-28.7323,24.7623
ZA,Klerksdorp,-26.8521,26.6667
ZA,Kroonstad,-27.6504,27.2349
ZA,Krugersdorp,-26.0858,27.7752
ZA,Middelburg,-25.7751,29.4648
ZA,Midrand,-25.9895,28.1284
ZA,Mokopane,-24.1944,29.0097
ZA,Mpumalanga,-29.8129,30.6365
ZA,Nelspruit,-25.4745,30.9703
ZA,Newcastle,-27.758,29.9318
ZA,Nigel,-26.4314,28.4771
ZA,Orkney,-26.9802,26.6727
ZA,Paarl,-33.7338,18.9752
ZA,Phalaborwa,-23.943,31.1411
ZA,Pietermaritzburg,-29.6168,30.3928
ZA,Polokwane,-23.9045,29.4688
ZA,Port Elizabeth,-33.9611,25.6149
ZA,Potchefstroom,-26.7167,27.1
ZA,Pretoria,-25.7449,28.1878
ZA,Queenstown,-31.8976,26.8753
ZA,Randburg,-26.0941,28.0012
ZA,Randfontein,-26.1844,27.702
ZA,Richards Bay,-28.783,32.0377
ZA,Roodepoort,-26.1625,27.8725
ZA,Rustenburg,-25.6676,27.2421
ZA,Soweto,-26.2678,27.8585
ZA,Springs,-26.25,28.4
ZA,Tembisa,-25.9964,28.2268
ZA,Uitenhage,-33.7576,25.3971
ZA,Vanderbijlpark,-26.7117,27.8379
ZA,Vereeniging,-26.6731,27.9261
ZA,Virginia,-28.1039,26.8659
ZA,Vryheid,-27.7695,30.7917
ZA,Welkom,-27.9774,26.7351
ZA,Westonaria,-26.3191,27.6486
ZA,Witbank,-25.8713,29.2332
ZA,Worcester,-33.6465,19.4485
ZM,Chingola,-12.529,27.8838
ZM,Kabwe,-14.4469,28.4464
ZM,Kitwe,-12.8024,28.2132
ZM,Livingstone,-17.8419,25.8543
ZM,Luanshya,-13.1367,28.4166
ZM,Lusaka,-15.4067,28.2871
ZM,Mufulira,-12.5498,28.2407
ZM,Ndola,-12.9587,28.6366
ZW,Bulawayo,-20.15,28.5833
ZW,Chitungwiza,-18.0127,31.0755
ZW,Epworth,-17.89,31.1475
ZW,Gweru,-19.45,29.8167
ZW,Harare,-17.8277,31.0534
ZW,Mutare,-18.9707,32.6709
